bridge_id,zendesk_ticket_id,fieldbeat_task_id,link_method,confidence,task_type,state,priority,description,client_name,assigned_to,created_at,updated_at,start_time,duration_minutes,equipment_internal_ids,used_parts_count,used_part_numbers
1|2526,1,2526,fieldbeat_report_ticket_number,1,CORRECTIVA PROGRAMADA,FINISHED,2,Plantilla Cliente correctiva programada,HOSPITAL EXEQUIEL GONZÁLEZ CORTÉS,acorbea,2024-06-21T14:14:09.520Z,2024-06-21T14:18:32.719Z,2024-06-19T12:30:00.000Z,120,Linac-01,1,completar solo por ingeniero de servicio.
202|2488,202,2488,fieldbeat_report_ticket_number,1,CORRECTIVA NO PROGRAMADA,FINISHED,3,Interlock reportado (Gantry),UC CHRISTUS - SCA,mabreu,2024-05-31T23:21:53.073Z,2024-05-31T23:38:27.440Z,2024-05-31T23:20:00.000Z,120,Linac-109256,0,
48|2348,48,2348,fieldbeat_report_ticket_number,1,CORRECTIVA PROGRAMADA,FINISHED,2,LA PRUEBAS DEL MLC PARA EL AXESSE FALLA EN LOS CONTROLES,UC CHRISTUS - CECA,acorbea,2024-03-06T22:56:34.172Z,2024-03-06T23:09:56.652Z,2024-03-06T20:00:00.000Z,120,Linac-153935,1,
57|2358,57,2358,fieldbeat_report_ticket_number,1,ASISTENCIA REMOTA,FINISHED,2,"Atención por 2t, hump error para 6mv - infinity",UC CHRISTUS - CECA,acorbea,2024-03-12T22:28:33.835Z,2024-03-12T22:35:00.286Z,2024-03-12T22:00:00.000Z,15,Linac-109374,1,
74|2378,74,2378,fieldbeat_report_ticket_number,1,CORRECTIVA PROGRAMADA,FINISHED,2,Optimización de energía 6FFF,UC CHRISTUS - SCA,mabreu,2024-03-22T19:09:38.533Z,2024-03-22T19:17:27.290Z,2024-03-22T19:00:00.000Z,120,Linac-109256,0,
54|1888,54,1888,fieldbeat_report_ticket_number,1,PREVENTIVA PROGRAMADA,FINISHED,2,test de visualización de checklist,ACME,acorbea,2023-03-22T23:14:55.918Z,2023-03-22T23:40:07.552Z,2023-03-22T23:13:00.000Z,240,153038,0,
97|2402,97,2402,fieldbeat_report_ticket_number,1,REQUERIMIENTO DEL CLIENTE,FINISHED,2,Cambionde hora en plataforma Elekta,INRAD,rcammalleri,2024-04-11T14:40:46.156Z,2024-04-11T16:17:43.644Z,2024-04-11T14:05:00.000Z,60,OIS-INRAD|Linac-201172,0,
40|2426,40,2426,fieldbeat_report_ticket_number,1,CORRECTIVA PROGRAMADA,FINISHED,2,Atención de varios casos en Infinity,UC CHRISTUS - CECA,acorbea,2024-04-27T21:47:02.464Z,2024-04-27T23:18:44.102Z,2024-04-27T20:00:00.000Z,120,Linac-109374,1,n/a
297|2558,297,2558,fieldbeat_report_ticket_number,1,CORRECTIVA NO PROGRAMADA,FINISHED,2,equipo no inicia correctamente,SERVICIO DE SALUD DE MAGALLANES,raguila,2024-07-15T17:59:57.051Z,2024-08-14T10:43:44.847Z,2024-07-15T13:00:00.000Z,120,,1,no hay
348|2573,348,2573,fieldbeat_report_ticket_number,1,CORRECTIVA PROGRAMADA,FINISHED,2,"se realiza el cambio de motor, tornillo y nuez del motor Y1-37 ",FUNDACION ARTURO LOPEZ PEREZ,ccarrasquel,2024-07-26T17:47:47.072Z,2024-07-26T18:11:41.996Z,2024-07-26T17:47:00.000Z,120,LINAC-153038,1,1534958
367|2581,367,2581,fieldbeat_report_ticket_number,1,CORRECTIVA PROGRAMADA,FINISHED,2,equipo no enciende,INRAD,ccarrasquel,2024-08-05T13:52:45.114Z,2024-08-05T14:09:05.526Z,2024-08-05T13:50:00.000Z,120,Linac-201172,0,
379|2582,379,2582,fieldbeat_report_ticket_number,1,CORRECTIVA PROGRAMADA,FINISHED,2,Panel XVI no detecta posición,UC CHRISTUS - CECA,ccarrasquel,2024-08-05T20:57:17.769Z,2024-08-06T00:35:00.696Z,2024-08-05T19:41:00.000Z,120,Linac-109374,1,1007099
327|2571,327,2571,fieldbeat_report_ticket_number,1,PREVENTIVA PROGRAMADA,FINISHED,2,Problema con el Panel de XVI con el Gantry en Movimiento,Instituto Nacional del Cáncer (INC),mabreu,2024-07-24T20:29:50.844Z,2024-07-25T01:09:17.893Z,2024-07-24T20:27:00.000Z,240,INC-INFINITY01,1,1007498
327|2572,327,2572,fieldbeat_report_ticket_number,1,CORRECTIVA NO PROGRAMADA,FINISHED,2,Falla intermitente de la posición del Panel XVI,Instituto Nacional del Cáncer (INC),mabreu,2024-07-26T02:06:30.610Z,2024-07-26T02:36:05.357Z,2024-07-26T02:05:00.000Z,120,INC-INFINITY01,2,45133411787|1004818
327|2579,327,2579,fieldbeat_report_ticket_number,1,CORRECTIVA PROGRAMADA,FINISHED,2,Falla intermitente XVI,Instituto Nacional del Cáncer (INC),mabreu,2024-08-01T00:57:22.783Z,2024-08-02T22:12:14.385Z,2024-08-01T00:56:00.000Z,120,INC-INFINITY01,1,1007099
399|2598,399,2598,fieldbeat_report_ticket_number,1,CORRECTIVA PROGRAMADA,FINISHED,2,Ruido en CBCT,SERVICIO DE SALUD DE MAGALLANES,raguila,2024-08-14T10:51:08.779Z,2024-08-14T13:33:44.049Z,2024-08-13T21:00:00.000Z,120,,1,no hay
405|2606,405,2606,fieldbeat_report_ticket_number,1,CORRECTIVA PROGRAMADA,FINISHED,2,ajuste de perfil 10 FFF,UC CHRISTUS - SCA,ccarrasquel,2024-08-16T22:18:34.675Z,2024-08-16T22:24:00.000Z,2024-08-16T22:17:00.000Z,120,Linac-109256,0,
404|2601,404,2601,fieldbeat_report_ticket_number,1,CORRECTIVA PROGRAMADA,FINISHED,2,falla de MLC y imaging module,UC CHRISTUS - CECA,ccarrasquel,2024-08-16T16:19:59.853Z,2024-08-16T17:02:40.026Z,2024-08-16T16:18:00.000Z,120,Linac-109374,2,1550513|1556286
389|2592,389,2592,fieldbeat_report_ticket_number,1,CORRECTIVA NO PROGRAMADA,FINISHED,3,Problemas con el Agility Y1,UC CHRISTUS - CECA,mabreu,2024-08-09T19:34:55.712Z,2024-08-10T00:20:21.785Z,2024-08-09T19:33:00.000Z,120,Linac-109374,3,1517657|1534958|1564298
370|2600,370,2600,fieldbeat_report_ticket_number,1,CORRECTIVA PROGRAMADA,FINISHED,3,Problemas Baja presión de Agua,CLINICA ALEMANA DE SANTIAGO,mabreu,2024-08-15T00:13:26.620Z,2024-08-16T23:06:25.795Z,2024-08-15T00:12:00.000Z,120,Linac-152171,1,1015493
415|2608,415,2608,fieldbeat_report_ticket_number,1,CORRECTIVA PROGRAMADA,FINISHED,2,acelerador no reconoce el inhibit,INRAD,ccarrasquel,2024-08-21T13:43:07.169Z,2024-08-21T13:56:22.504Z,2024-08-21T13:42:00.000Z,120,Linac-201172,0,
393|2619,393,2619,fieldbeat_report_ticket_number,1,PREVENTIVA PROGRAMADA,FINISHED,2,Mantenimiento 6 meses sistemas tps y r&v,SERVICIO DE SALUD DE MAGALLANES,varenas,2024-08-24T16:26:20.243Z,2024-08-24T17:31:02.458Z,2024-08-23T20:00:00.000Z,240,OIS-HCM,1,
427|2632,427,2632,fieldbeat_report_ticket_number,1,CORRECTIVA PROGRAMADA,FINISHED,2,Configuración Último Hombre,UC CHRISTUS - CECA,mabreu,2024-08-30T21:37:24.218Z,2024-08-30T22:51:01.873Z,2024-08-30T21:36:00.000Z,120,Linac-153935,0,
431|2622,431,2622,fieldbeat_report_ticket_number,1,CORRECTIVA PROGRAMADA,FINISHED,2,revisión del sistema de freno longitudinal,UC CHRISTUS - SCA,ccarrasquel,2024-08-29T01:05:30.308Z,2024-08-29T01:24:47.777Z,2024-08-29T01:04:00.000Z,120,Linac-109256,0,
431|2627,431,2627,fieldbeat_report_ticket_number,1,CORRECTIVA PROGRAMADA,FINISHED,2,Problema con el freno Longitudinal de la camilla,UC CHRISTUS - SCA,mabreu,2024-08-30T00:18:15.394Z,2024-08-30T00:52:39.787Z,2024-08-30T00:16:00.000Z,120,Linac-109256,1,45133318990
333|1639,333,1639,fieldbeat_report_ticket_number,1,CORRECTIVA NO PROGRAMADA,FINISHED,2,test de fotos adjunta,EYG MEDICAL SYSTEMS LTDA.,acorbea,2022-09-24T04:12:00.917Z,2022-09-24T04:15:58.341Z,2022-09-24T13:30:00.000Z,120,2286,0,
429|2621,429,2621,fieldbeat_report_ticket_number,1,CORRECTIVA PROGRAMADA,FINISHED,1,Problemas Con bajada de presion de Agua interna del equipo.,CLINICA ALEMANA DE SANTIAGO,mabreu,2024-08-28T00:26:21.589Z,2024-09-03T22:10:56.279Z,2024-08-28T00:25:00.000Z,120,Linac-152171,0,
422|2615,422,2615,fieldbeat_report_ticket_number,1,CORRECTIVA PROGRAMADA,FINISHED,2,desconexion del panel XVI durante CBCT,Instituto Nacional del Cáncer (INC),ccarrasquel,2024-08-23T22:47:48.487Z,2024-08-23T23:06:34.707Z,2024-08-23T22:45:00.000Z,120,INC-INFINITY01,0,
451|2636,451,2636,fieldbeat_report_ticket_number,1,CORRECTIVA NO PROGRAMADA,FINISHED,3,"Revisión de ventilador servidores y UPS con alarma, sospecha de olor a quemado",Instituto Nacional del Cáncer (INC),rcammalleri,2024-09-02T23:03:16.020Z,2024-09-03T11:34:10.189Z,2024-09-02T23:00:00.000Z,120,INC-INFINITY01,0,
456|2645,456,2645,fieldbeat_report_ticket_number,1,REQUERIMIENTO DEL CLIENTE,FINISHED,2,Cambio de hora en Braquiterapia y SEQ Synergy,FUNDACION ARTURO LOPEZ PEREZ,rcammalleri,2024-09-09T11:08:51.539Z,2024-09-09T11:12:55.303Z,2024-09-09T10:00:00.000Z,60,HDR-FT07026|OIS-FALP,0,
468|2649,468,2649,fieldbeat_report_ticket_number,1,CORRECTIVA PROGRAMADA,FINISHED,2,gas pressure versa 2,CLÍNICA LAS CONDES,ccarrasquel,2024-09-10T14:48:38.073Z,2024-09-10T15:31:31.087Z,2024-09-10T14:46:00.000Z,120,CLC-2,0,
467|2650,467,2650,fieldbeat_report_ticket_number,1,CORRECTIVA PROGRAMADA,FINISHED,2,posición gantry versa 01,CLÍNICA LAS CONDES,ccarrasquel,2024-09-10T14:57:43.920Z,2024-09-10T15:32:22.942Z,2024-09-10T14:56:00.000Z,120,CLC-1,0,
438|2641,438,2641,fieldbeat_report_ticket_number,1,CORRECTIVA PROGRAMADA,FINISHED,2,Cambio Pots Gantry y Ajuste Freno UsoRot Camilla,FUNDACION ARTURO LOPEZ PEREZ,mabreu,2024-09-06T01:53:29.568Z,2024-09-07T00:17:25.308Z,2024-09-06T01:52:00.000Z,120,,1,4513316442101T
496|2661,496,2661,fieldbeat_report_ticket_number,1,CORRECTIVA NO PROGRAMADA,FINISHED,2,Interlock Hump Error 6 mv,SERVICIO DE SALUD DE MAGALLANES,raguila,2024-09-25T12:20:27.442Z,2024-10-07T18:13:15.843Z,2024-09-25T11:30:00.000Z,120,,1,N/C
493|2660,493,2660,fieldbeat_report_ticket_number,1,CORRECTIVA NO PROGRAMADA,FINISHED,2,equipo no enciende,SERVICIO DE SALUD DE MAGALLANES,raguila,2024-09-25T12:07:16.212Z,2024-09-25T12:16:48.521Z,2024-09-24T10:30:00.000Z,120,,1,N/C
491|2659,491,2659,fieldbeat_report_ticket_number,1,REQUERIMIENTO DEL CLIENTE,FINISHED,2,instalación de mosaiq en pet ct,UC CHRISTUS - CECA,ssalice,2024-09-24T17:44:54.936Z,2024-09-24T18:01:06.604Z,2024-09-24T17:44:00.000Z,60,,0,
486|2662,486,2662,fieldbeat_report_ticket_number,1,CORRECTIVA PROGRAMADA,FINISHED,2,calibración del Ghosting,UC CHRISTUS - SCA,ccarrasquel,2024-09-25T20:36:13.313Z,2024-09-25T21:35:59.045Z,2024-09-25T20:35:00.000Z,120,Linac-109256,0,
465|2652,465,2652,fieldbeat_report_ticket_number,1,CORRECTIVA NO PROGRAMADA,FINISHED,2,Verificación de posición Frame Hexapod,UC CHRISTUS - SCA,mabreu,2024-09-10T21:09:29.718Z,2024-09-11T03:55:44.743Z,2024-09-10T21:08:00.000Z,120,Linac-109256,0,
8647|2667,8647,2667,fieldbeat_report_ticket_number,1,CORRECTIVA NO PROGRAMADA,FINISHED,2,Problemas de inicio generador,CLINICA ALEMANA DE SANTIAGO,aecheverria,2024-09-30T10:39:48.931Z,2024-09-30T11:35:25.660Z,2024-09-30T10:38:00.000Z,120,Linac-152171,1,
8652|2671,8652,2671,fieldbeat_report_ticket_number,1,CORRECTIVA NO PROGRAMADA,FINISHED,2,PSS sin poder,FUNDACION ARTURO LOPEZ PEREZ,aecheverria,2024-10-02T18:07:01.148Z,2024-10-02T19:23:30.093Z,2024-10-02T18:03:00.000Z,120,LINAC-153038,1,
446|2677,446,2677,fieldbeat_report_ticket_number,1,CORRECTIVA PROGRAMADA,FINISHED,2,Inspeccion de PSS,FUNDACION ARTURO LOPEZ PEREZ,aecheverria,2024-10-07T14:12:37.127Z,2024-10-07T15:02:42.696Z,2024-10-07T14:11:00.000Z,120,LINAC-153038,1,
446|2690,446,2690,fieldbeat_report_ticket_number,1,PREVENTIVA PROGRAMADA,FINISHED,2,MP mesa precise,FUNDACION ARTURO LOPEZ PEREZ,aecheverria,2024-10-16T12:22:36.998Z,2024-10-16T14:20:18.545Z,2024-09-27T17:00:00.000Z,240,LINAC-153038,1,
412|2623,412,2623,fieldbeat_report_ticket_number,1,CORRECTIVA NO PROGRAMADA,FINISHED,2,MLC no parte,UC CHRISTUS - CECA,ccarrasquel,2024-08-29T13:47:43.473Z,2024-08-29T14:32:33.277Z,2024-08-29T13:47:00.000Z,120,Linac-109374,0,
412|2634,412,2634,fieldbeat_report_ticket_number,1,CORRECTIVA PROGRAMADA,FINISHED,2,cambio de la fuente de poder del agility,UC CHRISTUS - CECA,ccarrasquel,2024-08-30T21:49:26.332Z,2024-08-30T22:27:04.275Z,2024-08-30T21:47:00.000Z,120,Linac-109374,1,1536279
412|2637,412,2637,fieldbeat_report_ticket_number,1,CORRECTIVA PROGRAMADA,FINISHED,2,Cambio de Fan de las LIB MOTOR DRIVE,UC CHRISTUS - CECA,mabreu,2024-09-03T12:05:36.264Z,2024-10-07T15:01:42.156Z,2024-09-03T12:03:00.000Z,120,Linac-109374,2,1518682|1556287
412|2675,412,2675,fieldbeat_report_ticket_number,1,CORRECTIVA PROGRAMADA,FINISHED,3,Problemaa intermitente en el Agility,UC CHRISTUS - CECA,mabreu,2024-10-04T19:44:01.256Z,2024-10-05T12:57:16.862Z,2024-10-04T19:42:00.000Z,120,Linac-109374,11,1538489|1527044|1015075|1547675|1022592|1015076|45133326854|1532758|1022593|1556287|1505938
8667|2686,8667,2686,fieldbeat_report_ticket_number,1,CORRECTIVA NO PROGRAMADA,FINISHED,3,BOTONERA MESA SUELTO/ Table Clutch,HOSPITAL CARLOS VAN BUREN (SSVSA),jecheverria,2024-10-11T21:00:16.382Z,2024-10-11T22:34:13.690Z,2024-10-11T20:58:00.000Z,120,,1,
8667|2694,8667,2694,fieldbeat_report_ticket_number,1,CORRECTIVA PROGRAMADA,FINISHED,2,Cambio de botonera camilla lado B,HOSPITAL CARLOS VAN BUREN (SSVSA),jecheverria,2024-10-17T10:24:49.773Z,2024-10-17T11:55:24.098Z,2024-10-17T10:22:00.000Z,120,,1,1024545
8663|2681,8663,2681,fieldbeat_report_ticket_number,1,CORRECTIVA PROGRAMADA,FINISHED,2,Problemas con el 2R,UC CHRISTUS - SCA,mabreu,2024-10-10T19:49:14.120Z,2024-10-11T00:10:28.548Z,2024-10-10T19:48:00.000Z,120,Linac-109256,0,
497|2668,497,2668,fieldbeat_report_ticket_number,1,CORRECTIVA NO PROGRAMADA,FINISHED,3,Falla HT no Irradia o irradia intermitente.,Instituto Nacional del Cáncer (INC),mabreu,2024-10-01T17:41:30.585Z,2024-10-02T03:18:14.171Z,2024-10-01T17:37:00.000Z,120,INC-156473,9,1516753|351372700256|1020850|351372406262|1568178|45133165177|1022378|1018874|1535662
8666|2680,8666,2680,fieldbeat_report_ticket_number,1,CORRECTIVA NO PROGRAMADA,FINISHED,2,falla en elbposicionamienro del tubo de rayos x,Instituto Nacional del Cáncer (INC),ccarrasquel,2024-10-10T16:27:56.576Z,2024-10-10T16:36:59.501Z,2024-10-10T16:27:00.000Z,120,INC-156473,0,
8678|2691,8678,2691,fieldbeat_report_ticket_number,1,CORRECTIVA PROGRAMADA,FINISHED,2,falla en el MLC,Instituto Nacional del Cáncer (INC),ccarrasquel,2024-10-16T13:20:47.902Z,2024-10-16T13:34:42.022Z,2024-10-16T13:19:00.000Z,120,INC-156473,1,1534958
8673|2689,8673,2689,fieldbeat_report_ticket_number,1,CORRECTIVA PROGRAMADA,FINISHED,2,inhibit gantry 2 demand,UC CHRISTUS - CECA,ccarrasquel,2024-10-15T14:09:35.069Z,2024-10-15T14:37:12.769Z,2024-10-15T14:08:00.000Z,120,Linac-109374,0,
8691|2697,8691,2697,fieldbeat_report_ticket_number,1,,FINISHED,3,axesse no inicia,UC CHRISTUS - CECA,ccarrasquel,2024-10-21T13:59:55.630Z,2024-10-21T14:20:27.572Z,2024-10-21T13:57:00.000Z,,Linac-153935,1,1516727
8733|2730,8733,2730,fieldbeat_report_ticket_number,1,CORRECTIVA PROGRAMADA,FINISHED,2,falla sonido retorno bunker,SERVICIO DE SALUD DE MAGALLANES,raguila,2024-11-14T13:15:38.854Z,2024-11-14T13:23:27.465Z,2024-11-13T19:10:00.000Z,120,,1,no aplica
8739|2728,8739,2728,fieldbeat_report_ticket_number,1,CORRECTIVA PROGRAMADA,FINISHED,2,"se realiza la calibración por software de la posición S, L, M del XVI ",FUNDACION ARTURO LOPEZ PEREZ,ccarrasquel,2024-11-13T20:28:22.232Z,2024-11-13T20:35:17.551Z,2024-11-13T20:27:00.000Z,120,LINAC-153038,0,
8742|2727,8742,2727,fieldbeat_report_ticket_number,1,CORRECTIVA NO PROGRAMADA,FINISHED,3,Problemas con el sistema de refrigeración interna del equipo.,FUNDACION ARTURO LOPEZ PEREZ,mabreu,2024-11-13T18:26:37.324Z,2024-11-18T14:58:29.127Z,2024-11-13T18:25:00.000Z,120,LINAC-153038,0,
490|2685,490,2685,fieldbeat_report_ticket_number,1,REQUERIMIENTO DEL CLIENTE,FINISHED,2,revisión de fuente de energía sistema Clarity,UC CHRISTUS - SCA,ssalice,2024-10-11T20:48:26.850Z,2024-10-11T20:54:51.137Z,2024-10-11T20:47:00.000Z,60,,0,
490|2923,490,2923,fieldbeat_report_ticket_number,1,REQUERIMIENTO DEL CLIENTE,FINISHED,2,cambio de kvm int/ext de clarity ultrasound,UC CHRISTUS - SCA,ssalice,2025-03-04T20:34:24.227Z,2025-03-04T22:35:50.765Z,2025-03-04T19:00:00.000Z,60,Linac-109256,0,
8772|2753,8772,2753,fieldbeat_report_ticket_number,1,ASISTENCIA REMOTA,FINISHED,2,"se realiza el reset al contador de regustro del panel Iview GT, el cual lo solicitaba al iniciar el aplicativo.",Instituto Nacional del Cáncer (INC),ccarrasquel,2024-11-27T00:08:35.225Z,2024-11-27T00:15:37.855Z,2024-11-27T00:07:00.000Z,15,INC-156473,0,
8749|2729,8749,2729,fieldbeat_report_ticket_number,1,CORRECTIVA PROGRAMADA,FINISHED,2,"reporte de desconexion del xvi, falla del 2T ctrl ",Instituto Nacional del Cáncer (INC),ccarrasquel,2024-11-13T21:48:04.341Z,2024-11-14T00:16:06.067Z,2024-11-13T21:46:00.000Z,120,INC-156473,0,
8749|2731,8749,2731,fieldbeat_report_ticket_number,1,CORRECTIVA PROGRAMADA,FINISHED,2,"se realiza la sustitucion de los microswitch de la posición del tubo de rayos X,  y verificación de la activación ",Instituto Nacional del Cáncer (INC),ccarrasquel,2024-11-14T21:36:07.470Z,2024-11-14T22:34:48.569Z,2024-11-14T21:35:00.000Z,120,INC-156473,1,1014474
8777|2754,8777,2754,fieldbeat_report_ticket_number,1,CORRECTIVA NO PROGRAMADA,FINISHED,2,Gantry Demand HHC1 inhibits,UC CHRISTUS - SCA,jecheverria,2024-11-27T15:10:23.220Z,2024-11-27T15:30:31.444Z,2024-11-27T13:30:00.000Z,120,Linac-109256,1,1541744
8762|2761,8762,2761,fieldbeat_report_ticket_number,1,PREVENTIVA PROGRAMADA,FINISHED,2,se realiza mantenimiento preventivo correspondiente a calendario,FUNDACION ARTURO LOPEZ PEREZ,ccarrasquel,2024-11-28T18:54:29.597Z,2024-11-29T12:21:35.800Z,2024-11-28T18:53:00.000Z,240,LINAC-153038,0,
8768|2740,8768,2740,fieldbeat_report_ticket_number,1,CORRECTIVA NO PROGRAMADA,FINISHED,3,Equipo se apaga durante calentamiento del Tubo Rayos X,FUNDACION ARTURO LOPEZ PEREZ,jecheverria,2024-11-22T13:28:42.294Z,2024-11-22T13:35:55.384Z,2024-11-22T13:27:00.000Z,120,,0,
8792|2768,8792,2768,fieldbeat_report_ticket_number,1,CORRECTIVA NO PROGRAMADA,FINISHED,2,Encendido del Acelerador,SERVICIO DE SALUD DE MAGALLANES,raguila,2024-12-04T12:00:13.663Z,2024-12-19T19:47:11.370Z,2024-12-03T11:57:00.000Z,120,,1,no
8784|2766,8784,2766,fieldbeat_report_ticket_number,1,REQUERIMIENTO DEL CLIENTE,FINISHED,2,falla en servidor mosaiq,CLÍNICA LAS CONDES,ssalice,2024-12-02T13:01:19.764Z,2024-12-02T13:30:05.116Z,2024-12-02T13:00:00.000Z,60,CLC-2|CLC-1,0,
8800|2778,8800,2778,fieldbeat_report_ticket_number,1,CORRECTIVA NO PROGRAMADA,FINISHED,3,Visita técnica TRM,CLÍNICA LAS CONDES,rcammalleri,2024-12-09T20:08:24.339Z,2024-12-09T20:29:53.835Z,2024-12-09T19:00:00.000Z,120,CLC-1,0,
8788|2776,8788,2776,fieldbeat_report_ticket_number,1,CORRECTIVA PROGRAMADA,FINISHED,3,"verificacion, calibración y pruebas de funcionamiento del sistema agility ",CLINICA ALEMANA DE SANTIAGO,ccarrasquel,2024-12-07T22:44:10.657Z,2024-12-08T01:34:50.900Z,2024-12-07T22:43:00.000Z,120,Linac-152171,4,1564298|1564169|1517657|1534958
8770|2758,8770,2758,fieldbeat_report_ticket_number,1,CORRECTIVA PROGRAMADA,FINISHED,2,Iview-C detector no cierra,INRAD,jecheverria,2024-11-28T16:58:41.754Z,2024-11-28T17:10:00.128Z,2024-11-28T16:00:00.000Z,120,,0,
8820|2793,8820,2793,fieldbeat_report_ticket_number,1,CORRECTIVA NO PROGRAMADA,FINISHED,2,"Falla filamento corto de Tubo RX , No inicia Cone Beam",CLINICA ALEMANA DE SANTIAGO,jecheverria,2024-12-17T17:15:18.899Z,2024-12-17T17:39:45.067Z,2024-12-17T13:10:00.000Z,120,Linac-152171,0,
8820|2796,8820,2796,fieldbeat_report_ticket_number,1,CORRECTIVA NO PROGRAMADA,FINISHED,3,Cambio de tubo Rx Acelerador lineal.,CLINICA ALEMANA DE SANTIAGO,jecheverria,2024-12-22T22:54:01.582Z,2024-12-23T11:25:09.503Z,2024-12-21T11:00:00.000Z,120,Linac-152171,1,45133502026
8812|2788,8812,2788,fieldbeat_report_ticket_number,1,ASISTENCIA REMOTA,FINISHED,2,falla intermitente 2T,Instituto Nacional del Cáncer (INC),ccarrasquel,2024-12-13T21:37:28.714Z,2024-12-13T21:47:19.551Z,2024-12-13T21:33:00.000Z,15,INC-156473,0,
8825|2804,8825,2804,fieldbeat_report_ticket_number,1,CORRECTIVA PROGRAMADA,FINISHED,2,velocidad giro del gantry y 2T ctrl,Instituto Nacional del Cáncer (INC),ccarrasquel,2024-12-26T22:36:41.489Z,2024-12-27T03:35:08.987Z,2024-12-26T22:35:00.000Z,120,INC-156473,2,1541718|45133302612
8825|2806,8825,2806,fieldbeat_report_ticket_number,1,CORRECTIVA PROGRAMADA,FINISHED,2,inhibit - 2T Ctrl,Instituto Nacional del Cáncer (INC),aecheverria,2024-12-30T21:33:28.356Z,2024-12-30T22:25:39.284Z,2024-12-30T21:32:00.000Z,120,INC-156473,1,
8835|2807,8835,2807,fieldbeat_report_ticket_number,1,CORRECTIVA PROGRAMADA,FINISHED,2,falla MLC axesse,UC CHRISTUS - CECA,ccarrasquel,2024-12-30T21:53:38.985Z,2024-12-31T03:12:57.809Z,2024-12-30T21:52:00.000Z,120,Linac-153935,2,1565768|1564361
8741|2801,8741,2801,fieldbeat_report_ticket_number,1,PREVENTIVA PROGRAMADA,FINISHED,2,Cambio de fuente de Co60 y mantención Preventiva de Flexitron FT07026,FUNDACION ARTURO LOPEZ PEREZ,glopez,2024-12-23T18:44:25.278Z,2025-01-24T19:43:10.489Z,2024-12-23T18:39:00.000Z,240,HDR-FT07026,0,
8894|2843,8894,2843,fieldbeat_report_ticket_number,1,CORRECTIVA NO PROGRAMADA,FINISHED,3,Asistencia remota -320V,UC CHRISTUS - SCA,mabreu,2025-01-23T13:08:54.134Z,2025-01-23T13:11:55.923Z,2025-01-23T13:08:00.000Z,120,Linac-109256,0,
8866|2842,8866,2842,fieldbeat_report_ticket_number,1,CORRECTIVA PROGRAMADA,FINISHED,2,Problemas con -320V y luz del Visor azul,UC CHRISTUS - SCA,mabreu,2025-01-22T20:37:31.534Z,2025-01-23T01:06:34.540Z,2025-01-22T20:35:00.000Z,120,Linac-109256,1,821321900359
8861|2827,8861,2827,fieldbeat_report_ticket_number,1,CORRECTIVA PROGRAMADA,FINISHED,2,"iso mecánica de la mesa, fuera de rango ",UC CHRISTUS - SCA,ccarrasquel,2025-01-14T21:32:43.075Z,2025-01-15T23:11:17.208Z,2025-01-14T21:28:00.000Z,120,Linac-109256,0,
8752|2732,8752,2732,fieldbeat_report_ticket_number,1,CORRECTIVA PROGRAMADA,FINISHED,2,integrity versa HD 2 no enciende,CLÍNICA LAS CONDES,ccarrasquel,2024-11-15T16:00:45.293Z,2024-11-15T16:14:00.490Z,2024-11-15T15:59:00.000Z,120,CLC-2,0,
8888|2860,8888,2860,fieldbeat_report_ticket_number,1,REQUERIMIENTO DEL CLIENTE,FINISHED,2,"mantenimiento rack ccp, iview, xvi y ccp",UC CHRISTUS - SCA,ssalice,2025-01-28T20:08:02.466Z,2025-01-28T20:16:13.547Z,2025-01-28T20:06:00.000Z,60,,0,
8911|2863,8911,2863,fieldbeat_report_ticket_number,1,CORRECTIVA NO PROGRAMADA,FINISHED,3,Falla de inicio PC iView,Instituto Nacional del Cáncer (INC),rcammalleri,2025-01-30T15:15:38.333Z,2025-01-30T15:22:34.861Z,2025-01-30T13:00:00.000Z,120,INC-156473,0,
8878|2838,8878,2838,fieldbeat_report_ticket_number,1,ASISTENCIA REMOTA,FINISHED,2,Mantenimiento Chiller y cambio de válvula de relleno.,HOSPITAL CARLOS VAN BUREN (SSVSA),jecheverria,2025-01-20T11:53:53.813Z,2025-01-20T12:05:18.712Z,2025-01-18T13:30:00.000Z,15,Linac-154325,0,
8928|2875,8928,2875,fieldbeat_report_ticket_number,1,CORRECTIVA PROGRAMADA,FINISHED,2,mesa baja de estado a closed,FUNDACION ARTURO LOPEZ PEREZ,ccarrasquel,2025-02-06T20:48:18.484Z,2025-02-07T01:57:25.577Z,2025-02-06T20:44:00.000Z,120,LINAC-153038,0,
8912|2868,8912,2868,fieldbeat_report_ticket_number,1,,FINISHED,2,Grupo LED apagado,FUNDACION ARTURO LOPEZ PEREZ,ccarrasquel,2025-02-03T20:03:44.831Z,2025-02-04T02:46:05.417Z,2025-02-03T20:00:00.000Z,15,LINAC-153038,1,1547237
8916|2865,8916,2865,fieldbeat_report_ticket_number,1,CORRECTIVA NO PROGRAMADA,FINISHED,2,inhibit - Leaf missing,UC CHRISTUS - SCA,aecheverria,2025-01-31T18:03:38.769Z,2025-01-31T18:19:46.030Z,2025-01-31T16:30:00.000Z,120,Linac-109256,2,1534958|157657
8927|2870,8927,2870,fieldbeat_report_ticket_number,1,CORRECTIVA PROGRAMADA,FINISHED,2,mirar quebrado,UC CHRISTUS - CECA,ccarrasquel,2025-02-05T00:39:10.491Z,2025-02-05T11:50:24.897Z,2025-02-05T00:37:00.000Z,120,Linac-153935,1,1010848
8884|2872,8884,2872,fieldbeat_report_ticket_number,1,CORRECTIVA PROGRAMADA,FINISHED,2,falla MLC axesse,UC CHRISTUS - CECA,ccarrasquel,2025-02-05T21:12:23.504Z,2025-02-06T11:16:45.292Z,2025-02-05T21:09:00.000Z,120,Linac-153935,6,1556287|1024939|1547237|1018559|1564298|1556292
8867|2880,8867,2880,fieldbeat_report_ticket_number,1,CORRECTIVA PROGRAMADA,FINISHED,2,cambio de telemetro y uso de la manivela,UC CHRISTUS - SCA,ccarrasquel,2025-02-12T20:31:58.766Z,2025-02-12T21:05:11.930Z,2025-02-12T20:30:00.000Z,120,Linac-109256,1,1502613
8973|2909,8973,2909,fieldbeat_report_ticket_number,1,REQUERIMIENTO DEL CLIENTE,FINISHED,2,revision servidor mosaiq y monaco,Instituto Nacional del Cáncer (INC),ssalice,2025-02-26T13:47:11.949Z,2025-02-26T14:10:49.124Z,2025-02-26T13:46:00.000Z,60,,0,
8975|2908,8975,2908,fieldbeat_report_ticket_number,1,CORRECTIVA NO PROGRAMADA,FINISHED,2,"Inhibit - Fault 33, Falla de comunicacion XVI",Instituto Nacional del Cáncer (INC),aecheverria,2025-02-26T13:24:25.685Z,2025-02-26T13:55:41.547Z,2025-02-26T13:22:00.000Z,120,INC-156473,1,
8967|2904,8967,2904,fieldbeat_report_ticket_number,1,CORRECTIVA PROGRAMADA,FINISHED,2,Hanldheld 1 desconexion al iniciar equipo,Instituto Nacional del Cáncer (INC),aecheverria,2025-02-24T21:14:44.494Z,2025-02-24T21:24:52.734Z,2025-02-24T21:11:00.000Z,120,INC-156473,1,45133308730
8855|2821,8855,2821,fieldbeat_report_ticket_number,1,CORRECTIVA NO PROGRAMADA,FINISHED,3,Error Bending Magnet,FUNDACION ARTURO LOPEZ PEREZ,jecheverria,2025-01-09T18:15:22.360Z,2025-01-13T21:20:19.222Z,2025-01-09T18:12:00.000Z,120,,0,
8855|2824,8855,2824,fieldbeat_report_ticket_number,1,CORRECTIVA PROGRAMADA,FINISHED,2,Error Bending Mag V,FUNDACION ARTURO LOPEZ PEREZ,ccarrasquel,2025-01-13T20:54:33.771Z,2025-01-13T22:42:03.435Z,2025-01-13T20:53:00.000Z,120,LINAC-153038,3,1005032|1511862|1005033
8855|2828,8855,2828,fieldbeat_report_ticket_number,1,CORRECTIVA NO PROGRAMADA,FINISHED,2,Falla intermitente Focus 2/Mag,FUNDACION ARTURO LOPEZ PEREZ,mabreu,2025-01-14T21:59:31.577Z,2025-01-15T01:06:04.408Z,2025-01-14T21:58:00.000Z,120,LINAC-153038,0,
8855|2829,8855,2829,fieldbeat_report_ticket_number,1,CORRECTIVA NO PROGRAMADA,FINISHED,3,Error bending Magne V,FUNDACION ARTURO LOPEZ PEREZ,jecheverria,2025-01-15T18:47:25.938Z,2025-01-15T19:58:52.217Z,2025-01-11T10:30:00.000Z,120,,0,
8855|2830,8855,2830,fieldbeat_report_ticket_number,1,CORRECTIVA PROGRAMADA,FINISHED,2,"se realiza inspección del sistema de LV PSU del área 13, se encontró un elemento SKRC 440-2 en corto se procedió a realizar el cambio, también se realizo el cambio de la bobina L1 del sistema de alimentación de la bobina del beanding ",FUNDACION ARTURO LOPEZ PEREZ,ccarrasquel,2025-01-15T23:12:15.424Z,2025-01-17T00:11:45.044Z,2025-01-15T23:11:00.000Z,120,LINAC-153038,0,
8855|2833,8855,2833,fieldbeat_report_ticket_number,1,CORRECTIVA PROGRAMADA,FINISHED,2,"se continúa con la intervención del linac, se revisa el sistema de cerrado de puerta y se pude a cliente calibrar el cierre automático, puerta operativa, se encuentra un swich de puerta interna dañada, se realiza su reparación quedando operativa, se realizan pruebas de disparo simulando paciente, se realiza optimizacion del gun, la falla aparece de forma intermitente, se realizan medidas en vivo con la falla, se le pide al cliente instalar un analizador de red en la salida del estabilizador ",FUNDACION ARTURO LOPEZ PEREZ,ccarrasquel,2025-01-17T00:12:18.919Z,2025-01-17T02:29:30.641Z,2025-01-17T00:11:00.000Z,120,LINAC-153038,0,
8855|2836,8855,2836,fieldbeat_report_ticket_number,1,CORRECTIVA PROGRAMADA,FINISHED,2,error beading mag V,FUNDACION ARTURO LOPEZ PEREZ,ccarrasquel,2025-01-17T21:49:37.453Z,2025-01-17T23:02:16.561Z,2025-01-17T21:46:00.000Z,120,LINAC-153038,0,
8855|2839,8855,2839,fieldbeat_report_ticket_number,1,CORRECTIVA PROGRAMADA,FINISHED,2,Error Beading Mag,FUNDACION ARTURO LOPEZ PEREZ,ccarrasquel,2025-01-20T21:55:37.008Z,2025-01-20T22:31:11.424Z,2025-01-20T21:54:00.000Z,120,LINAC-153038,2,351372700257X|1010256
8855|2840,8855,2840,fieldbeat_report_ticket_number,1,CORRECTIVA NO PROGRAMADA,FINISHED,3,Problema de Bending Mag y Focus,FUNDACION ARTURO LOPEZ PEREZ,mabreu,2025-01-22T00:04:02.576Z,2025-01-22T01:26:01.202Z,2025-01-22T00:03:00.000Z,120,LINAC-153038,1,821321900373
8855|2841,8855,2841,fieldbeat_report_ticket_number,1,CORRECTIVA PROGRAMADA,FINISHED,2,error bending mag,FUNDACION ARTURO LOPEZ PEREZ,ccarrasquel,2025-01-22T20:22:55.171Z,2025-01-23T12:40:06.235Z,2025-01-22T20:21:00.000Z,120,LINAC-153038,0,
8855|2845,8855,2845,fieldbeat_report_ticket_number,1,CORRECTIVA PROGRAMADA,FINISHED,2,error bending mag V,FUNDACION ARTURO LOPEZ PEREZ,ccarrasquel,2025-01-23T21:51:51.918Z,2025-01-23T22:44:42.864Z,2025-01-23T21:50:00.000Z,120,LINAC-153038,0,
8980|2914,8980,2914,fieldbeat_report_ticket_number,1,CORRECTIVA NO PROGRAMADA,FINISHED,3,Problemas en el MLC,Instituto Nacional del Cáncer (INC),mabreu,2025-02-28T13:07:48.257Z,2025-03-05T17:40:44.722Z,2025-02-28T13:05:00.000Z,120,INC-156473,1,1534958
8980|2921,8980,2921,fieldbeat_report_ticket_number,1,CORRECTIVA NO PROGRAMADA,FINISHED,2,Inhibit - MLC not ready,Instituto Nacional del Cáncer (INC),aecheverria,2025-03-04T15:28:56.437Z,2025-03-04T15:39:10.575Z,2025-03-04T15:27:00.000Z,120,INC-156473,1,1534958
8995|2932,8995,2932,fieldbeat_report_ticket_number,1,PREVENTIVA PROGRAMADA,FINISHED,2,Mantenimiento preventivo 6 meses TI,SERVICIO DE SALUD DE MAGALLANES,varenas,2025-03-13T23:02:51.383Z,2025-03-14T19:02:59.881Z,2025-03-13T18:00:00.000Z,240,OIS-HCM|TPS-HCM,1,
8991|2951,8991,2951,fieldbeat_report_ticket_number,1,PREVENTIVA PROGRAMADA,FINISHED,2,Mantenimiento Preventivo LINAC,FUNDACION ARTURO LOPEZ PEREZ,mabreu,2025-03-21T19:24:06.451Z,2025-03-24T15:44:32.970Z,2025-03-21T19:21:00.000Z,240,LINAC-153038,1,1564281
9015|2931,9015,2931,fieldbeat_report_ticket_number,1,CORRECTIVA PROGRAMADA,FINISHED,2,lámina trabada,Instituto Nacional del Cáncer (INC),ccarrasquel,2025-03-13T15:44:30.537Z,2025-03-13T16:27:57.285Z,2025-03-13T15:43:00.000Z,120,INC-156473,1,1534958
9055|2957,9055,2957,fieldbeat_report_ticket_number,1,CORRECTIVA PROGRAMADA,FINISHED,2,Vacío de Target,UC CHRISTUS - SCA,ccarrasquel,2025-03-25T20:34:20.142Z,2025-03-25T20:49:24.579Z,2025-03-25T20:33:00.000Z,120,Linac-109256,1,1527814
8953|2892,8953,2892,fieldbeat_report_ticket_number,1,REQUERIMIENTO DEL CLIENTE,FINISHED,2,desintalacion pc lasers en scanner,CLINICA ALEMANA DE SANTIAGO,ssalice,2025-02-20T13:14:52.598Z,2025-02-20T13:17:59.829Z,2025-02-20T12:30:00.000Z,60,,0,
9081|2975,9081,2975,fieldbeat_report_ticket_number,1,REQUERIMIENTO DEL CLIENTE,FINISHED,2,Cambio de hora en Synergy,FUNDACION ARTURO LOPEZ PEREZ,rcammalleri,2025-04-04T20:45:47.296Z,2025-04-04T20:52:16.688Z,2025-04-04T20:00:00.000Z,60,LINAC-153038,0,
8895|2990,8895,2990,fieldbeat_report_ticket_number,1,CORRECTIVA PROGRAMADA,FINISHED,2,"se realiza la recepción, desintalación, instalación y  calibración de Generador, tubo y cambio de repuestos ( Board Xim y FKP botonera) del Linac del HCM para resolver la anomalía existente en el XVI.",SERVICIO DE SALUD DE MAGALLANES,raguila,2025-04-11T17:29:13.278Z,2025-04-11T18:02:18.000Z,2025-04-03T21:00:00.000Z,120,,4,1548845|1539682|1550513|1505856
9092|2973,9092,2973,fieldbeat_report_ticket_number,1,CORRECTIVA NO PROGRAMADA,FINISHED,3,"Suragility presenta problemas con XVI, no es posible hacer cone beam.",CLINICA ALEMANA DE SANTIAGO,jecheverria,2025-04-03T20:17:33.879Z,2025-04-03T20:24:29.476Z,2025-04-03T13:30:00.000Z,120,Linac-152171,0,
9072|2980,9072,2980,fieldbeat_report_ticket_number,1,CORRECTIVA PROGRAMADA,FINISHED,2,trabajos de vacio por ventana rota y contaminación de guía de onda,Instituto Nacional del Cáncer (INC),ccarrasquel,2025-04-06T01:35:40.833Z,2025-04-10T19:35:52.214Z,2025-04-06T01:34:00.000Z,120,INC-156473,4,1522567|261308039505|1515219|1515098
9126|3001,9126,3001,fieldbeat_report_ticket_number,1,CORRECTIVA PROGRAMADA,FINISHED,2,leaf 8 missing MLC,Instituto Nacional del Cáncer (INC),ccarrasquel,2025-04-16T12:48:12.190Z,2025-04-16T13:33:10.626Z,2025-04-16T12:46:00.000Z,120,INC-156473,0,
9130|3006,9130,3006,fieldbeat_report_ticket_number,1,CORRECTIVA PROGRAMADA,FINISHED,2,target check con 18 MV,UC CHRISTUS - CECA,ccarrasquel,2025-04-17T13:22:38.292Z,2025-04-17T13:31:12.853Z,2025-04-17T13:21:00.000Z,120,Linac-153935,0,
9018|2956,9018,2956,fieldbeat_report_ticket_number,1,CORRECTIVA PROGRAMADA,FINISHED,2,corrimiento de iso rotación de camilla,UC CHRISTUS - CECA,ccarrasquel,2025-03-25T18:28:38.568Z,2025-03-25T19:10:27.148Z,2025-03-25T18:26:00.000Z,120,Linac-153935,0,
9018|3000,9018,3000,fieldbeat_report_ticket_number,1,CORRECTIVA PROGRAMADA,FINISHED,2,verificacion de ISO - ROT de camilla en axesse,UC CHRISTUS - CECA,ccarrasquel,2025-04-15T22:23:57.542Z,2025-04-16T00:31:54.809Z,2025-04-15T22:20:00.000Z,120,Linac-153935,0,
9139|3017,9139,3017,fieldbeat_report_ticket_number,1,CORRECTIVA NO PROGRAMADA,FINISHED,2,falla camilla,Instituto Nacional del Cáncer (INC),ccarrasquel,2025-04-22T23:11:49.504Z,2025-04-22T23:29:54.456Z,2025-04-22T23:10:00.000Z,120,INC-156473,0,
8832|2808,8832,2808,fieldbeat_report_ticket_number,1,CORRECTIVA PROGRAMADA,FINISHED,2,interlock target check,UC CHRISTUS - CECA,ccarrasquel,2024-12-30T22:22:56.034Z,2024-12-31T03:13:09.231Z,2024-12-30T22:21:00.000Z,120,Linac-153935,0,
8832|2822,8832,2822,fieldbeat_report_ticket_number,1,CORRECTIVA PROGRAMADA,FINISHED,2,interlock target check,UC CHRISTUS - CECA,ccarrasquel,2025-01-10T22:09:18.106Z,2025-01-11T00:00:04.741Z,2025-01-10T22:07:00.000Z,120,Linac-153935,0,
8832|2879,8832,2879,fieldbeat_report_ticket_number,1,CORRECTIVA PROGRAMADA,FINISHED,2,interlock target check,UC CHRISTUS - CECA,ccarrasquel,2025-02-08T06:09:36.252Z,2025-02-08T06:42:17.195Z,2025-02-08T06:08:00.000Z,120,Linac-153935,0,
8832|2988,8832,2988,fieldbeat_report_ticket_number,1,CORRECTIVA PROGRAMADA,FINISHED,2,Cambio Flightube Driver,UC CHRISTUS - CECA,mabreu,2025-04-10T19:37:06.001Z,2025-04-11T22:52:22.842Z,2025-04-10T19:23:00.000Z,120,Linac-153935,4,1010848|1522567|1538261|1515098
9145|3021,9145,3021,fieldbeat_report_ticket_number,1,CORRECTIVA NO PROGRAMADA,FINISHED,2,falla movimiento vertical de la camilla,Instituto Nacional del Cáncer (INC),ccarrasquel,2025-04-24T18:25:33.895Z,2025-04-24T18:41:35.847Z,2025-04-24T18:24:00.000Z,120,INC-156473,1,1018265
9156|3029,9156,3029,fieldbeat_report_ticket_number,1,CORRECTIVA NO PROGRAMADA,FINISHED,2,Problemas XVI inmovilizado,Instituto Nacional del Cáncer (INC),mabreu,2025-04-28T14:35:42.337Z,2025-04-28T16:19:18.804Z,2025-04-28T14:34:00.000Z,120,INC-156473,0,
9167|3031,9167,3031,fieldbeat_report_ticket_number,1,CORRECTIVA NO PROGRAMADA,FINISHED,2,LCD Dose Monitor Battery Backup,CLÍNICA LAS CONDES,aecheverria,2025-04-30T15:07:28.683Z,2025-04-30T16:01:29.362Z,2025-04-30T14:00:00.000Z,120,CLC-2,1,1528403
9147|3026,9147,3026,fieldbeat_report_ticket_number,1,CORRECTIVA PROGRAMADA,FINISHED,2,coincidencia con el haz radiactivo y el haz de imagen (flexmap),Instituto Nacional del Cáncer (INC),ccarrasquel,2025-04-25T23:42:25.694Z,2025-04-26T02:00:52.640Z,2025-04-25T23:37:00.000Z,120,INC-156473,0,
9203|3053,9203,3053,fieldbeat_report_ticket_number,1,CORRECTIVA NO PROGRAMADA,FINISHED,2,Problemas con el movimiento Lateral de la camilla.,Instituto Nacional del Cáncer (INC),mabreu,2025-05-15T14:56:01.463Z,2025-05-15T20:26:52.696Z,2025-05-15T14:55:00.000Z,120,INC-156473,0,
9178|3041,9178,3041,fieldbeat_report_ticket_number,1,CORRECTIVA PROGRAMADA,FINISHED,2,"ajuste de energía 6MV, 6FFF y 9mev ",UC CHRISTUS - CECA,ccarrasquel,2025-05-07T16:17:28.968Z,2025-05-07T17:49:00.068Z,2025-05-07T16:16:00.000Z,120,Linac-153935,0,
9178|3049,9178,3049,fieldbeat_report_ticket_number,1,CORRECTIVA PROGRAMADA,FINISHED,2,ajuste de energía 6FFF,UC CHRISTUS - CECA,ccarrasquel,2025-05-09T16:43:01.783Z,2025-05-09T16:53:37.376Z,2025-05-09T16:42:00.000Z,120,Linac-153935,0,
9218|3078,9218,3078,fieldbeat_report_ticket_number,1,CORRECTIVA PROGRAMADA,FINISHED,2,Problemas de presión de agua.,CLINICA ALEMANA DE SANTIAGO,mabreu,2025-05-24T14:43:32.932Z,2025-05-25T00:25:04.998Z,2025-05-24T14:42:00.000Z,120,Linac-152171,0,
9219|3075,9219,3075,fieldbeat_report_ticket_number,1,,FINISHED,3,falla en MLC,FUNDACION ARTURO LOPEZ PEREZ,ccarrasquel,2025-05-22T14:51:10.772Z,2025-05-22T15:38:40.059Z,2025-05-22T14:50:00.000Z,15,LINAC-153038,1,1534958
9063|2963,9063,2963,fieldbeat_report_ticket_number,1,CORRECTIVA PROGRAMADA,FINISHED,2,Falla MLC,FUNDACION ARTURO LOPEZ PEREZ,ccarrasquel,2025-03-27T14:23:38.237Z,2025-03-27T15:42:44.447Z,2025-03-27T14:21:00.000Z,120,LINAC-153038,3,1015076|1015075|1527044
9222|3080,9222,3080,fieldbeat_report_ticket_number,1,CORRECTIVA NO PROGRAMADA,FINISHED,2,Inhibit - Target check,UC CHRISTUS - CECA,aecheverria,2025-05-26T18:35:13.660Z,2025-05-26T19:07:31.130Z,2025-05-26T18:32:00.000Z,120,Linac-109374,1,
9176|3038,9176,3038,fieldbeat_report_ticket_number,1,CORRECTIVA NO PROGRAMADA,FINISHED,2,Problemas en el movimiento Z de la camilla,Instituto Nacional del Cáncer (INC),mabreu,2025-05-05T19:23:15.561Z,2025-05-05T19:56:09.352Z,2025-05-05T19:19:00.000Z,120,INC-156473,0,
9176|3040,9176,3040,fieldbeat_report_ticket_number,1,CORRECTIVA NO PROGRAMADA,FINISHED,2,Problema de Movimiento Z de la camilla equipo detenido.,Instituto Nacional del Cáncer (INC),mabreu,2025-05-07T14:28:16.395Z,2025-05-07T16:00:47.722Z,2025-05-07T14:26:00.000Z,120,INC-156473,0,
9176|3091,9176,3091,fieldbeat_report_ticket_number,1,CORRECTIVA PROGRAMADA,FINISHED,2,Problemas Movimiento Vertical,Instituto Nacional del Cáncer (INC),mabreu,2025-05-30T22:25:38.190Z,2025-06-02T13:18:33.388Z,2025-05-30T22:21:00.000Z,120,INC-156473,1,1552668
9244|3102,9244,3102,fieldbeat_report_ticket_number,1,CORRECTIVA NO PROGRAMADA,FINISHED,2,Movimiento Vertical del couch bloqueado,UC CHRISTUS - SCA,aecheverria,2025-06-05T19:06:01.757Z,2025-06-05T23:30:08.032Z,2025-06-05T19:05:00.000Z,120,Linac-109256,1,1572991
9267|3126,9267,3126,fieldbeat_report_ticket_number,1,CORRECTIVA PROGRAMADA,FINISHED,2,falla de agility clc1,CLÍNICA LAS CONDES,ccarrasquel,2025-06-16T23:39:31.657Z,2025-06-17T16:24:13.953Z,2025-06-16T23:38:00.000Z,120,CLC-1,1,1564169
9262|3123,9262,3123,fieldbeat_report_ticket_number,1,CORRECTIVA PROGRAMADA,FINISHED,2,falla de MLC,CLÍNICA LAS CONDES,ccarrasquel,2025-06-12T21:09:36.606Z,2025-06-13T13:18:18.427Z,2025-06-12T21:07:00.000Z,120,CLC-1,1,1564298
9277|3133,9277,3133,fieldbeat_report_ticket_number,1,CORRECTIVA NO PROGRAMADA,FINISHED,2,Falla magnetron interlock 212 M.fil.Vmon,CLÍNICA LAS CONDES,aecheverria,2025-06-23T17:39:07.099Z,2025-06-23T18:50:30.630Z,2025-06-23T17:37:00.000Z,120,CLC-1,1,
9273|3134,9273,3134,fieldbeat_report_ticket_number,1,CORRECTIVA PROGRAMADA,FINISHED,2,cambio de filamento fino a filamento grueso,CLÍNICA LAS CONDES,ccarrasquel,2025-06-23T18:29:02.513Z,2025-06-23T19:01:25.000Z,2025-06-23T18:26:00.000Z,120,CLC-1,0,
9269|3136,9269,3136,fieldbeat_report_ticket_number,1,REQUERIMIENTO DEL CLIENTE,FINISHED,2,configuracion de tablet laseres,CLINICA ALEMANA DE SANTIAGO,ssalice,2025-06-24T20:57:05.794Z,2025-06-24T21:01:04.584Z,2025-06-24T20:55:00.000Z,60,,0,
9282|3141,9282,3141,fieldbeat_report_ticket_number,1,CORRECTIVA PROGRAMADA,FINISHED,2,Problemas de sonido microfono bidireccional,Instituto Nacional del Cáncer (INC),aecheverria,2025-06-27T15:39:18.642Z,2025-06-27T17:54:56.319Z,2025-06-26T16:30:00.000Z,120,INC-156473,1,
9314|3188,9314,3188,fieldbeat_report_ticket_number,1,CORRECTIVA NO PROGRAMADA,FINISHED,2,Paciente Orina en equipo,Instituto Nacional del Cáncer (INC),aecheverria,2025-07-17T15:55:30.980Z,2025-07-17T16:34:09.969Z,2025-07-01T21:30:00.000Z,120,INC-156473,1,
9173|3036,9173,3036,fieldbeat_report_ticket_number,1,REQUERIMIENTO DEL CLIENTE,FINISHED,2,Verificacion de Flexmaps,UC CHRISTUS - SCA,aecheverria,2025-05-02T20:57:25.363Z,2025-05-02T21:11:11.863Z,2025-05-02T19:30:00.000Z,60,Linac-109256,1,
9173|3057,9173,3057,fieldbeat_report_ticket_number,1,CORRECTIVA PROGRAMADA,FINISHED,2,Inspección de la ISO rotación de la Camilla,UC CHRISTUS - SCA,mabreu,2025-05-16T22:17:37.499Z,2025-05-17T04:25:02.373Z,2025-05-16T22:16:00.000Z,120,Linac-109256,0,
9173|3137,9173,3137,fieldbeat_report_ticket_number,1,CORRECTIVA PROGRAMADA,FINISHED,2,Verificacion Panel iView,UC CHRISTUS - SCA,aecheverria,2025-06-24T23:11:17.836Z,2025-06-25T00:42:07.006Z,2025-06-24T23:10:00.000Z,120,Linac-109256,1,
9248|3117,9248,3117,fieldbeat_report_ticket_number,1,CORRECTIVA NO PROGRAMADA,FINISHED,3,Problemas de Target Check,UC CHRISTUS - CECA,mabreu,2025-06-09T16:23:05.485Z,2025-06-09T19:25:58.736Z,2025-06-09T16:22:00.000Z,120,Linac-109374,0,
9307|3151,9307,3151,fieldbeat_report_ticket_number,1,CORRECTIVA NO PROGRAMADA,FINISHED,3,Problemas con la Imagen del MLC,CLINICA ALEMANA DE SANTIAGO,mabreu,2025-07-01T22:46:39.863Z,2025-07-08T19:55:39.838Z,2025-07-01T22:42:00.000Z,120,Linac-152171,1,1564361
9308|3165,9308,3165,fieldbeat_report_ticket_number,1,CORRECTIVA PROGRAMADA,FINISHED,2,Ajuste de los laseres del linac,FUNDACION ARTURO LOPEZ PEREZ,ccarrasquel,2025-07-08T19:57:04.906Z,2025-07-09T00:49:13.088Z,2025-07-08T19:56:00.000Z,120,,0,
9297|3142,9297,3142,fieldbeat_report_ticket_number,1,CORRECTIVA PROGRAMADA,FINISHED,2,Problemas de correlacion mov.long,Instituto Nacional del Cáncer (INC),aecheverria,2025-06-27T17:36:31.323Z,2025-06-27T17:54:25.299Z,2025-06-27T16:30:00.000Z,120,INC-156473,1,
9211|3169,9211,3169,fieldbeat_report_ticket_number,1,CORRECTIVA PROGRAMADA,FINISHED,2,Revisión de 6MV Hump error Optimización,UC CHRISTUS - CECA,mabreu,2025-07-09T21:24:12.516Z,2025-07-14T12:38:05.173Z,2025-07-09T21:23:00.000Z,120,Linac-109374,0,
9328|3166,9328,3166,fieldbeat_report_ticket_number,1,CORRECTIVA PROGRAMADA,FINISHED,2,aplicacion del fco mandatorio por elekta para XVI e iView GT,FUNDACION ARTURO LOPEZ PEREZ,ccarrasquel,2025-07-08T20:04:06.975Z,2025-07-09T00:49:06.676Z,2025-07-08T20:02:00.000Z,120,LINAC-153038,0,
9288|3140,9288,3140,fieldbeat_report_ticket_number,1,CORRECTIVA NO PROGRAMADA,FINISHED,3,Problemas Mylar,CLÍNICA LAS CONDES,mabreu,2025-06-25T23:27:42.748Z,2025-08-12T21:01:12.334Z,2025-06-25T23:27:00.000Z,120,CLC-1,1,1010848
9348|3183,9348,3183,fieldbeat_report_ticket_number,1,REQUERIMIENTO DEL CLIENTE,FINISHED,2,Verificación de instalación de Mosaiq y office en estación Mosaiq,SERVICIO DE SALUD DE MAGALLANES,varenas,2025-07-14T15:16:05.183Z,2025-07-14T16:34:43.713Z,2025-07-14T12:00:00.000Z,60,OIS-HCM,0,
9365|3193,9365,3193,fieldbeat_report_ticket_number,1,CORRECTIVA NO PROGRAMADA,FINISHED,2,problema camilla equipo infinity,Instituto Nacional del Cáncer (INC),ccarrasquel,2025-07-18T18:53:31.617Z,2025-07-18T19:50:31.640Z,2025-07-18T18:51:00.000Z,120,INC-156473,1,1023592
9361|3190,9361,3190,fieldbeat_report_ticket_number,1,CORRECTIVA NO PROGRAMADA,FINISHED,2,Falla gantry - Gantry stop,Instituto Nacional del Cáncer (INC),aecheverria,2025-07-17T16:17:15.811Z,2025-07-17T16:40:38.890Z,2025-07-17T16:16:00.000Z,120,INC-156473,2,451362610003J|1541718
9261|3171,9261,3171,fieldbeat_report_ticket_number,1,CORRECTIVA PROGRAMADA,FINISHED,2,inhibit - Table clutch,UC CHRISTUS - SCA,aecheverria,2025-07-09T22:56:09.341Z,2025-07-09T23:43:01.178Z,2025-07-09T22:55:00.000Z,120,Linac-109256,1,
8993|2926,8993,2926,fieldbeat_report_ticket_number,1,CORRECTIVA NO PROGRAMADA,FINISHED,2,Revision UPS CCP,Instituto Nacional del Cáncer (INC),aecheverria,2025-03-06T23:01:35.604Z,2025-03-07T00:05:59.099Z,2025-03-06T23:00:00.000Z,120,INC-156473,1,
9356|3194,9356,3194,fieldbeat_report_ticket_number,1,PREVENTIVA PROGRAMADA,FINISHED,2,Mantenimiento Iview y XVI,FUNDACION ARTURO LOPEZ PEREZ,mabreu,2025-07-18T20:19:00.201Z,2025-07-21T12:06:17.265Z,2025-07-18T20:15:00.000Z,240,LINAC-153038,0,
9364|3214,9364,3214,fieldbeat_report_ticket_number,1,CORRECTIVA PROGRAMADA,FINISHED,2,Prueba de frotis de fuente de Flexitron de Co60 - tarea zendesk,FUNDACION ARTURO LOPEZ PEREZ,glopez,2025-07-29T20:55:42.099Z,2025-07-29T21:31:46.129Z,2025-07-29T19:00:00.000Z,120,,1,
9403|3220,9403,3220,fieldbeat_report_ticket_number,1,CORRECTIVA NO PROGRAMADA,FINISHED,2,Problemas XVI con Versa HD,CLINICA ALEMANA DE SANTIAGO,aecheverria,2025-08-01T15:35:29.546Z,2025-08-01T15:57:59.115Z,2025-08-01T15:32:00.000Z,120,Linac-109496,1,
9153|3086,9153,3086,fieldbeat_report_ticket_number,1,INSTALACION - INTEGRACION,FINISHED,2,Restauración de iViewGT cabinet mk2,FUNDACION ARTURO LOPEZ PEREZ,rcammalleri,2025-05-29T00:11:02.503Z,2025-05-29T00:21:18.551Z,2025-05-28T20:00:00.000Z,240,LINAC-153038,1,
9153|3113,9153,3113,fieldbeat_report_ticket_number,1,REQUERIMIENTO DEL CLIENTE,FINISHED,2,activacion de licencia iview falp,FUNDACION ARTURO LOPEZ PEREZ,ssalice,2025-06-07T00:50:36.550Z,2025-06-07T01:41:16.983Z,2025-06-06T19:30:00.000Z,60,,0,
9153|3195,9153,3195,fieldbeat_report_ticket_number,1,REQUERIMIENTO DEL CLIENTE,FINISHED,2,instalacion pc iview y calibracion de panel,FUNDACION ARTURO LOPEZ PEREZ,ssalice,2025-07-18T20:35:53.067Z,2025-07-18T21:00:09.120Z,2025-07-18T20:34:00.000Z,60,,0,
9285|3237,9285,3237,fieldbeat_report_ticket_number,1,CORRECTIVA NO PROGRAMADA,FINISHED,2,RECUPERACION COMPACT POST INUNDACION,CLÍNICA SANATORIO ALEMÁN (ONCORAD),ebecker,2025-08-08T17:58:57.677Z,2025-08-14T15:24:05.727Z,2025-06-16T12:30:00.000Z,120,Linac-201110,1,45133317853
9157|3046,9157,3046,fieldbeat_report_ticket_number,1,CORRECTIVA PROGRAMADA,FINISHED,2,interlock Press Gas,UC CHRISTUS - CECA,ccarrasquel,2025-05-08T21:16:06.506Z,2025-05-08T21:53:20.067Z,2025-05-08T21:14:00.000Z,120,Linac-109374,0,
9157|3164,9157,3164,fieldbeat_report_ticket_number,1,CORRECTIVA PROGRAMADA,FINISHED,3,Acompañamiento medición y reposición de SF6,UC CHRISTUS - CECA,mabreu,2025-07-08T00:25:41.820Z,2025-07-08T00:49:23.342Z,2025-07-08T00:24:00.000Z,120,Linac-109374,0,
9451|3253,9451,3253,fieldbeat_report_ticket_number,1,CORRECTIVA NO PROGRAMADA,FINISHED,2,intermitencia de operacion del suragility,CLINICA ALEMANA DE SANTIAGO,aecheverria,2025-08-19T15:48:56.911Z,2025-08-19T16:06:44.905Z,2025-08-19T14:00:00.000Z,120,Linac-152171,1,1022378
9444|3262,9444,3262,fieldbeat_report_ticket_number,1,CORRECTIVA PROGRAMADA,FINISHED,2,"Dose rate mon 6 mv, 6FFF y 2R para 6 mv",UC CHRISTUS - SCA,aecheverria,2025-08-21T21:23:16.836Z,2025-08-21T21:30:54.962Z,2025-08-21T19:30:00.000Z,120,Linac-109256,1,
9376|3203,9376,3203,fieldbeat_report_ticket_number,1,CORRECTIVA NO PROGRAMADA,FINISHED,3,Restauración de equipo mosaiq dra Duran,SERVICIO DE SALUD DE MAGALLANES,varenas,2025-07-25T01:21:30.051Z,2025-07-25T01:28:39.131Z,2025-07-22T16:00:00.000Z,120,OIS-HCM,0,
9410|3227,9410,3227,fieldbeat_report_ticket_number,1,CORRECTIVA NO PROGRAMADA,FINISHED,3,Falla en CL02,Instituto Nacional del Cáncer (INC),ccarrasquel,2025-08-04T19:56:48.877Z,2025-08-04T20:18:27.858Z,2025-08-04T19:54:00.000Z,120,INC-156473,0,
9410|3228,9410,3228,fieldbeat_report_ticket_number,1,CORRECTIVA PROGRAMADA,FINISHED,3,cambio del contator del XVI,Instituto Nacional del Cáncer (INC),ccarrasquel,2025-08-05T20:25:12.482Z,2025-08-05T21:15:34.345Z,2025-08-05T20:24:00.000Z,120,INC-156473,1,SHA12-369
9142|3087,9142,3087,fieldbeat_report_ticket_number,1,REQUERIMIENTO DEL CLIENTE,FINISHED,2,"reorganizacion de cables compac Inrad

",INRAD,ssalice,2025-05-29T17:22:41.753Z,2025-05-29T19:52:43.818Z,2025-05-29T17:20:00.000Z,60,,0,
9530|3302,9530,3302,fieldbeat_report_ticket_number,1,CORRECTIVA NO PROGRAMADA,FINISHED,3,Problemas Brazo XVI,UC CHRISTUS - CECA,mabreu,2025-09-22T20:01:57.240Z,2025-09-26T19:59:00.561Z,2025-09-22T20:01:00.000Z,120,Linac-109374,0,
8736|2739,8736,2739,fieldbeat_report_ticket_number,1,REQUERIMIENTO DEL CLIENTE,FINISHED,2,diagnostico error suncheck,CLÍNICA LAS CONDES,ssalice,2024-11-21T14:35:59.202Z,2024-11-21T15:18:13.658Z,2024-11-21T14:34:00.000Z,60,CLC-2,0,
9544|3307,9544,3307,fieldbeat_report_ticket_number,1,CORRECTIVA PROGRAMADA,FINISHED,3,MLC Agility láminas trabadas,RADIO ONCOLOGÍA DEL SUR,mreyes,2025-09-26T16:26:09.538Z,2025-09-26T16:49:42.020Z,2025-09-26T11:00:00.000Z,120,,1,1534958
9531|3304,9531,3304,fieldbeat_report_ticket_number,1,CORRECTIVA PROGRAMADA,FINISHED,2,Interlock M. Fil Ctrl durante tratamiento energía 10 MV,SERVICIO DE SALUD DE MAGALLANES,raguila,2025-09-24T13:00:13.689Z,2025-09-24T20:18:43.981Z,2025-09-23T19:30:00.000Z,120,Linac-109452,0,
9498|3310,9498,3310,fieldbeat_report_ticket_number,1,CORRECTIVA NO PROGRAMADA,FINISHED,2,Interlock 2R en Energía 10FFF,SERVICIO DE SALUD DE MAGALLANES,raguila,2025-09-29T18:14:08.040Z,2025-09-29T18:40:20.779Z,2025-09-26T17:30:00.000Z,120,,0,
9556|3312,9556,3312,fieldbeat_report_ticket_number,1,REQUERIMIENTO DEL CLIENTE,FINISHED,2,Ajuste de lasers,INRAD,aecheverria,2025-10-01T17:35:01.932Z,2025-10-01T17:39:24.707Z,2025-10-01T17:33:00.000Z,60,Linac-201172,1,
9569|3322,9569,3322,fieldbeat_report_ticket_number,1,CORRECTIVA PROGRAMADA,FINISHED,2,Ghosting Calibration - XVI,UC CHRISTUS - SCA,jbustamante,2025-10-09T21:33:03.155Z,2025-10-09T23:41:07.751Z,2025-10-09T20:00:00.000Z,120,Linac-109256,0,
9568|3323,9568,3323,fieldbeat_report_ticket_number,1,CORRECTIVA PROGRAMADA,FINISHED,2,Sonido en el Cabezal,UC CHRISTUS - SCA,jbustamante,2025-10-09T21:40:03.652Z,2025-10-09T23:40:57.617Z,2025-10-09T20:00:00.000Z,120,Linac-109256,0,
9555|3311,9555,3311,fieldbeat_report_ticket_number,1,CORRECTIVA NO PROGRAMADA,FINISHED,3,Problemas en movimiento Z camilla Precise,HOSPITAL CARLOS VAN BUREN (SSVSA),mabreu,2025-10-01T15:37:00.258Z,2025-10-10T00:11:14.075Z,2025-10-01T15:35:00.000Z,120,Linac-154325,1,1572991
9555|3313,9555,3313,fieldbeat_report_ticket_number,1,CORRECTIVA NO PROGRAMADA,FINISHED,3,Problemas Camilla movimiento Z,HOSPITAL CARLOS VAN BUREN (SSVSA),mabreu,2025-10-01T20:49:22.609Z,2025-10-10T00:11:23.357Z,2025-10-01T20:48:00.000Z,120,Linac-154325,0,
9590|3341,9590,3341,fieldbeat_report_ticket_number,1,CORRECTIVA NO PROGRAMADA,FINISHED,2,Derrame de fluido sobre Gantry,SERVICIO DE SALUD DE MAGALLANES,raguila,2025-10-14T17:44:30.887Z,2025-10-14T18:39:13.995Z,2025-10-14T14:15:00.000Z,120,Linac-109452,1,0
9476|3331,9476,3331,fieldbeat_report_ticket_number,1,CORRECTIVA PROGRAMADA,FINISHED,2,Mantenimiento Correctivo Camilla Precise Eje Longitudinal.,SERVICIO DE SALUD DE MAGALLANES,raguila,2025-10-13T13:18:04.294Z,2025-10-13T18:09:57.008Z,2025-10-10T18:30:00.000Z,120,Linac-109452,1,1531853
9607|3352,9607,3352,fieldbeat_report_ticket_number,1,CORRECTIVA PROGRAMADA,FINISHED,2,Optimizacion de Gun 6 y 6FFF,UC CHRISTUS - CECA,mabreu,2025-10-21T21:28:46.942Z,2025-10-23T12:14:19.539Z,2025-10-21T21:28:00.000Z,120,Linac-109374,0,
9616|3353,9616,3353,fieldbeat_report_ticket_number,1,CORRECTIVA NO PROGRAMADA,FINISHED,2,Problemas Tablet Clutch,CLINICA ALEMANA DE SANTIAGO,mabreu,2025-10-23T12:14:54.900Z,2025-10-23T18:24:16.933Z,2025-10-23T12:14:00.000Z,120,Linac-152171,0,
9623|3357,9623,3357,fieldbeat_report_ticket_number,1,CORRECTIVA NO PROGRAMADA,FINISHED,3,Problemas XVI,CLINICA ALEMANA DE SANTIAGO,mabreu,2025-10-24T18:26:44.869Z,2025-10-24T19:40:39.941Z,2025-10-24T18:26:00.000Z,120,Linac-152171,2,1549950|117482
9668|3380,9668,3380,fieldbeat_report_ticket_number,1,CORRECTIVA NO PROGRAMADA,FINISHED,2,Leaf Missing MLC,CLÍNICA LAS CONDES,jbustamante,2025-11-14T18:11:06.086Z,2025-11-15T00:05:56.964Z,2025-11-14T14:30:00.000Z,120,CLC-1,0,
9654|3369,9654,3369,fieldbeat_report_ticket_number,1,CORRECTIVA NO PROGRAMADA,FINISHED,2,Problema de retracción de Panel XVI,UC CHRISTUS - CECA,mabreu,2025-11-06T23:15:38.298Z,2025-11-10T16:23:28.238Z,2025-11-06T23:14:00.000Z,120,Linac-153935,0,
9654|3383,9654,3383,fieldbeat_report_ticket_number,1,CORRECTIVA PROGRAMADA,FINISHED,2,Cambio Cable PL9 XVI problemas de centrado.,UC CHRISTUS - CECA,mabreu,2025-11-14T21:35:32.953Z,2025-11-17T14:51:41.679Z,2025-11-14T21:33:00.000Z,120,Linac-153935,1,4513341185001U
9660|3390,9660,3390,fieldbeat_report_ticket_number,1,CORRECTIVA NO PROGRAMADA,FINISHED,3,Intervención Problemas Agility,HOSPITAL CARLOS VAN BUREN (SSVSA),mabreu,2025-11-17T14:52:26.087Z,2025-11-17T15:41:22.043Z,2025-11-17T14:51:00.000Z,120,Linac-154325,9,1557545|1011030|1564361|1564169|1565768|1517657|1010848|1564298|1534958
9680|3394,9680,3394,fieldbeat_report_ticket_number,1,CORRECTIVA NO PROGRAMADA,FINISHED,3,Problemas de Vacío,UC CHRISTUS - CECA,mabreu,2025-11-20T13:54:24.644Z,2025-11-24T14:58:52.419Z,2025-11-20T13:53:00.000Z,120,Linac-153935,1,1517098
9628|3361,9628,3361,fieldbeat_report_ticket_number,1,CORRECTIVA NO PROGRAMADA,FINISHED,3,Problemas Cabezal Agility,CLINICA ALEMANA DE SANTIAGO,mabreu,2025-10-27T21:52:28.489Z,2025-10-28T19:56:24.824Z,2025-10-27T21:51:00.000Z,120,Linac-152171,1,1534958
9628|3403,9628,3403,fieldbeat_report_ticket_number,1,CORRECTIVA NO PROGRAMADA,FINISHED,2,falla de laminas durante tratamientos,CLINICA ALEMANA DE SANTIAGO,ccarrasquel,2025-11-25T14:39:20.772Z,2025-11-25T17:53:36.868Z,2025-11-25T14:36:00.000Z,120,Linac-152171,1,1534958
9670|3399,9670,3399,fieldbeat_report_ticket_number,1,CORRECTIVA PROGRAMADA,FINISHED,2,Optimizacion de Gun 10FFF,UC CHRISTUS - SCA,mabreu,2025-11-24T20:31:07.038Z,2025-11-27T16:01:55.902Z,2025-11-24T20:30:00.000Z,120,Linac-109256,0,
9703|3405,9703,3405,fieldbeat_report_ticket_number,1,CORRECTIVA NO PROGRAMADA,FINISHED,2,Discharge Fault,INRAD,ccarrasquel,2025-11-27T14:38:50.734Z,2025-11-27T14:57:31.445Z,2025-11-27T14:35:00.000Z,120,Linac-201172,0,
463|2658,463,2658,fieldbeat_report_ticket_number,1,CORRECTIVA NO PROGRAMADA,FINISHED,3,Falla intermitente Varias parted afectadas.,INRAD,mabreu,2024-09-16T20:21:18.394Z,2024-09-16T22:43:21.699Z,2024-09-16T20:19:00.000Z,120,Linac-201172,2,45133318459
9592|3354,9592,3354,fieldbeat_report_ticket_number,1,CORRECTIVA PROGRAMADA,FINISHED,2,Interlock Table Long HCM,SERVICIO DE SALUD DE MAGALLANES,raguila,2025-10-23T14:21:37.586Z,2025-10-23T18:22:38.818Z,2025-10-22T20:00:00.000Z,120,Linac-109452,3,1531790|1531853
9592|3419,9592,3419,fieldbeat_report_ticket_number,1,CORRECTIVA NO PROGRAMADA,FINISHED,2,Interlock Table Long,SERVICIO DE SALUD DE MAGALLANES,raguila,2025-12-05T13:03:16.136Z,2025-12-05T17:50:47.724Z,2025-11-25T19:00:00.000Z,120,Linac-109452,1,1531848
9737|3422,9737,3422,fieldbeat_report_ticket_number,1,CORRECTIVA NO PROGRAMADA,FINISHED,3,equipo se aoaga completo y no inicia,UC CHRISTUS - SCA,ccarrasquel,2025-12-09T20:44:34.847Z,2025-12-09T21:06:33.785Z,2025-12-09T20:42:00.000Z,120,Linac-109256,0,
9471|3283,9471,3283,fieldbeat_report_ticket_number,1,CORRECTIVA PROGRAMADA,FINISHED,2,"Ajuste de hora en TCC, TDU y TPS Oncentra por cambio de hora.",FUNDACION ARTURO LOPEZ PEREZ,glopez,2025-09-05T19:50:38.932Z,2025-09-05T20:13:28.474Z,2025-09-05T19:15:19.692Z,120,HDR-FT07026,0,
9746|3428,9746,3428,fieldbeat_report_ticket_number,1,CORRECTIVA NO PROGRAMADA,FINISHED,2,User Interface del Lado A Suelto,SERVICIO DE SALUD DE MAGALLANES,raguila,2025-12-12T14:00:16.823Z,2025-12-12T18:35:34.092Z,2025-12-11T19:15:00.000Z,120,Linac-109452,0,
9734|3429,9734,3429,fieldbeat_report_ticket_number,1,CORRECTIVA PROGRAMADA,FINISHED,2,Prueba de Botones parada de emergencia Linac,SERVICIO DE SALUD DE MAGALLANES,raguila,2025-12-12T14:07:52.716Z,2025-12-12T18:36:39.003Z,2025-12-11T19:15:00.000Z,120,Linac-109452,0,
9749|3431,9749,3431,fieldbeat_report_ticket_number,1,ASISTENCIA REMOTA,FINISHED,3,Inhibits DOSE RATE MON 6FFF,HOSPITAL CARLOS VAN BUREN (SSVSA),jecheverria,2025-12-12T16:34:03.431Z,2025-12-12T16:48:45.778Z,2025-12-12T11:45:00.000Z,15,,0,
9723|3415,9723,3415,fieldbeat_report_ticket_number,1,CORRECTIVA NO PROGRAMADA,FINISHED,3,Serial Comms MLC,UC CHRISTUS - CECA,jbustamante,2025-12-04T12:43:41.453Z,2025-12-04T13:30:18.834Z,2025-12-04T12:15:00.000Z,120,Linac-109374,0,
9723|3423,9723,3423,fieldbeat_report_ticket_number,1,CORRECTIVA PROGRAMADA,FINISHED,2,falla en la posicion de las laminas al inicio del linac,UC CHRISTUS - CECA,ccarrasquel,2025-12-10T11:23:43.621Z,2025-12-10T12:59:30.832Z,2025-12-10T11:22:00.000Z,120,Linac-109374,1,1517657
9706|3425,9706,3425,fieldbeat_report_ticket_number,1,CORRECTIVA NO PROGRAMADA,FINISHED,2,Problema Posicionamiento Hexapod,CLINICA ALEMANA DE SANTIAGO,mabreu,2025-12-10T18:52:43.525Z,2025-12-16T15:05:32.207Z,2025-12-10T18:52:00.000Z,120,Linac-109496,1,1007288
9764|3438,9764,3438,fieldbeat_report_ticket_number,1,CORRECTIVA NO PROGRAMADA,FINISHED,2,multiples interlock linac con fallas,CLÍNICA LAS CONDES,ccarrasquel,2025-12-19T17:24:54.674Z,2025-12-19T18:23:53.277Z,2025-12-19T17:22:00.000Z,120,CLC-1,0,
9774|3441,9774,3441,fieldbeat_report_ticket_number,1,CORRECTIVA NO PROGRAMADA,FINISHED,1,Falla Gantry Stop,Instituto Nacional del Cáncer (INC),mabreu,2025-12-24T20:19:22.793Z,2025-12-29T11:49:05.663Z,2025-12-24T20:18:00.000Z,120,INC-156473,0,
9775|3442,9775,3442,fieldbeat_report_ticket_number,1,CORRECTIVA PROGRAMADA,FINISHED,2,dose rate mon 6 MeV,UC CHRISTUS - CECA,ccarrasquel,2025-12-26T14:31:24.707Z,2025-12-26T15:18:22.527Z,2025-12-26T14:29:00.000Z,120,Linac-109374,0,
9690|3443,9690,3443,fieldbeat_report_ticket_number,1,CORRECTIVA PROGRAMADA,FINISHED,2,presencia de 2T con energia de 15 MeV,UC CHRISTUS - CECA,ccarrasquel,2025-12-26T14:41:28.940Z,2025-12-26T15:24:52.297Z,2025-12-26T14:40:00.000Z,120,Linac-153935,0,
9778|3449,9778,3449,fieldbeat_report_ticket_number,1,CORRECTIVA PROGRAMADA,FINISHED,2,cambio de motor pancake,Instituto Nacional del Cáncer (INC),ccarrasquel,2025-12-31T17:00:05.461Z,2026-01-02T13:24:28.195Z,2025-12-31T16:59:00.000Z,120,INC-156473,1,1541718
9778|3451,9778,3451,fieldbeat_report_ticket_number,1,CORRECTIVA PROGRAMADA,FINISHED,2,Inhibit Gantry Stop,Instituto Nacional del Cáncer (INC),jbustamante,2026-01-02T22:23:32.926Z,2026-01-03T02:42:22.899Z,2026-01-02T21:30:00.000Z,120,INC-156473,1,1541718
9801|3459,9801,3459,fieldbeat_report_ticket_number,1,CORRECTIVA NO PROGRAMADA,FINISHED,2,interlock Gantry,Instituto Nacional del Cáncer (INC),ccarrasquel,2026-01-08T21:40:34.431Z,2026-01-08T22:44:42.316Z,2026-01-08T21:40:00.000Z,120,,0,
9781|3447,9781,3447,fieldbeat_report_ticket_number,1,ASISTENCIA REMOTA,FINISHED,3,Tasa de dosis baja Canal A y B,INRAD,mreyes,2025-12-30T00:55:37.909Z,2025-12-30T01:02:18.300Z,2025-12-29T19:05:00.000Z,60,,1,No hay
9781|3448,9781,3448,fieldbeat_report_ticket_number,1,CORRECTIVA NO PROGRAMADA,FINISHED,2,Tasa de dosis baja canal A y B,INRAD,jbustamante,2025-12-31T14:04:36.656Z,2025-12-31T14:22:25.253Z,2025-12-31T12:45:00.000Z,120,Linac-201172,0,
9781|3453,9781,3453,fieldbeat_report_ticket_number,1,CORRECTIVA PROGRAMADA,FINISHED,3,Falla Thyratron,INRAD,mreyes,2026-01-05T15:09:50.486Z,2026-01-05T15:26:59.976Z,2026-01-05T12:50:00.000Z,120,,1,CX1551G
9816|3473,9816,3473,fieldbeat_report_ticket_number,1,CORRECTIVA PROGRAMADA,FINISHED,2,Sistema xvi con falla,Instituto Nacional del Cáncer (INC),ccarrasquel,2026-01-16T23:39:21.688Z,2026-01-19T17:55:30.944Z,2026-01-16T23:39:00.000Z,120,,4,1548845|1531284|1531283|1505856
9821|3479,9821,3479,fieldbeat_report_ticket_number,1,CORRECTIVA PROGRAMADA,FINISHED,2,Reemplazo de Thyratron,INRAD,mreyes,2026-01-20T16:46:39.884Z,2026-01-20T17:01:12.855Z,2026-01-20T15:30:00.000Z,120,,1,1515997
9811|3491,9811,3491,fieldbeat_report_ticket_number,1,REQUERIMIENTO DEL CLIENTE,FINISHED,2,Inicio de Linac y Calibracion de la Hexapod,CLINICA ALEMANA DE SANTIAGO,ccarrasquel,2026-01-26T11:45:16.454Z,2026-01-26T13:47:56.245Z,2026-01-26T11:44:00.000Z,60,,0,
9822|3481,9822,3481,fieldbeat_report_ticket_number,1,CORRECTIVA NO PROGRAMADA,FINISHED,3,Problemas Agility,Instituto Nacional del Cáncer (INC),mabreu,2026-01-21T11:33:33.798Z,2026-01-23T12:11:15.357Z,2026-01-21T11:32:00.000Z,120,INC-156473,0,
9822|3482,9822,3482,fieldbeat_report_ticket_number,1,CORRECTIVA PROGRAMADA,FINISHED,3,posicion de laminas fuera de tolerancia,Instituto Nacional del Cáncer (INC),ccarrasquel,2026-01-21T23:21:03.784Z,2026-01-22T17:45:34.378Z,2026-01-21T23:09:00.000Z,120,,0,
9841|3498,9841,3498,fieldbeat_report_ticket_number,1,ASISTENCIA REMOTA,FINISHED,2,optimizacion energía 10mv  y 10FFF  por intellimax,UC CHRISTUS - SCA,jecheverria,2026-01-28T00:14:10.495Z,2026-01-28T00:18:56.509Z,2026-01-27T21:00:00.000Z,2,Linac-109256,0,
9854|3502,9854,3502,fieldbeat_report_ticket_number,1,CORRECTIVA PROGRAMADA,FINISHED,2,falla de Dose Rate Mon,UC CHRISTUS - CECA,ccarrasquel,2026-01-29T12:17:09.143Z,2026-01-29T12:24:40.404Z,2026-01-29T12:17:00.000Z,120,,0,
9851|3500,9851,3500,fieldbeat_report_ticket_number,1,,FINISHED,3,Falla MLC lamina 37 banco Y1,HOSPITAL CARLOS VAN BUREN (SSVSA),jecheverria,2026-01-29T00:15:39.172Z,2026-01-29T00:48:06.023Z,2026-01-28T16:00:00.000Z,240,Linac-154325,1,xxxxx
9865|3513,9865,3513,fieldbeat_report_ticket_number,1,CORRECTIVA NO PROGRAMADA,FINISHED,2,Chiller con alarma y derrame de líquido,Instituto Nacional del Cáncer (INC),jbustamante,2026-02-03T10:37:54.403Z,2026-02-03T17:57:08.741Z,2026-02-03T09:30:00.000Z,120,INC-156473,0,
9862|3516,9862,3516,fieldbeat_report_ticket_number,1,CORRECTIVA NO PROGRAMADA,FINISHED,3,Cambio Target Drive,UC CHRISTUS - CECA,mabreu,2026-02-04T13:21:11.597Z,2026-02-04T17:20:53.411Z,2026-02-04T13:20:00.000Z,120,Linac-109374,2,1538261|1515098
9496|3518,9496,3518,fieldbeat_report_ticket_number,1,REQUERIMIENTO DEL CLIENTE,FINISHED,2,cambio de ups + mantenimiento rack servidores y ccp,Instituto Nacional del Cáncer (INC),ssalice,2026-02-06T14:38:43.306Z,2026-02-06T21:13:16.960Z,2026-02-06T14:36:00.000Z,60,INC-156473,0,
9878|3523,9878,3523,fieldbeat_report_ticket_number,1,CORRECTIVA NO PROGRAMADA,FINISHED,2,Problemas MLC,Instituto Nacional del Cáncer (INC),mabreu,2026-02-09T13:13:15.494Z,2026-02-09T15:51:51.592Z,2026-02-09T13:12:00.000Z,120,INC-156473,1,1564298
9905|3536,9905,3536,fieldbeat_report_ticket_number,1,CORRECTIVA PROGRAMADA,FINISHED,2,Table Long,SERVICIO DE SALUD DE MAGALLANES,ccarrasquel,2026-02-13T17:52:14.204Z,2026-02-13T20:40:21.024Z,2026-02-13T17:51:00.000Z,120,,0,
9890|3532,9890,3532,fieldbeat_report_ticket_number,1,CORRECTIVA PROGRAMADA V2,FINISHED,2,Problemas Target Check para Electrones,UC CHRISTUS - SCA,mabreu,2026-02-11T21:17:04.644Z,2026-02-13T14:15:10.083Z,2026-02-11T21:16:00.000Z,240,Linac-109256,0,
9915|3546,9915,3546,fieldbeat_report_ticket_number,1,CORRECTIVA NO PROGRAMADA,FINISHED,3,Problemas XVI,CLINICA ALEMANA DE SANTIAGO,mabreu,2026-02-20T15:22:59.244Z,2026-02-20T16:43:20.131Z,2026-02-20T15:22:00.000Z,120,Linac-109496,0,
9941|3563,9941,3563,fieldbeat_report_ticket_number,1,CORRECTIVA PROGRAMADA,FINISHED,2,Falla XVI - no finaliza la adquisición CBCT,Instituto Nacional del Cáncer (INC),ccarrasquel,2026-03-03T22:07:26.522Z,2026-03-04T13:14:50.715Z,2026-03-03T22:00:00.000Z,120,INC-156473,1,1550513
9941|3566,9941,3566,fieldbeat_report_ticket_number,1,CORRECTIVA NO PROGRAMADA,FINISHED,2,Problemas XVI desconexión intermitente,Instituto Nacional del Cáncer (INC),mabreu,2026-03-04T16:31:23.586Z,2026-03-04T17:49:13.405Z,2026-03-04T16:30:00.000Z,120,INC-156473,1,1022386
9948|3567,9948,3567,fieldbeat_report_ticket_number,1,CORRECTIVA NO PROGRAMADA,FINISHED,2,Problema con cámara del bunker,SERVICIO DE SALUD DE MAGALLANES,raguila,2026-03-04T19:57:32.634Z,2026-03-04T20:06:38.962Z,2026-03-04T19:00:00.000Z,120,,1,no
9974|3592,9974,3592,fieldbeat_report_ticket_number,1,CORRECTIVA NO PROGRAMADA,FINISHED,2,Optimización 6Mv y 6Mv FFF,UC CHRISTUS - CECA,mabreu,2026-03-13T18:50:37.229Z,2026-03-13T18:53:59.398Z,2026-03-13T18:49:00.000Z,120,Linac-109374,0,
9970|3591,9970,3591,fieldbeat_report_ticket_number,1,REQUERIMIENTO DEL CLIENTE,FINISHED,2,Mancha en Crosswire Linac del  HCM,SERVICIO DE SALUD DE MAGALLANES,raguila,2026-03-13T18:40:57.006Z,2026-03-13T18:48:48.504Z,2026-03-13T17:30:00.000Z,60,,1,0
9970|3600,9970,3600,fieldbeat_report_ticket_number,1,CORRECTIVA PROGRAMADA,FINISHED,2,cambio de crosswire Cabezal Agility HCM,SERVICIO DE SALUD DE MAGALLANES,raguila,2026-03-20T21:42:12.957Z,2026-03-20T21:59:51.329Z,2026-03-20T17:30:00.000Z,120,,1,1547676
9980|3596,9980,3596,fieldbeat_report_ticket_number,1,CORRECTIVA NO PROGRAMADA,FINISHED,3,Computador Real Time (RT) se apaga después de 30 minutos de trabajo.,HOSPITAL CARLOS VAN BUREN (SSVSA),jecheverria,2026-03-19T11:03:40.169Z,2026-03-19T11:37:32.537Z,2026-03-19T11:00:00.000Z,120,Linac-154325,0,
9953|3577,9953,3577,fieldbeat_report_ticket_number,1,CORRECTIVA PROGRAMADA,FINISHED,2,Chequeo de equipo y magnetron fil,HOSPITAL CARLOS VAN BUREN (SSVSA),jecheverria,2026-03-09T11:52:51.149Z,2026-03-09T11:57:08.584Z,2026-03-09T11:50:00.000Z,120,Linac-154325,0,
9953|3585,9953,3585,fieldbeat_report_ticket_number,1,CORRECTIVA NO PROGRAMADA,FINISHED,2,Ajuste magnetron.fil control en forma remota por inhibits mag.fil.ctrl,HOSPITAL CARLOS VAN BUREN (SSVSA),jecheverria,2026-03-10T11:26:23.273Z,2026-03-10T11:30:05.091Z,2026-03-10T11:24:00.000Z,120,Linac-154325,0,
10002|3633,10002,3633,fieldbeat_report_ticket_number,1,CORRECTIVA PROGRAMADA,FINISHED,2,Linac Versa 01 sin iniciar,CLÍNICA LAS CONDES,aecheverria,2026-03-31T18:58:23.757Z,2026-04-01T11:25:11.436Z,2026-03-31T12:00:00.000Z,120,CLC-1,1,
9995|3629,9995,3629,fieldbeat_report_ticket_number,1,CORRECTIVA NO PROGRAMADA,FINISHED,3,Falla MLC o Colimador ticket # 9995,HOSPITAL CARLOS VAN BUREN (SSVSA),jecheverria,2026-03-30T18:44:43.155Z,2026-03-30T19:00:31.157Z,2026-03-26T12:45:00.000Z,120,Linac-154325,0,
9217|3114,9217,3114,fieldbeat_report_ticket_number,1,CORRECTIVA PROGRAMADA,FINISHED,2,Reparación y reinicio de red radioterapia,SERVICIO DE SALUD DE MAGALLANES,varenas,2025-06-07T16:34:51.480Z,2025-06-07T16:38:31.573Z,2025-06-07T15:00:00.000Z,120,OIS-HCM|TPS-HCM,0,
9918|3571,9918,3571,fieldbeat_report_ticket_number,1,CORRECTIVA NO PROGRAMADA,FINISHED,2,Falla de CBCT XVI,CLÍNICA LAS CONDES,jbustamante,2026-03-06T00:28:12.608Z,2026-03-09T19:50:24.195Z,2026-03-06T01:30:00.000Z,120,CLC-1,0,
9918|3582,9918,3582,fieldbeat_report_ticket_number,1,CORRECTIVA PROGRAMADA,FINISHED,2,Falla de CBCT XVI 2,CLÍNICA LAS CONDES,jbustamante,2026-03-09T16:50:56.188Z,2026-03-09T19:50:33.603Z,2026-03-09T13:30:00.000Z,120,CLC-1,0,
9918|3584,9918,3584,fieldbeat_report_ticket_number,1,CORRECTIVA PROGRAMADA,FINISHED,2,Falla de CBCT XVI 3,CLÍNICA LAS CONDES,jbustamante,2026-03-09T18:11:27.616Z,2026-03-09T20:00:56.085Z,2026-03-09T13:30:00.000Z,120,CLC-1,0,
9918|3652,9918,3652,fieldbeat_report_ticket_number,1,CORRECTIVA PROGRAMADA,FINISHED,2,Cambio de cable HT,CLÍNICA LAS CONDES,jbustamante,2026-04-15T22:03:10.130Z,2026-04-16T00:31:12.804Z,2026-04-15T13:30:00.000Z,120,CLC-1,2,1540352|1540356
9918|3654,9918,3654,fieldbeat_report_ticket_number,1,CORRECTIVA PROGRAMADA,FINISHED,3,pruebas evaluaría del sistema XVI,CLÍNICA LAS CONDES,ccarrasquel,2026-04-16T18:40:20.112Z,2026-04-16T18:56:11.556Z,2026-04-16T18:38:00.000Z,120,CLC-1,0,
10070|3688,10070,3688,fieldbeat_report_ticket_number,1,CORRECTIVA PROGRAMADA,FINISHED,2,Calibración de Hexapod,UC CHRISTUS - SCA,jbustamante,2026-05-07T23:42:51.032Z,2026-05-08T02:30:21.869Z,2026-05-07T19:30:00.000Z,120,Linac-109256,0,
10112|3702,10112,3702,fieldbeat_report_ticket_number,1,CORRECTIVA NO PROGRAMADA,FINISHED,2,Falla intermitente Dose Rate Mon,Instituto Nacional del Cáncer (INC),jbustamante,2026-05-15T20:14:32.515Z,2026-05-16T00:28:09.252Z,2026-05-15T19:45:00.000Z,120,INC-156473,0,
10088|3693,10088,3693,fieldbeat_report_ticket_number,1,CORRECTIVA NO PROGRAMADA,FINISHED,3,Cambio de Mirror mylar y Led Asembly,RADIO ONCOLOGÍA DEL SUR,ebecker,2026-05-11T18:48:52.533Z,2026-05-11T19:15:28.548Z,2026-05-07T19:00:00.000Z,120,Linac-156187,1,1010848-1564169
10056|3677,10056,3677,fieldbeat_report_ticket_number,1,CORRECTIVA NO PROGRAMADA,FINISHED,3,Inhibit 2T control y lamina 61 Y2 equipo Infinity,RADIO ONCOLOGÍA DEL SUR,ebecker,2026-04-27T14:17:23.108Z,2026-04-27T14:43:19.439Z,2026-04-27T12:00:00.000Z,120,Linac-156187,0,
10115|3709,10115,3709,fieldbeat_report_ticket_number,1,CORRECTIVA NO PROGRAMADA,FINISHED,2,inhibit - Check Fail HT2,Instituto Nacional del Cáncer (INC),aecheverria,2026-05-19T23:24:49.481Z,2026-05-20T13:54:32.036Z,2026-05-19T22:00:00.000Z,120,INC-156473,1,1567819
8798|3052,8798,3052,fieldbeat_report_ticket_number,1,REQUERIMIENTO DEL CLIENTE,FINISHED,2,pruebas con cable utp de clarity,UC CHRISTUS - SCA,ssalice,2025-05-14T00:34:33.731Z,2025-05-14T00:48:21.194Z,2025-05-14T00:32:00.000Z,60,,0,
8798|3674,8798,3674,fieldbeat_report_ticket_number,1,REQUERIMIENTO DEL CLIENTE,FINISHED,2,Cambio de gpu y splitter Clarity SCA,UC CHRISTUS - SCA,ssalice,2026-04-24T22:38:05.304Z,2026-04-25T10:43:31.396Z,2026-04-24T22:34:00.000Z,60,,0,
8798|3696,8798,3696,fieldbeat_report_ticket_number,1,REQUERIMIENTO DEL CLIENTE,FINISHED,2,Pruebas de cable UTP Kvms de Clarity,UC CHRISTUS - SCA,jacuna,2026-05-13T22:22:06.281Z,2026-05-14T12:08:02.797Z,2026-05-13T22:20:00.000Z,60,Linac-109256,0,
10142|3718,10142,3718,fieldbeat_report_ticket_number,1,CORRECTIVA NO PROGRAMADA,FINISHED,3,Olor fuerte a plástico quemado en el Búnker,Instituto Nacional del Cáncer (INC),mabreu,2026-05-27T16:52:21.710Z,2026-05-27T17:01:48.347Z,2026-05-27T16:51:00.000Z,120,INC-156473,0,
10111|3701,10111,3701,fieldbeat_report_ticket_number,1,CORRECTIVA NO PROGRAMADA,FINISHED,2,"Filtración de agua en sala de maquinas, mal olor, y falla de CBCT",Instituto Nacional del Cáncer (INC),jbustamante,2026-05-15T20:06:27.974Z,2026-05-16T00:27:59.232Z,2026-05-15T16:45:00.000Z,120,INC-156473,0,
10111|3706,10111,3706,fieldbeat_report_ticket_number,1,,FINISHED,2,Verificación filtarcion de Sistema de aire acondicionado y Humidificador sala de.maquina y procedimientos,Instituto Nacional del Cáncer (INC),jecheverria,2026-05-17T17:24:38.216Z,2026-05-17T17:37:27.461Z,2026-05-17T12:00:00.000Z,240,INC-156473,0,
10065|3690,10065,3690,fieldbeat_report_ticket_number,1,CORRECTIVA PROGRAMADA,FINISHED,2,correctivos varios,Instituto Nacional del Cáncer (INC),ccarrasquel,2026-05-09T00:24:41.494Z,2026-05-12T14:18:37.573Z,2026-05-09T00:24:00.000Z,120,INC-156473,1,1018559
10065|3720,10065,3720,fieldbeat_report_ticket_number,1,CORRECTIVA PROGRAMADA,FINISHED,2,Cambio Freno Longitudinal camilla,Instituto Nacional del Cáncer (INC),mabreu,2026-05-29T00:16:25.912Z,2026-05-29T04:29:23.214Z,2026-05-29T00:14:00.000Z,120,INC-156473,1,45133318990
10135|3717,10135,3717,fieldbeat_report_ticket_number,1,CORRECTIVA NO PROGRAMADA,FINISHED,2,Dose Rate Mon 6MV y 6FFF,UC CHRISTUS - CECA,jbustamante,2026-05-27T15:08:50.707Z,2026-05-27T15:22:54.780Z,2026-05-27T15:00:00.000Z,120,Linac-153935,0,
10125|3711,10125,3711,fieldbeat_report_ticket_number,1,CORRECTIVA NO PROGRAMADA,FINISHED,2,Problemas de Gotera Aire Acondicionado,Instituto Nacional del Cáncer (INC),mabreu,2026-05-25T14:25:18.383Z,2026-05-25T15:55:07.042Z,2026-05-25T14:24:00.000Z,120,INC-156473,0,
10125|3714,10125,3714,fieldbeat_report_ticket_number,1,CORRECTIVA NO PROGRAMADA,FINISHED,2,Gotera aire acondicionado interior del bunker .,Instituto Nacional del Cáncer (INC),jecheverria,2026-05-26T12:44:18.460Z,2026-05-26T12:52:28.338Z,2026-05-25T22:30:00.000Z,120,INC-156473,0,
10151|3727,10151,3727,fieldbeat_report_ticket_number,1,CORRECTIVA NO PROGRAMADA,FINISHED,3,Caída de Handheld por Tecnologo.,HOSPITAL CARLOS VAN BUREN (SSVSA),jecheverria,2026-06-01T17:51:03.625Z,2026-06-01T18:43:59.670Z,2026-06-01T15:00:00.000Z,120,Linac-154325,1,1541746
10080|3687,10080,3687,fieldbeat_report_ticket_number,1,CORRECTIVA NO PROGRAMADA,FINISHED,2,Problema con Reset Motor,CLINICA ALEMANA DE SANTIAGO,mabreu,2026-05-07T20:25:32.000Z,2026-05-12T16:33:07.250Z,2026-05-07T20:25:00.000Z,120,Linac-109496,0,
10161|3736,10161,3736,fieldbeat_report_ticket_number,1,REQUERIMIENTO DEL CLIENTE,FINISHED,2,falla en visualizacion de monitores,Instituto Nacional del Cáncer (INC),ssalice,2026-06-04T14:32:13.930Z,2026-06-04T15:08:48.585Z,2026-06-04T14:30:00.000Z,60,,0,
10175|3745,10175,3745,fieldbeat_report_ticket_number,1,CORRECTIVA PROGRAMADA,FINISHED,2,freno longitudinal un poco flojo,Instituto Nacional del Cáncer (INC),ccarrasquel,2026-06-08T23:54:20.216Z,2026-06-09T12:59:31.824Z,2026-06-08T23:53:00.000Z,120,INC-156473,0,
10193|3751,10193,3751,fieldbeat_report_ticket_number,1,ASISTENCIA REMOTA,FINISHED,3,Versa interlock Gas PRESS SF6,CLINICA ALEMANA DE SANTIAGO,jecheverria,2026-06-13T17:22:30.060Z,2026-06-13T17:36:29.959Z,2026-06-13T14:50:00.000Z,15,Linac-109496,0,
10193|3754,10193,3754,fieldbeat_report_ticket_number,1,PREVENTIVA PROGRAMADA,FINISHED,2,Partida de equipo,CLINICA ALEMANA DE SANTIAGO,jecheverria,2026-06-15T12:16:29.297Z,2026-06-15T12:37:52.445Z,2026-06-15T09:30:00.000Z,240,Linac-109496|Linac-152171,0,
10193|3756,10193,3756,fieldbeat_report_ticket_number,1,CORRECTIVA PROGRAMADA,FINISHED,2,Gas Presure,CLINICA ALEMANA DE SANTIAGO,ccarrasquel,2026-06-15T19:18:48.972Z,2026-06-15T19:26:36.031Z,2026-06-15T19:18:00.000Z,120,Linac-109496,0,
10190|3749,10190,3749,fieldbeat_report_ticket_number,1,CORRECTIVA NO PROGRAMADA,FINISHED,3,Falla MLC durante tratamientos.,HOSPITAL CARLOS VAN BUREN (SSVSA),jecheverria,2026-06-12T02:12:39.363Z,2026-06-12T02:34:33.590Z,2026-06-12T02:30:00.000Z,120,Linac-154325,1,1534958
10188|3760,10188,3760,fieldbeat_report_ticket_number,1,CORRECTIVA NO PROGRAMADA,FINISHED,2,Telémetro Intermitente en Infinity,UC CHRISTUS - CECA,jbustamante,2026-06-17T15:33:02.565Z,2026-06-17T16:06:18.583Z,2026-06-17T13:00:00.000Z,120,Linac-109374,1,1502613
10157|3730,10157,3730,fieldbeat_report_ticket_number,1,CORRECTIVA NO PROGRAMADA,FINISHED,3,Problema con Hexapod,CLINICA ALEMANA DE SANTIAGO,mabreu,2026-06-03T16:46:19.796Z,2026-06-03T19:33:24.695Z,2026-06-03T16:45:00.000Z,120,Linac-109496,0,
10199|3766,10199,3766,fieldbeat_report_ticket_number,1,CORRECTIVA PROGRAMADA,FINISHED,2,Interlock Target Check,UC CHRISTUS - SCA,jbustamante,2026-06-19T21:30:24.737Z,2026-06-19T23:33:39.157Z,2026-06-19T21:30:00.000Z,120,Linac-109256,0,
10199|3770,10199,3770,fieldbeat_report_ticket_number,1,PREVENTIVA PROGRAMADA,FINISHED,2,Problemas intermitentes de Target Check,UC CHRISTUS - SCA,mabreu,2026-06-23T22:12:09.262Z,2026-06-24T11:30:11.269Z,2026-06-23T22:11:00.000Z,240,Linac-109256,0,
10199|3771,10199,3771,fieldbeat_report_ticket_number,1,CORRECTIVA PROGRAMADA,FINISHED,2,Ajuste Target Drive y Facias,UC CHRISTUS - SCA,mabreu,2026-06-24T11:31:30.427Z,2026-06-24T12:20:04.602Z,2026-06-24T11:30:00.000Z,120,Linac-109256,0,
10173|3748,10173,3748,fieldbeat_report_ticket_number,1,CORRECTIVA NO PROGRAMADA,FINISHED,2,Brazo XVI inoperativo,UC CHRISTUS - CECA,aecheverria,2026-06-11T20:09:43.558Z,2026-06-12T17:21:04.770Z,2026-06-11T20:08:00.000Z,120,Linac-153935,1,45133412329
10165|3765,10165,3765,fieldbeat_report_ticket_number,1,CORRECTIVA PROGRAMADA,FINISHED,2,Cambio Panel Iview,HOSPITAL CARLOS VAN BUREN (SSVSA),mabreu,2026-06-19T21:04:30.831Z,2026-06-19T23:56:35.961Z,2026-06-19T21:03:00.000Z,120,Linac-154325,1,1505978
10113|3708,10113,3708,fieldbeat_report_ticket_number,1,CORRECTIVA PROGRAMADA,FINISHED,2,ajuste de energias y perfiles en 10MV y 10FFF,UC CHRISTUS - SCA,ccarrasquel,2026-05-19T22:18:57.197Z,2026-05-20T13:46:13.638Z,2026-05-19T22:17:00.000Z,120,Linac-109256,0,
10137|3716,10137,3716,fieldbeat_report_ticket_number,1,CORRECTIVA NO PROGRAMADA,FINISHED,2,Falla inicio de Linac por BMDM,UC CHRISTUS - CECA,jbustamante,2026-05-27T14:11:07.888Z,2026-05-27T15:22:42.146Z,2026-05-27T13:45:00.000Z,120,Linac-109374,1,1516727
10137|3726,10137,3726,fieldbeat_report_ticket_number,1,CORRECTIVA NO PROGRAMADA,FINISHED,2,LCD dose monitor,UC CHRISTUS - CECA,aecheverria,2026-06-01T16:46:49.573Z,2026-06-01T17:22:38.407Z,2026-06-01T16:43:00.000Z,120,Linac-109374,1,1516727
10126|3712,10126,3712,fieldbeat_report_ticket_number,1,CORRECTIVA NO PROGRAMADA,FINISHED,2,Falla MLC campo 40x40,UC CHRISTUS - CECA,jbustamante,2026-05-25T15:16:53.353Z,2026-05-25T15:45:26.077Z,2026-05-25T14:30:00.000Z,120,Linac-109374,0,
10208|3767,10208,3767,fieldbeat_report_ticket_number,1,CORRECTIVA PROGRAMADA,FINISHED,2,optimizscion de energias por inhibit de 2R y 2T,UC CHRISTUS - CECA,ccarrasquel,2026-06-19T23:53:43.981Z,2026-06-22T13:23:21.156Z,2026-06-19T23:52:00.000Z,120,Linac-109374,0,
10231|3780,10231,3780,fieldbeat_report_ticket_number,1,CORRECTIVA NO PROGRAMADA,FINISHED,2,falla de mlc,UC CHRISTUS - CECA,ccarrasquel,2026-06-30T20:04:20.883Z,2026-06-30T20:42:59.164Z,2026-06-30T20:03:00.000Z,120,Linac-109374,3,1015075|1015076|1565768