bridge_id,zendesk_ticket_id,fieldbeat_task_id,link_method,confidence,created_at
150655|1250,150655,1250,fieldbeat_report_ticket_number,1,2026-08-06T07:10:55.306Z
949395|1251,949395,1251,fieldbeat_report_ticket_number,1,2026-08-06T07:10:55.306Z
719418|1252,719418,1252,fieldbeat_report_ticket_number,1,2026-08-06T07:10:55.306Z
465221|1255,465221,1255,fieldbeat_report_ticket_number,1,2026-08-06T07:10:55.306Z
914336|1256,914336,1256,fieldbeat_report_ticket_number,1,2026-08-06T07:10:55.306Z
843013|1257,843013,1257,fieldbeat_report_ticket_number,1,2026-08-06T07:10:55.306Z
190572|1258,190572,1258,fieldbeat_report_ticket_number,1,2026-08-06T07:10:55.306Z
99999|1259,99999,1259,fieldbeat_report_ticket_number,1,2026-08-06T07:10:55.306Z
99999|1260,99999,1260,fieldbeat_report_ticket_number,1,2026-08-06T07:10:55.306Z
549574|1261,549574,1261,fieldbeat_report_ticket_number,1,2026-08-06T07:10:55.306Z
240899|1268,240899,1268,fieldbeat_report_ticket_number,1,2026-08-06T07:10:55.306Z
434875|1269,434875,1269,fieldbeat_report_ticket_number,1,2026-08-06T07:10:55.306Z
992701|1270,992701,1270,fieldbeat_report_ticket_number,1,2026-08-06T07:10:55.306Z
100033|1271,100033,1271,fieldbeat_report_ticket_number,1,2026-08-06T07:10:55.306Z
211406|1272,211406,1272,fieldbeat_report_ticket_number,1,2026-08-06T07:10:55.306Z
475970|1275,475970,1275,fieldbeat_report_ticket_number,1,2026-08-06T07:10:55.306Z
580583|1276,580583,1276,fieldbeat_report_ticket_number,1,2026-08-06T07:10:55.306Z
657405|1277,657405,1277,fieldbeat_report_ticket_number,1,2026-08-06T07:10:55.306Z
595389|1278,595389,1278,fieldbeat_report_ticket_number,1,2026-08-06T07:10:55.306Z
626188|1279,626188,1279,fieldbeat_report_ticket_number,1,2026-08-06T07:10:55.306Z
564323|1281,564323,1281,fieldbeat_report_ticket_number,1,2026-08-06T07:10:55.306Z
808668|1283,808668,1283,fieldbeat_report_ticket_number,1,2026-08-06T07:10:55.306Z
532379|1284,532379,1284,fieldbeat_report_ticket_number,1,2026-08-06T07:10:55.306Z
674531|1285,674531,1285,fieldbeat_report_ticket_number,1,2026-08-06T07:10:55.306Z
315212|1287,315212,1287,fieldbeat_report_ticket_number,1,2026-08-06T07:10:55.306Z
240899|1288,240899,1288,fieldbeat_report_ticket_number,1,2026-08-06T07:10:55.306Z
674531|1290,674531,1290,fieldbeat_report_ticket_number,1,2026-08-06T07:10:55.306Z
159610|1291,159610,1291,fieldbeat_report_ticket_number,1,2026-08-06T07:10:55.306Z
000000000|1293,000000000,1293,fieldbeat_report_ticket_number,1,2026-08-06T07:10:55.306Z
487058|1298,487058,1298,fieldbeat_report_ticket_number,1,2026-08-06T07:10:55.306Z
487085|1299,487085,1299,fieldbeat_report_ticket_number,1,2026-08-06T07:10:55.306Z
864151|1300,864151,1300,fieldbeat_report_ticket_number,1,2026-08-06T07:10:55.306Z
599574|1301,599574,1301,fieldbeat_report_ticket_number,1,2026-08-06T07:10:55.306Z
84769|1305,84769,1305,fieldbeat_report_ticket_number,1,2026-08-06T07:10:55.306Z
274725|1306,274725,1306,fieldbeat_report_ticket_number,1,2026-08-06T07:10:55.306Z
00000|1307,00000,1307,fieldbeat_report_ticket_number,1,2026-08-06T07:10:55.306Z
545781|1308,545781,1308,fieldbeat_report_ticket_number,1,2026-08-06T07:10:55.306Z
877450|1310,877450,1310,fieldbeat_report_ticket_number,1,2026-08-06T07:10:55.306Z
507391|1311,507391,1311,fieldbeat_report_ticket_number,1,2026-08-06T07:10:55.306Z
290214|1312,290214,1312,fieldbeat_report_ticket_number,1,2026-08-06T07:10:55.306Z
414010|1313,414010,1313,fieldbeat_report_ticket_number,1,2026-08-06T07:10:55.306Z
285305|1314,285305,1314,fieldbeat_report_ticket_number,1,2026-08-06T07:10:55.306Z
911108|1315,911108,1315,fieldbeat_report_ticket_number,1,2026-08-06T07:10:55.306Z
167765|1316,167765,1316,fieldbeat_report_ticket_number,1,2026-08-06T07:10:55.306Z
285305|1317,285305,1317,fieldbeat_report_ticket_number,1,2026-08-06T07:10:55.306Z
903028|1318,903028,1318,fieldbeat_report_ticket_number,1,2026-08-06T07:10:55.306Z
368560|1322,368560,1322,fieldbeat_report_ticket_number,1,2026-08-06T07:10:55.306Z
886290|1323,886290,1323,fieldbeat_report_ticket_number,1,2026-08-06T07:10:55.306Z
479892|1324,479892,1324,fieldbeat_report_ticket_number,1,2026-08-06T07:10:55.306Z
595495|1325,595495,1325,fieldbeat_report_ticket_number,1,2026-08-06T07:10:55.306Z
244427|1326,244427,1326,fieldbeat_report_ticket_number,1,2026-08-06T07:10:55.306Z
321375|1328,321375,1328,fieldbeat_report_ticket_number,1,2026-08-06T07:10:55.306Z
864151|1330,864151,1330,fieldbeat_report_ticket_number,1,2026-08-06T07:10:55.306Z
326756|1331,326756,1331,fieldbeat_report_ticket_number,1,2026-08-06T07:10:55.306Z
375731|1332,375731,1332,fieldbeat_report_ticket_number,1,2026-08-06T07:10:55.306Z
686250|1333,686250,1333,fieldbeat_report_ticket_number,1,2026-08-06T07:10:55.306Z
553258|1335,553258,1335,fieldbeat_report_ticket_number,1,2026-08-06T07:10:55.306Z
508853|1336,508853,1336,fieldbeat_report_ticket_number,1,2026-08-06T07:10:55.306Z
508853|1338,508853,1338,fieldbeat_report_ticket_number,1,2026-08-06T07:10:55.306Z
815543|1339,815543,1339,fieldbeat_report_ticket_number,1,2026-08-06T07:10:55.306Z
346122|1342,346122,1342,fieldbeat_report_ticket_number,1,2026-08-06T07:10:55.306Z
844191|1344,844191,1344,fieldbeat_report_ticket_number,1,2026-08-06T07:10:55.306Z
720356|1345,720356,1345,fieldbeat_report_ticket_number,1,2026-08-06T07:10:55.306Z
0000|1346,0000,1346,fieldbeat_report_ticket_number,1,2026-08-06T07:10:55.306Z
903908|1347,903908,1347,fieldbeat_report_ticket_number,1,2026-08-06T07:10:55.306Z
0000|1348,0000,1348,fieldbeat_report_ticket_number,1,2026-08-06T07:10:55.306Z
983006|1349,983006,1349,fieldbeat_report_ticket_number,1,2026-08-06T07:10:55.306Z
487085|1353,487085,1353,fieldbeat_report_ticket_number,1,2026-08-06T07:10:55.306Z
355432|1354,355432,1354,fieldbeat_report_ticket_number,1,2026-08-06T07:10:55.306Z
988322|1356,988322,1356,fieldbeat_report_ticket_number,1,2026-08-06T07:10:55.306Z
359310|1357,359310,1357,fieldbeat_report_ticket_number,1,2026-08-06T07:10:55.306Z
481510|1358,481510,1358,fieldbeat_report_ticket_number,1,2026-08-06T07:10:55.306Z
333928|1359,333928,1359,fieldbeat_report_ticket_number,1,2026-08-06T07:10:55.306Z
0000|1362,0000,1362,fieldbeat_report_ticket_number,1,2026-08-06T07:10:55.306Z
318046|1363,318046,1363,fieldbeat_report_ticket_number,1,2026-08-06T07:10:55.306Z
20001502053|1364,20001502053,1364,fieldbeat_report_ticket_number,1,2026-08-06T07:10:55.306Z
117327|1368,117327,1368,fieldbeat_report_ticket_number,1,2026-08-06T07:10:55.306Z
779906|1369,779906,1369,fieldbeat_report_ticket_number,1,2026-08-06T07:10:55.306Z
9999|1370,9999,1370,fieldbeat_report_ticket_number,1,2026-08-06T07:10:55.306Z
148260|1371,148260,1371,fieldbeat_report_ticket_number,1,2026-08-06T07:10:55.306Z
517136|1372,517136,1372,fieldbeat_report_ticket_number,1,2026-08-06T07:10:55.306Z
830821|1373,830821,1373,fieldbeat_report_ticket_number,1,2026-08-06T07:10:55.306Z
540711|1374,540711,1374,fieldbeat_report_ticket_number,1,2026-08-06T07:10:55.306Z
425664|1375,425664,1375,fieldbeat_report_ticket_number,1,2026-08-06T07:10:55.306Z
665447|1376,665447,1376,fieldbeat_report_ticket_number,1,2026-08-06T07:10:55.306Z
636193|1378,636193,1378,fieldbeat_report_ticket_number,1,2026-08-06T07:10:55.306Z
172278|1380,172278,1380,fieldbeat_report_ticket_number,1,2026-08-06T07:10:55.306Z
648368|1381,648368,1381,fieldbeat_report_ticket_number,1,2026-08-06T07:10:55.306Z
937899|1382,937899,1382,fieldbeat_report_ticket_number,1,2026-08-06T07:10:55.306Z
704250|1385,704250,1385,fieldbeat_report_ticket_number,1,2026-08-06T07:10:55.306Z
399764|1386,399764,1386,fieldbeat_report_ticket_number,1,2026-08-06T07:10:55.306Z
793073|1389,793073,1389,fieldbeat_report_ticket_number,1,2026-08-06T07:10:55.306Z
9999|1392,9999,1392,fieldbeat_report_ticket_number,1,2026-08-06T07:10:55.306Z
767638|1394,767638,1394,fieldbeat_report_ticket_number,1,2026-08-06T07:10:55.306Z
9999|1396,9999,1396,fieldbeat_report_ticket_number,1,2026-08-06T07:10:55.306Z
9999|1397,9999,1397,fieldbeat_report_ticket_number,1,2026-08-06T07:10:55.306Z
704250|1398,704250,1398,fieldbeat_report_ticket_number,1,2026-08-06T07:10:55.306Z
937899|1399,937899,1399,fieldbeat_report_ticket_number,1,2026-08-06T07:10:55.306Z
964324|1400,964324,1400,fieldbeat_report_ticket_number,1,2026-08-06T07:10:55.306Z
749449|1401,749449,1401,fieldbeat_report_ticket_number,1,2026-08-06T07:10:55.306Z
605236|1402,605236,1402,fieldbeat_report_ticket_number,1,2026-08-06T07:10:55.306Z
555555|1403,555555,1403,fieldbeat_report_ticket_number,1,2026-08-06T07:10:55.306Z
9999|1404,9999,1404,fieldbeat_report_ticket_number,1,2026-08-06T07:10:55.306Z
777777|1405,777777,1405,fieldbeat_report_ticket_number,1,2026-08-06T07:10:55.306Z
777777|1406,777777,1406,fieldbeat_report_ticket_number,1,2026-08-06T07:10:55.306Z
140955|1407,140955,1407,fieldbeat_report_ticket_number,1,2026-08-06T07:10:55.306Z
0202|1410,0202,1410,fieldbeat_report_ticket_number,1,2026-08-06T07:10:55.306Z
442987|1411,442987,1411,fieldbeat_report_ticket_number,1,2026-08-06T07:10:55.306Z
286087|1414,286087,1414,fieldbeat_report_ticket_number,1,2026-08-06T07:10:55.306Z
0000|1415,0000,1415,fieldbeat_report_ticket_number,1,2026-08-06T07:10:55.306Z
630070|1416,630070,1416,fieldbeat_report_ticket_number,1,2026-08-06T07:10:55.306Z
341997|1418,341997,1418,fieldbeat_report_ticket_number,1,2026-08-06T07:10:55.306Z
824734|1420,824734,1420,fieldbeat_report_ticket_number,1,2026-08-06T07:10:55.306Z
706651|1422,706651,1422,fieldbeat_report_ticket_number,1,2026-08-06T07:10:55.306Z
0203|1423,0203,1423,fieldbeat_report_ticket_number,1,2026-08-06T07:10:55.306Z
777777|1424,777777,1424,fieldbeat_report_ticket_number,1,2026-08-06T07:10:55.306Z
368933|1426,368933,1426,fieldbeat_report_ticket_number,1,2026-08-06T07:10:55.306Z
368933|1427,368933,1427,fieldbeat_report_ticket_number,1,2026-08-06T07:10:55.306Z
777777|1428,777777,1428,fieldbeat_report_ticket_number,1,2026-08-06T07:10:55.306Z
722542|1429,722542,1429,fieldbeat_report_ticket_number,1,2026-08-06T07:10:55.306Z
792066|1430,792066,1430,fieldbeat_report_ticket_number,1,2026-08-06T07:10:55.306Z
777777|1431,777777,1431,fieldbeat_report_ticket_number,1,2026-08-06T07:10:55.306Z
824052|1435,824052,1435,fieldbeat_report_ticket_number,1,2026-08-06T07:10:55.306Z
100002|1436,100002,1436,fieldbeat_report_ticket_number,1,2026-08-06T07:10:55.306Z
758188|1437,758188,1437,fieldbeat_report_ticket_number,1,2026-08-06T07:10:55.306Z
415273|1438,415273,1438,fieldbeat_report_ticket_number,1,2026-08-06T07:10:55.306Z
488370|1439,488370,1439,fieldbeat_report_ticket_number,1,2026-08-06T07:10:55.306Z
0|1443,0,1443,fieldbeat_report_ticket_number,1,2026-08-06T07:10:55.306Z
563156|1444,563156,1444,fieldbeat_report_ticket_number,1,2026-08-06T07:10:55.306Z
320254|1445,320254,1445,fieldbeat_report_ticket_number,1,2026-08-06T07:10:55.306Z
9999|1446,9999,1446,fieldbeat_report_ticket_number,1,2026-08-06T07:10:55.306Z
212275|1447,212275,1447,fieldbeat_report_ticket_number,1,2026-08-06T07:10:55.306Z
0001|1448,0001,1448,fieldbeat_report_ticket_number,1,2026-08-06T07:10:55.306Z
458280|1449,458280,1449,fieldbeat_report_ticket_number,1,2026-08-06T07:10:55.306Z
928747|1450,928747,1450,fieldbeat_report_ticket_number,1,2026-08-06T07:10:55.306Z
116702|1451,116702,1451,fieldbeat_report_ticket_number,1,2026-08-06T07:10:55.306Z
392899|1453,392899,1453,fieldbeat_report_ticket_number,1,2026-08-06T07:10:55.306Z
392899|1455,392899,1455,fieldbeat_report_ticket_number,1,2026-08-06T07:10:55.306Z
116702|1457,116702,1457,fieldbeat_report_ticket_number,1,2026-08-06T07:10:55.306Z
116702|1458,116702,1458,fieldbeat_report_ticket_number,1,2026-08-06T07:10:55.306Z
9999|1459,9999,1459,fieldbeat_report_ticket_number,1,2026-08-06T07:10:55.306Z
9999|1461,9999,1461,fieldbeat_report_ticket_number,1,2026-08-06T07:10:55.306Z
436271|1463,436271,1463,fieldbeat_report_ticket_number,1,2026-08-06T07:10:55.306Z
563550|1465,563550,1465,fieldbeat_report_ticket_number,1,2026-08-06T07:10:55.306Z
120359|1468,120359,1468,fieldbeat_report_ticket_number,1,2026-08-06T07:10:55.306Z
453949|1469,453949,1469,fieldbeat_report_ticket_number,1,2026-08-06T07:10:55.306Z
727363|1470,727363,1470,fieldbeat_report_ticket_number,1,2026-08-06T07:10:55.306Z
494002|1471,494002,1471,fieldbeat_report_ticket_number,1,2026-08-06T07:10:55.306Z
010101|1472,010101,1472,fieldbeat_report_ticket_number,1,2026-08-06T07:10:55.306Z
524622|1473,524622,1473,fieldbeat_report_ticket_number,1,2026-08-06T07:10:55.306Z
138414|1474,138414,1474,fieldbeat_report_ticket_number,1,2026-08-06T07:10:55.306Z
730927|1475,730927,1475,fieldbeat_report_ticket_number,1,2026-08-06T07:10:55.306Z
444321|1477,444321,1477,fieldbeat_report_ticket_number,1,2026-08-06T07:10:55.306Z
868583|1479,868583,1479,fieldbeat_report_ticket_number,1,2026-08-06T07:10:55.306Z
234528|1481,234528,1481,fieldbeat_report_ticket_number,1,2026-08-06T07:10:55.306Z
863393|1484,863393,1484,fieldbeat_report_ticket_number,1,2026-08-06T07:10:55.306Z
0101|1485,0101,1485,fieldbeat_report_ticket_number,1,2026-08-06T07:10:55.306Z
583766|1486,583766,1486,fieldbeat_report_ticket_number,1,2026-08-06T07:10:55.306Z
9999|1487,9999,1487,fieldbeat_report_ticket_number,1,2026-08-06T07:10:55.306Z
825460|1488,825460,1488,fieldbeat_report_ticket_number,1,2026-08-06T07:10:55.306Z
439533|1490,439533,1490,fieldbeat_report_ticket_number,1,2026-08-06T07:10:55.306Z
0101|1491,0101,1491,fieldbeat_report_ticket_number,1,2026-08-06T07:10:55.306Z
900438|1492,900438,1492,fieldbeat_report_ticket_number,1,2026-08-06T07:10:55.306Z
883541|1494,883541,1494,fieldbeat_report_ticket_number,1,2026-08-06T07:10:55.306Z
293312|1496,293312,1496,fieldbeat_report_ticket_number,1,2026-08-06T07:10:55.306Z
755004|1497,755004,1497,fieldbeat_report_ticket_number,1,2026-08-06T07:10:55.306Z
339909|1498,339909,1498,fieldbeat_report_ticket_number,1,2026-08-06T07:10:55.306Z
417278|1499,417278,1499,fieldbeat_report_ticket_number,1,2026-08-06T07:10:55.306Z
993911|1500,993911,1500,fieldbeat_report_ticket_number,1,2026-08-06T07:10:55.306Z
867282|1501,867282,1501,fieldbeat_report_ticket_number,1,2026-08-06T07:10:55.306Z
844620|1502,844620,1502,fieldbeat_report_ticket_number,1,2026-08-06T07:10:55.306Z
654641|1504,654641,1504,fieldbeat_report_ticket_number,1,2026-08-06T07:10:55.306Z
549574|1505,549574,1505,fieldbeat_report_ticket_number,1,2026-08-06T07:10:55.306Z
844620|1506,844620,1506,fieldbeat_report_ticket_number,1,2026-08-06T07:10:55.306Z
808492|1508,808492,1508,fieldbeat_report_ticket_number,1,2026-08-06T07:10:55.306Z
162775|1509,162775,1509,fieldbeat_report_ticket_number,1,2026-08-06T07:10:55.306Z
4445992|1510,4445992,1510,fieldbeat_report_ticket_number,1,2026-08-06T07:10:55.306Z
588386|1511,588386,1511,fieldbeat_report_ticket_number,1,2026-08-06T07:10:55.306Z
466517|1512,466517,1512,fieldbeat_report_ticket_number,1,2026-08-06T07:10:55.306Z
720301|1513,720301,1513,fieldbeat_report_ticket_number,1,2026-08-06T07:10:55.306Z
0101|1514,0101,1514,fieldbeat_report_ticket_number,1,2026-08-06T07:10:55.306Z
9999|1516,9999,1516,fieldbeat_report_ticket_number,1,2026-08-06T07:10:55.306Z
520423|1517,520423,1517,fieldbeat_report_ticket_number,1,2026-08-06T07:10:55.306Z
837172|1518,837172,1518,fieldbeat_report_ticket_number,1,2026-08-06T07:10:55.306Z
520423|1521,520423,1521,fieldbeat_report_ticket_number,1,2026-08-06T07:10:55.306Z
335280|1523,335280,1523,fieldbeat_report_ticket_number,1,2026-08-06T07:10:55.306Z
919979|1525,919979,1525,fieldbeat_report_ticket_number,1,2026-08-06T07:10:55.306Z
0101|1526,0101,1526,fieldbeat_report_ticket_number,1,2026-08-06T07:10:55.306Z
983998|1527,983998,1527,fieldbeat_report_ticket_number,1,2026-08-06T07:10:55.306Z
777777|1528,777777,1528,fieldbeat_report_ticket_number,1,2026-08-06T07:10:55.306Z
494456|1529,494456,1529,fieldbeat_report_ticket_number,1,2026-08-06T07:10:55.306Z
137421|1530,137421,1530,fieldbeat_report_ticket_number,1,2026-08-06T07:10:55.306Z
9999|1531,9999,1531,fieldbeat_report_ticket_number,1,2026-08-06T07:10:55.306Z
414306|1532,414306,1532,fieldbeat_report_ticket_number,1,2026-08-06T07:10:55.306Z
242713|1534,242713,1534,fieldbeat_report_ticket_number,1,2026-08-06T07:10:55.306Z
477000|1535,477000,1535,fieldbeat_report_ticket_number,1,2026-08-06T07:10:55.306Z
242713|1537,242713,1537,fieldbeat_report_ticket_number,1,2026-08-06T07:10:55.306Z
591426|1538,591426,1538,fieldbeat_report_ticket_number,1,2026-08-06T07:10:55.306Z
134319|1539,134319,1539,fieldbeat_report_ticket_number,1,2026-08-06T07:10:55.306Z
478766|1541,478766,1541,fieldbeat_report_ticket_number,1,2026-08-06T07:10:55.306Z
392327|1543,392327,1543,fieldbeat_report_ticket_number,1,2026-08-06T07:10:55.306Z
201212|1544,201212,1544,fieldbeat_report_ticket_number,1,2026-08-06T07:10:55.306Z
777777|1545,777777,1545,fieldbeat_report_ticket_number,1,2026-08-06T07:10:55.306Z
777777|1547,777777,1547,fieldbeat_report_ticket_number,1,2026-08-06T07:10:55.306Z
9999|1549,9999,1549,fieldbeat_report_ticket_number,1,2026-08-06T07:10:55.306Z
120365|1550,120365,1550,fieldbeat_report_ticket_number,1,2026-08-06T07:10:55.306Z
152475|1552,152475,1552,fieldbeat_report_ticket_number,1,2026-08-06T07:10:55.306Z
650855|1553,650855,1553,fieldbeat_report_ticket_number,1,2026-08-06T07:10:55.306Z
130783|1554,130783,1554,fieldbeat_report_ticket_number,1,2026-08-06T07:10:55.306Z
968806|1555,968806,1555,fieldbeat_report_ticket_number,1,2026-08-06T07:10:55.306Z
0000|1556,0000,1556,fieldbeat_report_ticket_number,1,2026-08-06T07:10:55.306Z
0101|1557,0101,1557,fieldbeat_report_ticket_number,1,2026-08-06T07:10:55.306Z
5555|1560,5555,1560,fieldbeat_report_ticket_number,1,2026-08-06T07:10:55.306Z
9999|1561,9999,1561,fieldbeat_report_ticket_number,1,2026-08-06T07:10:55.306Z
777777|1562,777777,1562,fieldbeat_report_ticket_number,1,2026-08-06T07:10:55.306Z
330260|1564,330260,1564,fieldbeat_report_ticket_number,1,2026-08-06T07:10:55.306Z
9999999|1565,9999999,1565,fieldbeat_report_ticket_number,1,2026-08-06T07:10:55.306Z
736046|1567,736046,1567,fieldbeat_report_ticket_number,1,2026-08-06T07:10:55.306Z
555|1568,555,1568,fieldbeat_report_ticket_number,1,2026-08-06T07:10:55.306Z
727739|1579,727739,1579,fieldbeat_report_ticket_number,1,2026-08-06T07:10:55.306Z
672716|1582,672716,1582,fieldbeat_report_ticket_number,1,2026-08-06T07:10:55.306Z
621172|1583,621172,1583,fieldbeat_report_ticket_number,1,2026-08-06T07:10:55.306Z
777777|1585,777777,1585,fieldbeat_report_ticket_number,1,2026-08-06T07:10:55.306Z
0001|1586,0001,1586,fieldbeat_report_ticket_number,1,2026-08-06T07:10:55.306Z
906153|1588,906153,1588,fieldbeat_report_ticket_number,1,2026-08-06T07:10:55.306Z
950403|1590,950403,1590,fieldbeat_report_ticket_number,1,2026-08-06T07:10:55.306Z
9999|1596,9999,1596,fieldbeat_report_ticket_number,1,2026-08-06T07:10:55.306Z
9999|1597,9999,1597,fieldbeat_report_ticket_number,1,2026-08-06T07:10:55.306Z
0101|1598,0101,1598,fieldbeat_report_ticket_number,1,2026-08-06T07:10:55.306Z
0101|1601,0101,1601,fieldbeat_report_ticket_number,1,2026-08-06T07:10:55.306Z
0101|1604,0101,1604,fieldbeat_report_ticket_number,1,2026-08-06T07:10:55.306Z
9999|1605,9999,1605,fieldbeat_report_ticket_number,1,2026-08-06T07:10:55.306Z
0101|1606,0101,1606,fieldbeat_report_ticket_number,1,2026-08-06T07:10:55.306Z
677843|1607,677843,1607,fieldbeat_report_ticket_number,1,2026-08-06T07:10:55.306Z
0101|1608,0101,1608,fieldbeat_report_ticket_number,1,2026-08-06T07:10:55.306Z
531163|1609,531163,1609,fieldbeat_report_ticket_number,1,2026-08-06T07:10:55.306Z
346827|1610,346827,1610,fieldbeat_report_ticket_number,1,2026-08-06T07:10:55.306Z
777777|1611,777777,1611,fieldbeat_report_ticket_number,1,2026-08-06T07:10:55.306Z
661775|1612,661775,1612,fieldbeat_report_ticket_number,1,2026-08-06T07:10:55.306Z
777777|1613,777777,1613,fieldbeat_report_ticket_number,1,2026-08-06T07:10:55.306Z
9999|1614,9999,1614,fieldbeat_report_ticket_number,1,2026-08-06T07:10:55.306Z
5|1615,5,1615,fieldbeat_report_ticket_number,1,2026-08-06T07:10:55.306Z
11540|1616,11540,1616,fieldbeat_report_ticket_number,1,2026-08-06T07:10:55.306Z
9999|1617,9999,1617,fieldbeat_report_ticket_number,1,2026-08-06T07:10:55.306Z
574768|1618,574768,1618,fieldbeat_report_ticket_number,1,2026-08-06T07:10:55.306Z
451216|1621,451216,1621,fieldbeat_report_ticket_number,1,2026-08-06T07:10:55.306Z
0101|1622,0101,1622,fieldbeat_report_ticket_number,1,2026-08-06T07:10:55.306Z
222061|1627,222061,1627,fieldbeat_report_ticket_number,1,2026-08-06T07:10:55.306Z
697208|1628,697208,1628,fieldbeat_report_ticket_number,1,2026-08-06T07:10:55.306Z
166809|1629,166809,1629,fieldbeat_report_ticket_number,1,2026-08-06T07:10:55.306Z
312736|1631,312736,1631,fieldbeat_report_ticket_number,1,2026-08-06T07:10:55.306Z
9999|1633,9999,1633,fieldbeat_report_ticket_number,1,2026-08-06T07:10:55.306Z
777777|1634,777777,1634,fieldbeat_report_ticket_number,1,2026-08-06T07:10:55.306Z
639161|1636,639161,1636,fieldbeat_report_ticket_number,1,2026-08-06T07:10:55.306Z
575784|1637,575784,1637,fieldbeat_report_ticket_number,1,2026-08-06T07:10:55.306Z
777777|1638,777777,1638,fieldbeat_report_ticket_number,1,2026-08-06T07:10:55.306Z
620100|1640,620100,1640,fieldbeat_report_ticket_number,1,2026-08-06T07:10:55.306Z
326647|1641,326647,1641,fieldbeat_report_ticket_number,1,2026-08-06T07:10:55.306Z
9999|1642,9999,1642,fieldbeat_report_ticket_number,1,2026-08-06T07:10:55.306Z
536165|1645,536165,1645,fieldbeat_report_ticket_number,1,2026-08-06T07:10:55.306Z
9999|1646,9999,1646,fieldbeat_report_ticket_number,1,2026-08-06T07:10:55.306Z
129036|1648,129036,1648,fieldbeat_report_ticket_number,1,2026-08-06T07:10:55.306Z
224161|1649,224161,1649,fieldbeat_report_ticket_number,1,2026-08-06T07:10:55.306Z
129036|1654,129036,1654,fieldbeat_report_ticket_number,1,2026-08-06T07:10:55.306Z
888917|1655,888917,1655,fieldbeat_report_ticket_number,1,2026-08-06T07:10:55.306Z
804518|1657,804518,1657,fieldbeat_report_ticket_number,1,2026-08-06T07:10:55.306Z
777777|1658,777777,1658,fieldbeat_report_ticket_number,1,2026-08-06T07:10:55.306Z
0101|1659,0101,1659,fieldbeat_report_ticket_number,1,2026-08-06T07:10:55.306Z
0101|1660,0101,1660,fieldbeat_report_ticket_number,1,2026-08-06T07:10:55.306Z
292917|1667,292917,1667,fieldbeat_report_ticket_number,1,2026-08-06T07:10:55.306Z
386771|1668,386771,1668,fieldbeat_report_ticket_number,1,2026-08-06T07:10:55.306Z
596438|1669,596438,1669,fieldbeat_report_ticket_number,1,2026-08-06T07:10:55.306Z
386771|1671,386771,1671,fieldbeat_report_ticket_number,1,2026-08-06T07:10:55.306Z
692161|1672,692161,1672,fieldbeat_report_ticket_number,1,2026-08-06T07:10:55.306Z
475039|1674,475039,1674,fieldbeat_report_ticket_number,1,2026-08-06T07:10:55.306Z
596438|1675,596438,1675,fieldbeat_report_ticket_number,1,2026-08-06T07:10:55.306Z
9999|1678,9999,1678,fieldbeat_report_ticket_number,1,2026-08-06T07:10:55.306Z
9999|1679,9999,1679,fieldbeat_report_ticket_number,1,2026-08-06T07:10:55.306Z
650403|1680,650403,1680,fieldbeat_report_ticket_number,1,2026-08-06T07:10:55.306Z
475039|1681,475039,1681,fieldbeat_report_ticket_number,1,2026-08-06T07:10:55.306Z
599484|1682,599484,1682,fieldbeat_report_ticket_number,1,2026-08-06T07:10:55.306Z
236942|1691,236942,1691,fieldbeat_report_ticket_number,1,2026-08-06T07:10:55.306Z
235361|1702,235361,1702,fieldbeat_report_ticket_number,1,2026-08-06T07:10:55.306Z
236644|1704,236644,1704,fieldbeat_report_ticket_number,1,2026-08-06T07:10:55.306Z
9999|1705,9999,1705,fieldbeat_report_ticket_number,1,2026-08-06T07:10:55.306Z
523761|1709,523761,1709,fieldbeat_report_ticket_number,1,2026-08-06T07:10:55.306Z
9999|1710,9999,1710,fieldbeat_report_ticket_number,1,2026-08-06T07:10:55.306Z
879223|1714,879223,1714,fieldbeat_report_ticket_number,1,2026-08-06T07:10:55.306Z
777777|1715,777777,1715,fieldbeat_report_ticket_number,1,2026-08-06T07:10:55.306Z
777777|1716,777777,1716,fieldbeat_report_ticket_number,1,2026-08-06T07:10:55.306Z
9999|1717,9999,1717,fieldbeat_report_ticket_number,1,2026-08-06T07:10:55.306Z
777777|1724,777777,1724,fieldbeat_report_ticket_number,1,2026-08-06T07:10:55.306Z
0101|1728,0101,1728,fieldbeat_report_ticket_number,1,2026-08-06T07:10:55.306Z
0101|1729,0101,1729,fieldbeat_report_ticket_number,1,2026-08-06T07:10:55.306Z
814601|1732,814601,1732,fieldbeat_report_ticket_number,1,2026-08-06T07:10:55.306Z
9999|1734,9999,1734,fieldbeat_report_ticket_number,1,2026-08-06T07:10:55.306Z
9999|1735,9999,1735,fieldbeat_report_ticket_number,1,2026-08-06T07:10:55.306Z
0|1738,0,1738,fieldbeat_report_ticket_number,1,2026-08-06T07:10:55.306Z
0000|1741,0000,1741,fieldbeat_report_ticket_number,1,2026-08-06T07:10:55.306Z
0000|1742,0000,1742,fieldbeat_report_ticket_number,1,2026-08-06T07:10:55.306Z
0000|1747,0000,1747,fieldbeat_report_ticket_number,1,2026-08-06T07:10:55.306Z
0000|1748,0000,1748,fieldbeat_report_ticket_number,1,2026-08-06T07:10:55.306Z
0000|1749,0000,1749,fieldbeat_report_ticket_number,1,2026-08-06T07:10:55.306Z
307865|1751,307865,1751,fieldbeat_report_ticket_number,1,2026-08-06T07:10:55.306Z
777777|1752,777777,1752,fieldbeat_report_ticket_number,1,2026-08-06T07:10:55.306Z
0000|1754,0000,1754,fieldbeat_report_ticket_number,1,2026-08-06T07:10:55.306Z
0000|1756,0000,1756,fieldbeat_report_ticket_number,1,2026-08-06T07:10:55.306Z
0000|1757,0000,1757,fieldbeat_report_ticket_number,1,2026-08-06T07:10:55.306Z
409561|1758,409561,1758,fieldbeat_report_ticket_number,1,2026-08-06T07:10:55.306Z
0000|1763,0000,1763,fieldbeat_report_ticket_number,1,2026-08-06T07:10:55.306Z
883797|1764,883797,1764,fieldbeat_report_ticket_number,1,2026-08-06T07:10:55.306Z
444689|1767,444689,1767,fieldbeat_report_ticket_number,1,2026-08-06T07:10:55.306Z
0000|1768,0000,1768,fieldbeat_report_ticket_number,1,2026-08-06T07:10:55.306Z
287369|1770,287369,1770,fieldbeat_report_ticket_number,1,2026-08-06T07:10:55.306Z
456444|1771,456444,1771,fieldbeat_report_ticket_number,1,2026-08-06T07:10:55.306Z
793080|1772,793080,1772,fieldbeat_report_ticket_number,1,2026-08-06T07:10:55.306Z
904418|1774,904418,1774,fieldbeat_report_ticket_number,1,2026-08-06T07:10:55.306Z
9999|1778,9999,1778,fieldbeat_report_ticket_number,1,2026-08-06T07:10:55.306Z
00001|1780,00001,1780,fieldbeat_report_ticket_number,1,2026-08-06T07:10:55.306Z
000000|1781,000000,1781,fieldbeat_report_ticket_number,1,2026-08-06T07:10:55.306Z
428746|1783,428746,1783,fieldbeat_report_ticket_number,1,2026-08-06T07:10:55.306Z
136342|1784,136342,1784,fieldbeat_report_ticket_number,1,2026-08-06T07:10:55.306Z
942847|1785,942847,1785,fieldbeat_report_ticket_number,1,2026-08-06T07:10:55.306Z
000|1788,000,1788,fieldbeat_report_ticket_number,1,2026-08-06T07:10:55.306Z
0001|1789,0001,1789,fieldbeat_report_ticket_number,1,2026-08-06T07:10:55.306Z
0001|1792,0001,1792,fieldbeat_report_ticket_number,1,2026-08-06T07:10:55.306Z
642619|1793,642619,1793,fieldbeat_report_ticket_number,1,2026-08-06T07:10:55.306Z
777777|1795,777777,1795,fieldbeat_report_ticket_number,1,2026-08-06T07:10:55.306Z
391499|1796,391499,1796,fieldbeat_report_ticket_number,1,2026-08-06T07:10:55.306Z
856787|1797,856787,1797,fieldbeat_report_ticket_number,1,2026-08-06T07:10:55.306Z
777777|1799,777777,1799,fieldbeat_report_ticket_number,1,2026-08-06T07:10:55.306Z
260481|1801,260481,1801,fieldbeat_report_ticket_number,1,2026-08-06T07:10:55.306Z
837833|1802,837833,1802,fieldbeat_report_ticket_number,1,2026-08-06T07:10:55.306Z
323448|1803,323448,1803,fieldbeat_report_ticket_number,1,2026-08-06T07:10:55.306Z
893689|1804,893689,1804,fieldbeat_report_ticket_number,1,2026-08-06T07:10:55.306Z
0101|1806,0101,1806,fieldbeat_report_ticket_number,1,2026-08-06T07:10:55.306Z
777777|1807,777777,1807,fieldbeat_report_ticket_number,1,2026-08-06T07:10:55.306Z
0000|1808,0000,1808,fieldbeat_report_ticket_number,1,2026-08-06T07:10:55.306Z
916830|1809,916830,1809,fieldbeat_report_ticket_number,1,2026-08-06T07:10:55.306Z
0101|1810,0101,1810,fieldbeat_report_ticket_number,1,2026-08-06T07:10:55.306Z
513749|1815,513749,1815,fieldbeat_report_ticket_number,1,2026-08-06T07:10:55.306Z
9999|1818,9999,1818,fieldbeat_report_ticket_number,1,2026-08-06T07:10:55.306Z
00001|1819,00001,1819,fieldbeat_report_ticket_number,1,2026-08-06T07:10:55.306Z
0000|1822,0000,1822,fieldbeat_report_ticket_number,1,2026-08-06T07:10:55.306Z
158251|1825,158251,1825,fieldbeat_report_ticket_number,1,2026-08-06T07:10:55.306Z
777777|1828,777777,1828,fieldbeat_report_ticket_number,1,2026-08-06T07:10:55.306Z
9999|1829,9999,1829,fieldbeat_report_ticket_number,1,2026-08-06T07:10:55.306Z
9999|1841,9999,1841,fieldbeat_report_ticket_number,1,2026-08-06T07:10:55.306Z
555|1842,555,1842,fieldbeat_report_ticket_number,1,2026-08-06T07:10:55.306Z
777777|1853,777777,1853,fieldbeat_report_ticket_number,1,2026-08-06T07:10:55.306Z
534360|1855,534360,1855,fieldbeat_report_ticket_number,1,2026-08-06T07:10:55.306Z
866043|1859,866043,1859,fieldbeat_report_ticket_number,1,2026-08-06T07:10:55.306Z
596917|1861,596917,1861,fieldbeat_report_ticket_number,1,2026-08-06T07:10:55.306Z
387287|1862,387287,1862,fieldbeat_report_ticket_number,1,2026-08-06T07:10:55.306Z
9999|1872,9999,1872,fieldbeat_report_ticket_number,1,2026-08-06T07:10:55.306Z
9999|1873,9999,1873,fieldbeat_report_ticket_number,1,2026-08-06T07:10:55.306Z
154919|1874,154919,1874,fieldbeat_report_ticket_number,1,2026-08-06T07:10:55.306Z
0000|1875,0000,1875,fieldbeat_report_ticket_number,1,2026-08-06T07:10:55.306Z
165181|1876,165181,1876,fieldbeat_report_ticket_number,1,2026-08-06T07:10:55.306Z
777777|1878,777777,1878,fieldbeat_report_ticket_number,1,2026-08-06T07:10:55.306Z
777777|1879,777777,1879,fieldbeat_report_ticket_number,1,2026-08-06T07:10:55.306Z
566974|1882,566974,1882,fieldbeat_report_ticket_number,1,2026-08-06T07:10:55.306Z
777777|1883,777777,1883,fieldbeat_report_ticket_number,1,2026-08-06T07:10:55.306Z
0101|1885,0101,1885,fieldbeat_report_ticket_number,1,2026-08-06T07:10:55.306Z
45|1891,45,1891,fieldbeat_report_ticket_number,1,2026-08-06T07:10:55.306Z
45|1893,45,1893,fieldbeat_report_ticket_number,1,2026-08-06T07:10:55.306Z
0000|1894,0000,1894,fieldbeat_report_ticket_number,1,2026-08-06T07:10:55.306Z
693481|1895,693481,1895,fieldbeat_report_ticket_number,1,2026-08-06T07:10:55.306Z
777777|1900,777777,1900,fieldbeat_report_ticket_number,1,2026-08-06T07:10:55.306Z
9999|1902,9999,1902,fieldbeat_report_ticket_number,1,2026-08-06T07:10:55.306Z
455697|1903,455697,1903,fieldbeat_report_ticket_number,1,2026-08-06T07:10:55.306Z
603295|1906,603295,1906,fieldbeat_report_ticket_number,1,2026-08-06T07:10:55.306Z
544858|1907,544858,1907,fieldbeat_report_ticket_number,1,2026-08-06T07:10:55.306Z
001|1908,001,1908,fieldbeat_report_ticket_number,1,2026-08-06T07:10:55.306Z
506915|1909,506915,1909,fieldbeat_report_ticket_number,1,2026-08-06T07:10:55.306Z
985059|1910,985059,1910,fieldbeat_report_ticket_number,1,2026-08-06T07:10:55.306Z
910599|1913,910599,1913,fieldbeat_report_ticket_number,1,2026-08-06T07:10:55.306Z
234313|1915,234313,1915,fieldbeat_report_ticket_number,1,2026-08-06T07:10:55.306Z
0000|1918,0000,1918,fieldbeat_report_ticket_number,1,2026-08-06T07:10:55.306Z
0000|1919,0000,1919,fieldbeat_report_ticket_number,1,2026-08-06T07:10:55.306Z
9999|1920,9999,1920,fieldbeat_report_ticket_number,1,2026-08-06T07:10:55.306Z
568581|1922,568581,1922,fieldbeat_report_ticket_number,1,2026-08-06T07:10:55.306Z
0000|1924,0000,1924,fieldbeat_report_ticket_number,1,2026-08-06T07:10:55.306Z
370556|1925,370556,1925,fieldbeat_report_ticket_number,1,2026-08-06T07:10:55.306Z
777777|1927,777777,1927,fieldbeat_report_ticket_number,1,2026-08-06T07:10:55.306Z
777777|1928,777777,1928,fieldbeat_report_ticket_number,1,2026-08-06T07:10:55.306Z
225444|1929,225444,1929,fieldbeat_report_ticket_number,1,2026-08-06T07:10:55.306Z
0000|1930,0000,1930,fieldbeat_report_ticket_number,1,2026-08-06T07:10:55.306Z
123178|1932,123178,1932,fieldbeat_report_ticket_number,1,2026-08-06T07:10:55.306Z
0101|1935,0101,1935,fieldbeat_report_ticket_number,1,2026-08-06T07:10:55.306Z
577218|1938,577218,1938,fieldbeat_report_ticket_number,1,2026-08-06T07:10:55.306Z
399072|1939,399072,1939,fieldbeat_report_ticket_number,1,2026-08-06T07:10:55.306Z
777777|1940,777777,1940,fieldbeat_report_ticket_number,1,2026-08-06T07:10:55.306Z
777777|1941,777777,1941,fieldbeat_report_ticket_number,1,2026-08-06T07:10:55.306Z
436837|1944,436837,1944,fieldbeat_report_ticket_number,1,2026-08-06T07:10:55.306Z
305630|1948,305630,1948,fieldbeat_report_ticket_number,1,2026-08-06T07:10:55.306Z
0000|1949,0000,1949,fieldbeat_report_ticket_number,1,2026-08-06T07:10:55.306Z
9999|1950,9999,1950,fieldbeat_report_ticket_number,1,2026-08-06T07:10:55.306Z
356875|1952,356875,1952,fieldbeat_report_ticket_number,1,2026-08-06T07:10:55.306Z
720791|1954,720791,1954,fieldbeat_report_ticket_number,1,2026-08-06T07:10:55.306Z
502288|1956,502288,1956,fieldbeat_report_ticket_number,1,2026-08-06T07:10:55.306Z
752135|1957,752135,1957,fieldbeat_report_ticket_number,1,2026-08-06T07:10:55.306Z
752135|1958,752135,1958,fieldbeat_report_ticket_number,1,2026-08-06T07:10:55.306Z
00000|1959,00000,1959,fieldbeat_report_ticket_number,1,2026-08-06T07:10:55.306Z
764750|1961,764750,1961,fieldbeat_report_ticket_number,1,2026-08-06T07:10:55.306Z
292755|1963,292755,1963,fieldbeat_report_ticket_number,1,2026-08-06T07:10:55.306Z
0000|1964,0000,1964,fieldbeat_report_ticket_number,1,2026-08-06T07:10:55.306Z
533300|1966,533300,1966,fieldbeat_report_ticket_number,1,2026-08-06T07:10:55.306Z
577218|1967,577218,1967,fieldbeat_report_ticket_number,1,2026-08-06T07:10:55.306Z
9999|1969,9999,1969,fieldbeat_report_ticket_number,1,2026-08-06T07:10:55.306Z
9999|1972,9999,1972,fieldbeat_report_ticket_number,1,2026-08-06T07:10:55.306Z
601281|1975,601281,1975,fieldbeat_report_ticket_number,1,2026-08-06T07:10:55.306Z
0000|1979,0000,1979,fieldbeat_report_ticket_number,1,2026-08-06T07:10:55.306Z
5911410869292|1981,5911410869292,1981,fieldbeat_report_ticket_number,1,2026-08-06T07:10:55.306Z
439377|1983,439377,1983,fieldbeat_report_ticket_number,1,2026-08-06T07:10:55.306Z
777777|1987,777777,1987,fieldbeat_report_ticket_number,1,2026-08-06T07:10:55.306Z
407168|1992,407168,1992,fieldbeat_report_ticket_number,1,2026-08-06T07:10:55.306Z
0000|1999,0000,1999,fieldbeat_report_ticket_number,1,2026-08-06T07:10:55.306Z
535606|2002,535606,2002,fieldbeat_report_ticket_number,1,2026-08-06T07:10:55.306Z
777777|2004,777777,2004,fieldbeat_report_ticket_number,1,2026-08-06T07:10:55.306Z
777777|2005,777777,2005,fieldbeat_report_ticket_number,1,2026-08-06T07:10:55.306Z
132133|2006,132133,2006,fieldbeat_report_ticket_number,1,2026-08-06T07:10:55.306Z
450927|2007,450927,2007,fieldbeat_report_ticket_number,1,2026-08-06T07:10:55.306Z
452861|2009,452861,2009,fieldbeat_report_ticket_number,1,2026-08-06T07:10:55.306Z
0000|2011,0000,2011,fieldbeat_report_ticket_number,1,2026-08-06T07:10:55.306Z
798676|2012,798676,2012,fieldbeat_report_ticket_number,1,2026-08-06T07:10:55.306Z
503067|2013,503067,2013,fieldbeat_report_ticket_number,1,2026-08-06T07:10:55.306Z
691983|2014,691983,2014,fieldbeat_report_ticket_number,1,2026-08-06T07:10:55.306Z
529099|2016,529099,2016,fieldbeat_report_ticket_number,1,2026-08-06T07:10:55.306Z
526627|2017,526627,2017,fieldbeat_report_ticket_number,1,2026-08-06T07:10:55.306Z
789203|2021,789203,2021,fieldbeat_report_ticket_number,1,2026-08-06T07:10:55.306Z
0000|2023,0000,2023,fieldbeat_report_ticket_number,1,2026-08-06T07:10:55.306Z
555067|2027,555067,2027,fieldbeat_report_ticket_number,1,2026-08-06T07:10:55.306Z
777777|2028,777777,2028,fieldbeat_report_ticket_number,1,2026-08-06T07:10:55.306Z
7777|2034,7777,2034,fieldbeat_report_ticket_number,1,2026-08-06T07:10:55.306Z
886981|2039,886981,2039,fieldbeat_report_ticket_number,1,2026-08-06T07:10:55.306Z
622075|2045,622075,2045,fieldbeat_report_ticket_number,1,2026-08-06T07:10:55.306Z
761642|2046,761642,2046,fieldbeat_report_ticket_number,1,2026-08-06T07:10:55.306Z
777777|2049,777777,2049,fieldbeat_report_ticket_number,1,2026-08-06T07:10:55.306Z
777777|2050,777777,2050,fieldbeat_report_ticket_number,1,2026-08-06T07:10:55.306Z
9999|2051,9999,2051,fieldbeat_report_ticket_number,1,2026-08-06T07:10:55.306Z
9999|2053,9999,2053,fieldbeat_report_ticket_number,1,2026-08-06T07:10:55.306Z
9999|2055,9999,2055,fieldbeat_report_ticket_number,1,2026-08-06T07:10:55.306Z
914690|2058,914690,2058,fieldbeat_report_ticket_number,1,2026-08-06T07:10:55.306Z
9999|2059,9999,2059,fieldbeat_report_ticket_number,1,2026-08-06T07:10:55.306Z
9999|2061,9999,2061,fieldbeat_report_ticket_number,1,2026-08-06T07:10:55.306Z
9999|2069,9999,2069,fieldbeat_report_ticket_number,1,2026-08-06T07:10:55.306Z
0101|2071,0101,2071,fieldbeat_report_ticket_number,1,2026-08-06T07:10:55.306Z
746842|2072,746842,2072,fieldbeat_report_ticket_number,1,2026-08-06T07:10:55.306Z
178099|2073,178099,2073,fieldbeat_report_ticket_number,1,2026-08-06T07:10:55.306Z
674658|2078,674658,2078,fieldbeat_report_ticket_number,1,2026-08-06T07:10:55.306Z
9999|2079,9999,2079,fieldbeat_report_ticket_number,1,2026-08-06T07:10:55.306Z
9999|2080,9999,2080,fieldbeat_report_ticket_number,1,2026-08-06T07:10:55.306Z
468508|2081,468508,2081,fieldbeat_report_ticket_number,1,2026-08-06T07:10:55.306Z
0101|2083,0101,2083,fieldbeat_report_ticket_number,1,2026-08-06T07:10:55.306Z
529724|2087,529724,2087,fieldbeat_report_ticket_number,1,2026-08-06T07:10:55.306Z
743842|2088,743842,2088,fieldbeat_report_ticket_number,1,2026-08-06T07:10:55.306Z
0101|2089,0101,2089,fieldbeat_report_ticket_number,1,2026-08-06T07:10:55.306Z
633009|2091,633009,2091,fieldbeat_report_ticket_number,1,2026-08-06T07:10:55.306Z
468508|2092,468508,2092,fieldbeat_report_ticket_number,1,2026-08-06T07:10:55.306Z
127990|2093,127990,2093,fieldbeat_report_ticket_number,1,2026-08-06T07:10:55.306Z
0101|2094,0101,2094,fieldbeat_report_ticket_number,1,2026-08-06T07:10:55.306Z
888306|2095,888306,2095,fieldbeat_report_ticket_number,1,2026-08-06T07:10:55.306Z
968564|2104,968564,2104,fieldbeat_report_ticket_number,1,2026-08-06T07:10:55.306Z
914690|2108,914690,2108,fieldbeat_report_ticket_number,1,2026-08-06T07:10:55.306Z
716324|2109,716324,2109,fieldbeat_report_ticket_number,1,2026-08-06T07:10:55.306Z
568581|2113,568581,2113,fieldbeat_report_ticket_number,1,2026-08-06T07:10:55.306Z
129036|2119,129036,2119,fieldbeat_report_ticket_number,1,2026-08-06T07:10:55.306Z
191139|2121,191139,2121,fieldbeat_report_ticket_number,1,2026-08-06T07:10:55.306Z
115048|2122,115048,2122,fieldbeat_report_ticket_number,1,2026-08-06T07:10:55.306Z
432011|2124,432011,2124,fieldbeat_report_ticket_number,1,2026-08-06T07:10:55.306Z
0101|2133,0101,2133,fieldbeat_report_ticket_number,1,2026-08-06T07:10:55.306Z
0101|2134,0101,2134,fieldbeat_report_ticket_number,1,2026-08-06T07:10:55.306Z
823784|2135,823784,2135,fieldbeat_report_ticket_number,1,2026-08-06T07:10:55.306Z
758700|2139,758700,2139,fieldbeat_report_ticket_number,1,2026-08-06T07:10:55.306Z
777777|2143,777777,2143,fieldbeat_report_ticket_number,1,2026-08-06T07:10:55.306Z
107185|2150,107185,2150,fieldbeat_report_ticket_number,1,2026-08-06T07:10:55.306Z
816664|2157,816664,2157,fieldbeat_report_ticket_number,1,2026-08-06T07:10:55.306Z
888306|2159,888306,2159,fieldbeat_report_ticket_number,1,2026-08-06T07:10:55.306Z
9999|2160,9999,2160,fieldbeat_report_ticket_number,1,2026-08-06T07:10:55.306Z
381608|2168,381608,2168,fieldbeat_report_ticket_number,1,2026-08-06T07:10:55.306Z
240610|2169,240610,2169,fieldbeat_report_ticket_number,1,2026-08-06T07:10:55.306Z
303706|2173,303706,2173,fieldbeat_report_ticket_number,1,2026-08-06T07:10:55.306Z
561750|2183,561750,2183,fieldbeat_report_ticket_number,1,2026-08-06T07:10:55.306Z
998343|2184,998343,2184,fieldbeat_report_ticket_number,1,2026-08-06T07:10:55.306Z
905198|2185,905198,2185,fieldbeat_report_ticket_number,1,2026-08-06T07:10:55.306Z
885291|2186,885291,2186,fieldbeat_report_ticket_number,1,2026-08-06T07:10:55.306Z
381608|2191,381608,2191,fieldbeat_report_ticket_number,1,2026-08-06T07:10:55.306Z
163167|2192,163167,2192,fieldbeat_report_ticket_number,1,2026-08-06T07:10:55.306Z
670601|2193,670601,2193,fieldbeat_report_ticket_number,1,2026-08-06T07:10:55.306Z
888306|2197,888306,2197,fieldbeat_report_ticket_number,1,2026-08-06T07:10:55.306Z
808156|2200,808156,2200,fieldbeat_report_ticket_number,1,2026-08-06T07:10:55.306Z
560333|2205,560333,2205,fieldbeat_report_ticket_number,1,2026-08-06T07:10:55.306Z
210522|2213,210522,2213,fieldbeat_report_ticket_number,1,2026-08-06T07:10:55.306Z
593101|2214,593101,2214,fieldbeat_report_ticket_number,1,2026-08-06T07:10:55.306Z
210522|2215,210522,2215,fieldbeat_report_ticket_number,1,2026-08-06T07:10:55.306Z
252179|2216,252179,2216,fieldbeat_report_ticket_number,1,2026-08-06T07:10:55.306Z
566921|2217,566921,2217,fieldbeat_report_ticket_number,1,2026-08-06T07:10:55.306Z
775465|2218,775465,2218,fieldbeat_report_ticket_number,1,2026-08-06T07:10:55.306Z
998584|2223,998584,2223,fieldbeat_report_ticket_number,1,2026-08-06T07:10:55.306Z
301318|2224,301318,2224,fieldbeat_report_ticket_number,1,2026-08-06T07:10:55.306Z
125896|2230,125896,2230,fieldbeat_report_ticket_number,1,2026-08-06T07:10:55.306Z
737478|2232,737478,2232,fieldbeat_report_ticket_number,1,2026-08-06T07:10:55.306Z
979673|2237,979673,2237,fieldbeat_report_ticket_number,1,2026-08-06T07:10:55.306Z
183512|2240,183512,2240,fieldbeat_report_ticket_number,1,2026-08-06T07:10:55.306Z
257565|2245,257565,2245,fieldbeat_report_ticket_number,1,2026-08-06T07:10:55.306Z
989244|2248,989244,2248,fieldbeat_report_ticket_number,1,2026-08-06T07:10:55.306Z
914691|2250,914691,2250,fieldbeat_report_ticket_number,1,2026-08-06T07:10:55.306Z
823784|2254,823784,2254,fieldbeat_report_ticket_number,1,2026-08-06T07:10:55.306Z
859491|2257,859491,2257,fieldbeat_report_ticket_number,1,2026-08-06T07:10:55.306Z
9999|2261,9999,2261,fieldbeat_report_ticket_number,1,2026-08-06T07:10:55.306Z
477229|2262,477229,2262,fieldbeat_report_ticket_number,1,2026-08-06T07:10:55.306Z
454944|2263,454944,2263,fieldbeat_report_ticket_number,1,2026-08-06T07:10:55.306Z
448046|2269,448046,2269,fieldbeat_report_ticket_number,1,2026-08-06T07:10:55.306Z
522766|2270,522766,2270,fieldbeat_report_ticket_number,1,2026-08-06T07:10:55.306Z
151048|2271,151048,2271,fieldbeat_report_ticket_number,1,2026-08-06T07:10:55.306Z
813919|2277,813919,2277,fieldbeat_report_ticket_number,1,2026-08-06T07:10:55.306Z
375568|2280,375568,2280,fieldbeat_report_ticket_number,1,2026-08-06T07:10:55.306Z
582497|2281,582497,2281,fieldbeat_report_ticket_number,1,2026-08-06T07:10:55.306Z
246753|2282,246753,2282,fieldbeat_report_ticket_number,1,2026-08-06T07:10:55.306Z
9999|2283,9999,2283,fieldbeat_report_ticket_number,1,2026-08-06T07:10:55.306Z
823784|2284,823784,2284,fieldbeat_report_ticket_number,1,2026-08-06T07:10:55.306Z
142719|2288,142719,2288,fieldbeat_report_ticket_number,1,2026-08-06T07:10:55.306Z
936823|2292,936823,2292,fieldbeat_report_ticket_number,1,2026-08-06T07:10:55.306Z
719390|2295,719390,2295,fieldbeat_report_ticket_number,1,2026-08-06T07:10:55.306Z
555|2313,555,2313,fieldbeat_report_ticket_number,1,2026-08-06T07:10:55.306Z
362745|2314,362745,2314,fieldbeat_report_ticket_number,1,2026-08-06T07:10:55.306Z
281588|2319,281588,2319,fieldbeat_report_ticket_number,1,2026-08-06T07:10:55.306Z
868853|2339,868853,2339,fieldbeat_report_ticket_number,1,2026-08-06T07:10:55.306Z
709670|5290,709670,5290,fieldbeat_report_ticket_number,1,2026-08-06T07:10:55.306Z
603315|5291,603315,5291,fieldbeat_report_ticket_number,1,2026-08-06T07:10:55.306Z
177629|2349,177629,2349,fieldbeat_report_ticket_number,1,2026-08-06T07:10:55.306Z
603315|2350,603315,2350,fieldbeat_report_ticket_number,1,2026-08-06T07:10:55.306Z
904316|2352,904316,2352,fieldbeat_report_ticket_number,1,2026-08-06T07:10:55.306Z
42|2354,42,2354,fieldbeat_report_ticket_number,1,2026-08-06T07:10:55.306Z
256105|2359,256105,2359,fieldbeat_report_ticket_number,1,2026-08-06T07:10:55.306Z
823383|2372,823383,2372,fieldbeat_report_ticket_number,1,2026-08-06T07:10:55.306Z
68|2379,68,2379,fieldbeat_report_ticket_number,1,2026-08-06T07:10:55.306Z
45|2384,45,2384,fieldbeat_report_ticket_number,1,2026-08-06T07:10:55.306Z
90|2389,90,2389,fieldbeat_report_ticket_number,1,2026-08-06T07:10:55.306Z
45|2390,45,2390,fieldbeat_report_ticket_number,1,2026-08-06T07:10:55.306Z
93|2394,93,2394,fieldbeat_report_ticket_number,1,2026-08-06T07:10:55.306Z
823383|2395,823383,2395,fieldbeat_report_ticket_number,1,2026-08-06T07:10:55.306Z
958224|2403,958224,2403,fieldbeat_report_ticket_number,1,2026-08-06T07:10:55.306Z
70|2408,70,2408,fieldbeat_report_ticket_number,1,2026-08-06T07:10:55.306Z
721393|2411,721393,2411,fieldbeat_report_ticket_number,1,2026-08-06T07:10:55.306Z
668704|2418,668704,2418,fieldbeat_report_ticket_number,1,2026-08-06T07:10:55.306Z
764386|2419,764386,2419,fieldbeat_report_ticket_number,1,2026-08-06T07:10:55.306Z
45|2420,45,2420,fieldbeat_report_ticket_number,1,2026-08-06T07:10:55.306Z
9999|2433,9999,2433,fieldbeat_report_ticket_number,1,2026-08-06T07:10:55.306Z
394156|2437,394156,2437,fieldbeat_report_ticket_number,1,2026-08-06T07:10:55.306Z
173501|2438,173501,2438,fieldbeat_report_ticket_number,1,2026-08-06T07:10:55.306Z
42|2439,42,2439,fieldbeat_report_ticket_number,1,2026-08-06T07:10:55.306Z
38|2441,38,2441,fieldbeat_report_ticket_number,1,2026-08-06T07:10:55.306Z
144|2442,144,2442,fieldbeat_report_ticket_number,1,2026-08-06T07:10:55.306Z
143|2443,143,2443,fieldbeat_report_ticket_number,1,2026-08-06T07:10:55.306Z
133|2448,133,2448,fieldbeat_report_ticket_number,1,2026-08-06T07:10:55.306Z
128|2455,128,2455,fieldbeat_report_ticket_number,1,2026-08-06T07:10:55.306Z
159|2458,159,2458,fieldbeat_report_ticket_number,1,2026-08-06T07:10:55.306Z
711824|2460,711824,2460,fieldbeat_report_ticket_number,1,2026-08-06T07:10:55.306Z
148|2464,148,2464,fieldbeat_report_ticket_number,1,2026-08-06T07:10:55.306Z
168|2466,168,2466,fieldbeat_report_ticket_number,1,2026-08-06T07:10:55.306Z
168|2467,168,2467,fieldbeat_report_ticket_number,1,2026-08-06T07:10:55.306Z
170|2468,170,2468,fieldbeat_report_ticket_number,1,2026-08-06T07:10:55.306Z
180|2472,180,2472,fieldbeat_report_ticket_number,1,2026-08-06T07:10:55.306Z
173|2474,173,2474,fieldbeat_report_ticket_number,1,2026-08-06T07:10:55.306Z
181|2475,181,2475,fieldbeat_report_ticket_number,1,2026-08-06T07:10:55.306Z
184|2477,184,2477,fieldbeat_report_ticket_number,1,2026-08-06T07:10:55.306Z
455550|2478,455550,2478,fieldbeat_report_ticket_number,1,2026-08-06T07:10:55.306Z
181|2482,181,2482,fieldbeat_report_ticket_number,1,2026-08-06T07:10:55.306Z
198|2483,198,2483,fieldbeat_report_ticket_number,1,2026-08-06T07:10:55.306Z
194|2485,194,2485,fieldbeat_report_ticket_number,1,2026-08-06T07:10:55.306Z
199|2486,199,2486,fieldbeat_report_ticket_number,1,2026-08-06T07:10:55.306Z
42|2490,42,2490,fieldbeat_report_ticket_number,1,2026-08-06T07:10:55.306Z
194|2491,194,2491,fieldbeat_report_ticket_number,1,2026-08-06T07:10:55.306Z
211|2492,211,2492,fieldbeat_report_ticket_number,1,2026-08-06T07:10:55.306Z
209|2494,209,2494,fieldbeat_report_ticket_number,1,2026-08-06T07:10:55.306Z
175|2500,175,2500,fieldbeat_report_ticket_number,1,2026-08-06T07:10:55.306Z
214|2501,214,2501,fieldbeat_report_ticket_number,1,2026-08-06T07:10:55.306Z
210|2504,210,2504,fieldbeat_report_ticket_number,1,2026-08-06T07:10:55.306Z
217|2505,217,2505,fieldbeat_report_ticket_number,1,2026-08-06T07:10:55.306Z
223|2508,223,2508,fieldbeat_report_ticket_number,1,2026-08-06T07:10:55.306Z
132|2509,132,2509,fieldbeat_report_ticket_number,1,2026-08-06T07:10:55.306Z
234|2513,234,2513,fieldbeat_report_ticket_number,1,2026-08-06T07:10:55.306Z
238|2514,238,2514,fieldbeat_report_ticket_number,1,2026-08-06T07:10:55.306Z
236|2516,236,2516,fieldbeat_report_ticket_number,1,2026-08-06T07:10:55.306Z
227|2517,227,2517,fieldbeat_report_ticket_number,1,2026-08-06T07:10:55.306Z
227|2518,227,2518,fieldbeat_report_ticket_number,1,2026-08-06T07:10:55.306Z
227|2527,227,2527,fieldbeat_report_ticket_number,1,2026-08-06T07:10:55.306Z
251|2528,251,2528,fieldbeat_report_ticket_number,1,2026-08-06T07:10:55.306Z
217|2531,217,2531,fieldbeat_report_ticket_number,1,2026-08-06T07:10:55.306Z
248|2532,248,2532,fieldbeat_report_ticket_number,1,2026-08-06T07:10:55.306Z
262|2536,262,2536,fieldbeat_report_ticket_number,1,2026-08-06T07:10:55.306Z
258|2537,258,2537,fieldbeat_report_ticket_number,1,2026-08-06T07:10:55.306Z
163562|2539,163562,2539,fieldbeat_report_ticket_number,1,2026-08-06T07:10:55.306Z
264|2544,264,2544,fieldbeat_report_ticket_number,1,2026-08-06T07:10:55.306Z
265|2545,265,2545,fieldbeat_report_ticket_number,1,2026-08-06T07:10:55.306Z
279|2547,279,2547,fieldbeat_report_ticket_number,1,2026-08-06T07:10:55.306Z
247|2551,247,2551,fieldbeat_report_ticket_number,1,2026-08-06T07:10:55.306Z
175|2554,175,2554,fieldbeat_report_ticket_number,1,2026-08-06T07:10:55.306Z
172|2555,172,2555,fieldbeat_report_ticket_number,1,2026-08-06T07:10:55.306Z
288|2556,288,2556,fieldbeat_report_ticket_number,1,2026-08-06T07:10:55.306Z
301|2564,301,2564,fieldbeat_report_ticket_number,1,2026-08-06T07:10:55.306Z
323|2566,323,2566,fieldbeat_report_ticket_number,1,2026-08-06T07:10:55.306Z
320|2568,320,2568,fieldbeat_report_ticket_number,1,2026-08-06T07:10:55.306Z
299|2570,299,2570,fieldbeat_report_ticket_number,1,2026-08-06T07:10:55.306Z
353|2576,353,2576,fieldbeat_report_ticket_number,1,2026-08-06T07:10:55.306Z
350|2577,350,2577,fieldbeat_report_ticket_number,1,2026-08-06T07:10:55.306Z
249|2578,249,2578,fieldbeat_report_ticket_number,1,2026-08-06T07:10:55.306Z
364|2583,364,2583,fieldbeat_report_ticket_number,1,2026-08-06T07:10:55.306Z
274|2585,274,2585,fieldbeat_report_ticket_number,1,2026-08-06T07:10:55.306Z
386|2587,386,2587,fieldbeat_report_ticket_number,1,2026-08-06T07:10:55.306Z
42|2633,42,2633,fieldbeat_report_ticket_number,1,2026-08-06T07:10:55.306Z
183|2635,183,2635,fieldbeat_report_ticket_number,1,2026-08-06T07:10:55.306Z
224|2647,224,2647,fieldbeat_report_ticket_number,1,2026-08-06T07:10:55.306Z
475|2653,475,2653,fieldbeat_report_ticket_number,1,2026-08-06T07:10:55.306Z
500|2670,500,2670,fieldbeat_report_ticket_number,1,2026-08-06T07:10:55.306Z
8649|2672,8649,2672,fieldbeat_report_ticket_number,1,2026-08-06T07:10:55.306Z
495|2673,495,2673,fieldbeat_report_ticket_number,1,2026-08-06T07:10:55.306Z
8653|2674,8653,2674,fieldbeat_report_ticket_number,1,2026-08-06T07:10:55.306Z
8657|2678,8657,2678,fieldbeat_report_ticket_number,1,2026-08-06T07:10:55.306Z
8669|2684,8669,2684,fieldbeat_report_ticket_number,1,2026-08-06T07:10:55.306Z
8682|2693,8682,2693,fieldbeat_report_ticket_number,1,2026-08-06T07:10:55.306Z
8657|2695,8657,2695,fieldbeat_report_ticket_number,1,2026-08-06T07:10:55.306Z
8702|2705,8702,2705,fieldbeat_report_ticket_number,1,2026-08-06T07:10:55.306Z
6722|2709,6722,2709,fieldbeat_report_ticket_number,1,2026-08-06T07:10:55.306Z
6723|2716,6723,2716,fieldbeat_report_ticket_number,1,2026-08-06T07:10:55.306Z
0000|2724,0000,2724,fieldbeat_report_ticket_number,1,2026-08-06T07:10:55.306Z
8758|2755,8758,2755,fieldbeat_report_ticket_number,1,2026-08-06T07:10:55.306Z
8775|2762,8775,2762,fieldbeat_report_ticket_number,1,2026-08-06T07:10:55.306Z
8764|2763,8764,2763,fieldbeat_report_ticket_number,1,2026-08-06T07:10:55.306Z
8811|2785,8811,2785,fieldbeat_report_ticket_number,1,2026-08-06T07:10:55.306Z
8794|2787,8794,2787,fieldbeat_report_ticket_number,1,2026-08-06T07:10:55.306Z
8801|2789,8801,2789,fieldbeat_report_ticket_number,1,2026-08-06T07:10:55.306Z
8814|2791,8814,2791,fieldbeat_report_ticket_number,1,2026-08-06T07:10:55.306Z
8681|2795,8681,2795,fieldbeat_report_ticket_number,1,2026-08-06T07:10:55.306Z
8805|2800,8805,2800,fieldbeat_report_ticket_number,1,2026-08-06T07:10:55.306Z
8834|2811,8834,2811,fieldbeat_report_ticket_number,1,2026-08-06T07:10:55.306Z
8846|2818,8846,2818,fieldbeat_report_ticket_number,1,2026-08-06T07:10:55.306Z
8846|2819,8846,2819,fieldbeat_report_ticket_number,1,2026-08-06T07:10:55.306Z
8865|2825,8865,2825,fieldbeat_report_ticket_number,1,2026-08-06T07:10:55.306Z
8696|2826,8696,2826,fieldbeat_report_ticket_number,1,2026-08-06T07:10:55.306Z
8758|2834,8758,2834,fieldbeat_report_ticket_number,1,2026-08-06T07:10:55.306Z
8892|2844,8892,2844,fieldbeat_report_ticket_number,1,2026-08-06T07:10:55.306Z
8892|2846,8892,2846,fieldbeat_report_ticket_number,1,2026-08-06T07:10:55.306Z
000|2851,000,2851,fieldbeat_report_ticket_number,1,2026-08-06T07:10:55.306Z
8901|2853,8901,2853,fieldbeat_report_ticket_number,1,2026-08-06T07:10:55.306Z
8904|2861,8904,2861,fieldbeat_report_ticket_number,1,2026-08-06T07:10:55.306Z
8923|2869,8923,2869,fieldbeat_report_ticket_number,1,2026-08-06T07:10:55.306Z
8904|2871,8904,2871,fieldbeat_report_ticket_number,1,2026-08-06T07:10:55.306Z
8817|2877,8817,2877,fieldbeat_report_ticket_number,1,2026-08-06T07:10:55.306Z
8775|2878,8775,2878,fieldbeat_report_ticket_number,1,2026-08-06T07:10:55.306Z
8943|2885,8943,2885,fieldbeat_report_ticket_number,1,2026-08-06T07:10:55.306Z
8954|2889,8954,2889,fieldbeat_report_ticket_number,1,2026-08-06T07:10:55.306Z
8954|2890,8954,2890,fieldbeat_report_ticket_number,1,2026-08-06T07:10:55.306Z
8951|2891,8951,2891,fieldbeat_report_ticket_number,1,2026-08-06T07:10:55.306Z
8951|2894,8951,2894,fieldbeat_report_ticket_number,1,2026-08-06T07:10:55.306Z
8821|2895,8821,2895,fieldbeat_report_ticket_number,1,2026-08-06T07:10:55.306Z
8984|2916,8984,2916,fieldbeat_report_ticket_number,1,2026-08-06T07:10:55.306Z
8985|2920,8985,2920,fieldbeat_report_ticket_number,1,2026-08-06T07:10:55.306Z
8821|2928,8821,2928,fieldbeat_report_ticket_number,1,2026-08-06T07:10:55.306Z
8981|2929,8981,2929,fieldbeat_report_ticket_number,1,2026-08-06T07:10:55.306Z
8985|2930,8985,2930,fieldbeat_report_ticket_number,1,2026-08-06T07:10:55.306Z
8999|2933,8999,2933,fieldbeat_report_ticket_number,1,2026-08-06T07:10:55.306Z
9016|2934,9016,2934,fieldbeat_report_ticket_number,1,2026-08-06T07:10:55.306Z
9006|2935,9006,2935,fieldbeat_report_ticket_number,1,2026-08-06T07:10:55.306Z
133|2936,133,2936,fieldbeat_report_ticket_number,1,2026-08-06T07:10:55.306Z
8996|2938,8996,2938,fieldbeat_report_ticket_number,1,2026-08-06T07:10:55.306Z
8936|2942,8936,2942,fieldbeat_report_ticket_number,1,2026-08-06T07:10:55.306Z
9027|2944,9027,2944,fieldbeat_report_ticket_number,1,2026-08-06T07:10:55.306Z
8977|2945,8977,2945,fieldbeat_report_ticket_number,1,2026-08-06T07:10:55.306Z
9028|2946,9028,2946,fieldbeat_report_ticket_number,1,2026-08-06T07:10:55.306Z
9016|2947,9016,2947,fieldbeat_report_ticket_number,1,2026-08-06T07:10:55.306Z
9037|2954,9037,2954,fieldbeat_report_ticket_number,1,2026-08-06T07:10:55.306Z
9003|2958,9003,2958,fieldbeat_report_ticket_number,1,2026-08-06T07:10:55.306Z
8899|2959,8899,2959,fieldbeat_report_ticket_number,1,2026-08-06T07:10:55.306Z
44|2961,44,2961,fieldbeat_report_ticket_number,1,2026-08-06T07:10:55.306Z
9074|2969,9074,2969,fieldbeat_report_ticket_number,1,2026-08-06T07:10:55.306Z
9083|2970,9083,2970,fieldbeat_report_ticket_number,1,2026-08-06T07:10:55.306Z
9071|2972,9071,2972,fieldbeat_report_ticket_number,1,2026-08-06T07:10:55.306Z
9069|2974,9069,2974,fieldbeat_report_ticket_number,1,2026-08-06T07:10:55.306Z
9999|2982,9999,2982,fieldbeat_report_ticket_number,1,2026-08-06T07:10:55.306Z
9098|2986,9098,2986,fieldbeat_report_ticket_number,1,2026-08-06T07:10:55.306Z
9099|2987,9099,2987,fieldbeat_report_ticket_number,1,2026-08-06T07:10:55.306Z
9111|2993,9111,2993,fieldbeat_report_ticket_number,1,2026-08-06T07:10:55.306Z
9118|2997,9118,2997,fieldbeat_report_ticket_number,1,2026-08-06T07:10:55.306Z
42|2999,42,2999,fieldbeat_report_ticket_number,1,2026-08-06T07:10:55.306Z
9096|3002,9096,3002,fieldbeat_report_ticket_number,1,2026-08-06T07:10:55.306Z
9133|3009,9133,3009,fieldbeat_report_ticket_number,1,2026-08-06T07:10:55.306Z
9123|3011,9123,3011,fieldbeat_report_ticket_number,1,2026-08-06T07:10:55.306Z
9141|3018,9141,3018,fieldbeat_report_ticket_number,1,2026-08-06T07:10:55.306Z
9131|3019,9131,3019,fieldbeat_report_ticket_number,1,2026-08-06T07:10:55.306Z
9151|3024,9151,3024,fieldbeat_report_ticket_number,1,2026-08-06T07:10:55.306Z
9150|3025,9150,3025,fieldbeat_report_ticket_number,1,2026-08-06T07:10:55.306Z
9154|3030,9154,3030,fieldbeat_report_ticket_number,1,2026-08-06T07:10:55.306Z
000|3051,000,3051,fieldbeat_report_ticket_number,1,2026-08-06T07:10:55.306Z
9264|3056,9264,3056,fieldbeat_report_ticket_number,1,2026-08-06T07:10:55.306Z
0101|3061,0101,3061,fieldbeat_report_ticket_number,1,2026-08-06T07:10:55.306Z
9216|3066,9216,3066,fieldbeat_report_ticket_number,1,2026-08-06T07:10:55.306Z
9220|3077,9220,3077,fieldbeat_report_ticket_number,1,2026-08-06T07:10:55.306Z
9220|3082,9220,3082,fieldbeat_report_ticket_number,1,2026-08-06T07:10:55.306Z
1000000000|3084,1000000000,3084,fieldbeat_report_ticket_number,1,2026-08-06T07:10:55.306Z
9195|3085,9195,3085,fieldbeat_report_ticket_number,1,2026-08-06T07:10:55.306Z
222|3092,222,3092,fieldbeat_report_ticket_number,1,2026-08-06T07:10:55.306Z
222|3093,222,3093,fieldbeat_report_ticket_number,1,2026-08-06T07:10:55.306Z
9100|3094,9100,3094,fieldbeat_report_ticket_number,1,2026-08-06T07:10:55.306Z
9074|3098,9074,3098,fieldbeat_report_ticket_number,1,2026-08-06T07:10:55.306Z
9236|3108,9236,3108,fieldbeat_report_ticket_number,1,2026-08-06T07:10:55.306Z
9083|3115,9083,3115,fieldbeat_report_ticket_number,1,2026-08-06T07:10:55.306Z
9083|3116,9083,3116,fieldbeat_report_ticket_number,1,2026-08-06T07:10:55.306Z
9074|3118,9074,3118,fieldbeat_report_ticket_number,1,2026-08-06T07:10:55.306Z
9074|3120,9074,3120,fieldbeat_report_ticket_number,1,2026-08-06T07:10:55.306Z
9289|3139,9289,3139,fieldbeat_report_ticket_number,1,2026-08-06T07:10:55.306Z
8775|3143,8775,3143,fieldbeat_report_ticket_number,1,2026-08-06T07:10:55.306Z
9305|3146,9305,3146,fieldbeat_report_ticket_number,1,2026-08-06T07:10:55.306Z
9291|3152,9291,3152,fieldbeat_report_ticket_number,1,2026-08-06T07:10:55.306Z
9313|3155,9313,3155,fieldbeat_report_ticket_number,1,2026-08-06T07:10:55.306Z
9234|3156,9234,3156,fieldbeat_report_ticket_number,1,2026-08-06T07:10:55.306Z
9317|3161,9317,3161,fieldbeat_report_ticket_number,1,2026-08-06T07:10:55.306Z
8990|3167,8990,3167,fieldbeat_report_ticket_number,1,2026-08-06T07:10:55.306Z
9336|3168,9336,3168,fieldbeat_report_ticket_number,1,2026-08-06T07:10:55.306Z
9344|3172,9344,3172,fieldbeat_report_ticket_number,1,2026-08-06T07:10:55.306Z
9329|3174,9329,3174,fieldbeat_report_ticket_number,1,2026-08-06T07:10:55.306Z
9345|3175,9345,3175,fieldbeat_report_ticket_number,1,2026-08-06T07:10:55.306Z
9334|3176,9334,3176,fieldbeat_report_ticket_number,1,2026-08-06T07:10:55.306Z
9346|3177,9346,3177,fieldbeat_report_ticket_number,1,2026-08-06T07:10:55.306Z
9347|3180,9347,3180,fieldbeat_report_ticket_number,1,2026-08-06T07:10:55.306Z
9362|3187,9362,3187,fieldbeat_report_ticket_number,1,2026-08-06T07:10:55.306Z
9346|3189,9346,3189,fieldbeat_report_ticket_number,1,2026-08-06T07:10:55.306Z
9363|3191,9363,3191,fieldbeat_report_ticket_number,1,2026-08-06T07:10:55.306Z
0|3192,0,3192,fieldbeat_report_ticket_number,1,2026-08-06T07:10:55.306Z
9371|3197,9371,3197,fieldbeat_report_ticket_number,1,2026-08-06T07:10:55.306Z
9053|3200,9053,3200,fieldbeat_report_ticket_number,1,2026-08-06T07:10:55.306Z
9295|3204,9295,3204,fieldbeat_report_ticket_number,1,2026-08-06T07:10:55.306Z
9272|3206,9272,3206,fieldbeat_report_ticket_number,1,2026-08-06T07:10:55.306Z
9377|3211,9377,3211,fieldbeat_report_ticket_number,1,2026-08-06T07:10:55.306Z
9386|3213,9386,3213,fieldbeat_report_ticket_number,1,2026-08-06T07:10:55.306Z
9386|3216,9386,3216,fieldbeat_report_ticket_number,1,2026-08-06T07:10:55.306Z
9400|3218,9400,3218,fieldbeat_report_ticket_number,1,2026-08-06T07:10:55.306Z
9400|3221,9400,3221,fieldbeat_report_ticket_number,1,2026-08-06T07:10:55.306Z
9404|3224,9404,3224,fieldbeat_report_ticket_number,1,2026-08-06T07:10:55.306Z
9416|3229,9416,3229,fieldbeat_report_ticket_number,1,2026-08-06T07:10:55.306Z
9400|3232,9400,3232,fieldbeat_report_ticket_number,1,2026-08-06T07:10:55.306Z
9388|3234,9388,3234,fieldbeat_report_ticket_number,1,2026-08-06T07:10:55.306Z
9417|3235,9417,3235,fieldbeat_report_ticket_number,1,2026-08-06T07:10:55.306Z
9421|3236,9421,3236,fieldbeat_report_ticket_number,1,2026-08-06T07:10:55.306Z
9418|3238,9418,3238,fieldbeat_report_ticket_number,1,2026-08-06T07:10:55.306Z
9424|3239,9424,3239,fieldbeat_report_ticket_number,1,2026-08-06T07:10:55.306Z
9388|3245,9388,3245,fieldbeat_report_ticket_number,1,2026-08-06T07:10:55.306Z
9407|3250,9407,3250,fieldbeat_report_ticket_number,1,2026-08-06T07:10:55.306Z
9374|3254,9374,3254,fieldbeat_report_ticket_number,1,2026-08-06T07:10:55.306Z
9213|3255,9213,3255,fieldbeat_report_ticket_number,1,2026-08-06T07:10:55.306Z
9293|3256,9293,3256,fieldbeat_report_ticket_number,1,2026-08-06T07:10:55.306Z
9441|3258,9441,3258,fieldbeat_report_ticket_number,1,2026-08-06T07:10:55.306Z
9332|3263,9332,3263,fieldbeat_report_ticket_number,1,2026-08-06T07:10:55.306Z
9438|3267,9438,3267,fieldbeat_report_ticket_number,1,2026-08-06T07:10:55.306Z
9293|3270,9293,3270,fieldbeat_report_ticket_number,1,2026-08-06T07:10:55.306Z
9464|3271,9464,3271,fieldbeat_report_ticket_number,1,2026-08-06T07:10:55.306Z
9407|3273,9407,3273,fieldbeat_report_ticket_number,1,2026-08-06T07:10:55.306Z
9235|3276,9235,3276,fieldbeat_report_ticket_number,1,2026-08-06T07:10:55.306Z
9422|3277,9422,3277,fieldbeat_report_ticket_number,1,2026-08-06T07:10:55.306Z
9470|3279,9470,3279,fieldbeat_report_ticket_number,1,2026-08-06T07:10:55.306Z
9494|3280,9494,3280,fieldbeat_report_ticket_number,1,2026-08-06T07:10:55.306Z
9477|3293,9477,3293,fieldbeat_report_ticket_number,1,2026-08-06T07:10:55.306Z
9513|3298,9513,3298,fieldbeat_report_ticket_number,1,2026-08-06T07:10:55.306Z
9504|3303,9504,3303,fieldbeat_report_ticket_number,1,2026-08-06T07:10:55.306Z
9539|3305,9539,3305,fieldbeat_report_ticket_number,1,2026-08-06T07:10:55.306Z
9454|3306,9454,3306,fieldbeat_report_ticket_number,1,2026-08-06T07:10:55.306Z
9478|3318,9478,3318,fieldbeat_report_ticket_number,1,2026-08-06T07:10:55.306Z
9562|3324,9562,3324,fieldbeat_report_ticket_number,1,2026-08-06T07:10:55.306Z
9571|3327,9571,3327,fieldbeat_report_ticket_number,1,2026-08-06T07:10:55.306Z
9574|3334,9574,3334,fieldbeat_report_ticket_number,1,2026-08-06T07:10:55.306Z
9578|3335,9578,3335,fieldbeat_report_ticket_number,1,2026-08-06T07:10:55.306Z
9573|3336,9573,3336,fieldbeat_report_ticket_number,1,2026-08-06T07:10:55.306Z
9584|3337,9584,3337,fieldbeat_report_ticket_number,1,2026-08-06T07:10:55.306Z
9586|3338,9586,3338,fieldbeat_report_ticket_number,1,2026-08-06T07:10:55.306Z
9586|3339,9586,3339,fieldbeat_report_ticket_number,1,2026-08-06T07:10:55.306Z
9587|3340,9587,3340,fieldbeat_report_ticket_number,1,2026-08-06T07:10:55.306Z
9424|3342,9424,3342,fieldbeat_report_ticket_number,1,2026-08-06T07:10:55.306Z
9591|3343,9591,3343,fieldbeat_report_ticket_number,1,2026-08-06T07:10:55.306Z
9594|3344,9594,3344,fieldbeat_report_ticket_number,1,2026-08-06T07:10:55.306Z
9601|3345,9601,3345,fieldbeat_report_ticket_number,1,2026-08-06T07:10:55.306Z
9542|3347,9542,3347,fieldbeat_report_ticket_number,1,2026-08-06T07:10:55.306Z
8824|3349,8824,3349,fieldbeat_report_ticket_number,1,2026-08-06T07:10:55.306Z
9542|3363,9542,3363,fieldbeat_report_ticket_number,1,2026-08-06T07:10:55.306Z
9645|3365,9645,3365,fieldbeat_report_ticket_number,1,2026-08-06T07:10:55.306Z
9648|3366,9648,3366,fieldbeat_report_ticket_number,1,2026-08-06T07:10:55.306Z
9655|3370,9655,3370,fieldbeat_report_ticket_number,1,2026-08-06T07:10:55.306Z
222|3371,222,3371,fieldbeat_report_ticket_number,1,2026-08-06T07:10:55.306Z
9577|3375,9577,3375,fieldbeat_report_ticket_number,1,2026-08-06T07:10:55.306Z
9533|3376,9533,3376,fieldbeat_report_ticket_number,1,2026-08-06T07:10:55.306Z
9667|3382,9667,3382,fieldbeat_report_ticket_number,1,2026-08-06T07:10:55.306Z
9635|3384,9635,3384,fieldbeat_report_ticket_number,1,2026-08-06T07:10:55.306Z
9674|3391,9674,3391,fieldbeat_report_ticket_number,1,2026-08-06T07:10:55.306Z
99999|3395,99999,3395,fieldbeat_report_ticket_number,1,2026-08-06T07:10:55.306Z
9683|3402,9683,3402,fieldbeat_report_ticket_number,1,2026-08-06T07:10:55.306Z
9704|3406,9704,3406,fieldbeat_report_ticket_number,1,2026-08-06T07:10:55.306Z
0000|3410,0000,3410,fieldbeat_report_ticket_number,1,2026-08-06T07:10:55.306Z
9714|3412,9714,3412,fieldbeat_report_ticket_number,1,2026-08-06T07:10:55.306Z
9712|3413,9712,3413,fieldbeat_report_ticket_number,1,2026-08-06T07:10:55.306Z
9720|3414,9720,3414,fieldbeat_report_ticket_number,1,2026-08-06T07:10:55.306Z
9722|3416,9722,3416,fieldbeat_report_ticket_number,1,2026-08-06T07:10:55.306Z
0|3417,0,3417,fieldbeat_report_ticket_number,1,2026-08-06T07:10:55.306Z
9726|3421,9726,3421,fieldbeat_report_ticket_number,1,2026-08-06T07:10:55.306Z
938|3427,938,3427,fieldbeat_report_ticket_number,1,2026-08-06T07:10:55.306Z
9753|3434,9753,3434,fieldbeat_report_ticket_number,1,2026-08-06T07:10:55.306Z
9758|3436,9758,3436,fieldbeat_report_ticket_number,1,2026-08-06T07:10:55.306Z
9731|3444,9731,3444,fieldbeat_report_ticket_number,1,2026-08-06T07:10:55.306Z
9790|3452,9790,3452,fieldbeat_report_ticket_number,1,2026-08-06T07:10:55.306Z
9789|3454,9789,3454,fieldbeat_report_ticket_number,1,2026-08-06T07:10:55.306Z
9793|3455,9793,3455,fieldbeat_report_ticket_number,1,2026-08-06T07:10:55.306Z
9694|3456,9694,3456,fieldbeat_report_ticket_number,1,2026-08-06T07:10:55.306Z
9790|3458,9790,3458,fieldbeat_report_ticket_number,1,2026-08-06T07:10:55.306Z
9806|3462,9806,3462,fieldbeat_report_ticket_number,1,2026-08-06T07:10:55.306Z
9810|3463,9810,3463,fieldbeat_report_ticket_number,1,2026-08-06T07:10:55.306Z
9813|3464,9813,3464,fieldbeat_report_ticket_number,1,2026-08-06T07:10:55.306Z
9754|3472,9754,3472,fieldbeat_report_ticket_number,1,2026-08-06T07:10:55.306Z
9819|3483,9819,3483,fieldbeat_report_ticket_number,1,2026-08-06T07:10:55.306Z
9835|3485,9835,3485,fieldbeat_report_ticket_number,1,2026-08-06T07:10:55.306Z
9819|3486,9819,3486,fieldbeat_report_ticket_number,1,2026-08-06T07:10:55.306Z
9784|3492,9784,3492,fieldbeat_report_ticket_number,1,2026-08-06T07:10:55.306Z
9833|3495,9833,3495,fieldbeat_report_ticket_number,1,2026-08-06T07:10:55.306Z
9867|3496,9867,3496,fieldbeat_report_ticket_number,1,2026-08-06T07:10:55.306Z
9731|3497,9731,3497,fieldbeat_report_ticket_number,1,2026-08-06T07:10:55.306Z
9852|3499,9852,3499,fieldbeat_report_ticket_number,1,2026-08-06T07:10:55.306Z
9858|3503,9858,3503,fieldbeat_report_ticket_number,1,2026-08-06T07:10:55.306Z
9855|3505,9855,3505,fieldbeat_report_ticket_number,1,2026-08-06T07:10:55.306Z
9429|3506,9429,3506,fieldbeat_report_ticket_number,1,2026-08-06T07:10:55.306Z
9859|3507,9859,3507,fieldbeat_report_ticket_number,1,2026-08-06T07:10:55.306Z
9864|3512,9864,3512,fieldbeat_report_ticket_number,1,2026-08-06T07:10:55.306Z
9864|3514,9864,3514,fieldbeat_report_ticket_number,1,2026-08-06T07:10:55.306Z
9883|3524,9883,3524,fieldbeat_report_ticket_number,1,2026-08-06T07:10:55.306Z
9884|3525,9884,3525,fieldbeat_report_ticket_number,1,2026-08-06T07:10:55.306Z
9882|3526,9882,3526,fieldbeat_report_ticket_number,1,2026-08-06T07:10:55.306Z
9866|3528,9866,3528,fieldbeat_report_ticket_number,1,2026-08-06T07:10:55.306Z
9888|3529,9888,3529,fieldbeat_report_ticket_number,1,2026-08-06T07:10:55.306Z
9871|3530,9871,3530,fieldbeat_report_ticket_number,1,2026-08-06T07:10:55.306Z
9894|3531,9894,3531,fieldbeat_report_ticket_number,1,2026-08-06T07:10:55.306Z
9901|3535,9901,3535,fieldbeat_report_ticket_number,1,2026-08-06T07:10:55.306Z
9911|3540,9911,3540,fieldbeat_report_ticket_number,1,2026-08-06T07:10:55.306Z
9913|3542,9913,3542,fieldbeat_report_ticket_number,1,2026-08-06T07:10:55.306Z
0000000|3547,0000000,3547,fieldbeat_report_ticket_number,1,2026-08-06T07:10:55.306Z
9898|3550,9898,3550,fieldbeat_report_ticket_number,1,2026-08-06T07:10:55.306Z
9923|3552,9923,3552,fieldbeat_report_ticket_number,1,2026-08-06T07:10:55.306Z
9924|3555,9924,3555,fieldbeat_report_ticket_number,1,2026-08-06T07:10:55.306Z
9926|3556,9926,3556,fieldbeat_report_ticket_number,1,2026-08-06T07:10:55.306Z
9934|3562,9934,3562,fieldbeat_report_ticket_number,1,2026-08-06T07:10:55.306Z
9793|3564,9793,3564,fieldbeat_report_ticket_number,1,2026-08-06T07:10:55.306Z
9919|3569,9919,3569,fieldbeat_report_ticket_number,1,2026-08-06T07:10:55.306Z
9947|3570,9947,3570,fieldbeat_report_ticket_number,1,2026-08-06T07:10:55.306Z
9947|3572,9947,3572,fieldbeat_report_ticket_number,1,2026-08-06T07:10:55.306Z
9938|3574,9938,3574,fieldbeat_report_ticket_number,1,2026-08-06T07:10:55.306Z
9916|3575,9916,3575,fieldbeat_report_ticket_number,1,2026-08-06T07:10:55.306Z
9919|3579,9919,3579,fieldbeat_report_ticket_number,1,2026-08-06T07:10:55.306Z
9971|3587,9971,3587,fieldbeat_report_ticket_number,1,2026-08-06T07:10:55.306Z
9825|3588,9825,3588,fieldbeat_report_ticket_number,1,2026-08-06T07:10:55.306Z
9967|3597,9967,3597,fieldbeat_report_ticket_number,1,2026-08-06T07:10:55.306Z
9951|3598,9951,3598,fieldbeat_report_ticket_number,1,2026-08-06T07:10:55.306Z
9984|3601,9984,3601,fieldbeat_report_ticket_number,1,2026-08-06T07:10:55.306Z
9826|3602,9826,3602,fieldbeat_report_ticket_number,1,2026-08-06T07:10:55.306Z
9951|3605,9951,3605,fieldbeat_report_ticket_number,1,2026-08-06T07:10:55.306Z
9988|3606,9988,3606,fieldbeat_report_ticket_number,1,2026-08-06T07:10:55.306Z
9825|3609,9825,3609,fieldbeat_report_ticket_number,1,2026-08-06T07:10:55.306Z
9997|3611,9997,3611,fieldbeat_report_ticket_number,1,2026-08-06T07:10:55.306Z
9997|3617,9997,3617,fieldbeat_report_ticket_number,1,2026-08-06T07:10:55.306Z
9945|3620,9945,3620,fieldbeat_report_ticket_number,1,2026-08-06T07:10:55.306Z
9947|3621,9947,3621,fieldbeat_report_ticket_number,1,2026-08-06T07:10:55.306Z
9969|3622,9969,3622,fieldbeat_report_ticket_number,1,2026-08-06T07:10:55.306Z
0000|3627,0000,3627,fieldbeat_report_ticket_number,1,2026-08-06T07:10:55.306Z
0000|3628,0000,3628,fieldbeat_report_ticket_number,1,2026-08-06T07:10:55.306Z
9937|3632,9937,3632,fieldbeat_report_ticket_number,1,2026-08-06T07:10:55.306Z
10011|3634,10011,3634,fieldbeat_report_ticket_number,1,2026-08-06T07:10:55.306Z
1013|3635,1013,3635,fieldbeat_report_ticket_number,1,2026-08-06T07:10:55.306Z
10029|3636,10029,3636,fieldbeat_report_ticket_number,1,2026-08-06T07:10:55.306Z
9955|3638,9955,3638,fieldbeat_report_ticket_number,1,2026-08-06T07:10:55.306Z
10020|3640,10020,3640,fieldbeat_report_ticket_number,1,2026-08-06T07:10:55.306Z
10019|3641,10019,3641,fieldbeat_report_ticket_number,1,2026-08-06T07:10:55.306Z
100026|3645,100026,3645,fieldbeat_report_ticket_number,1,2026-08-06T07:10:55.306Z
10024|3646,10024,3646,fieldbeat_report_ticket_number,1,2026-08-06T07:10:55.306Z
10029|3647,10029,3647,fieldbeat_report_ticket_number,1,2026-08-06T07:10:55.306Z
9994|3648,9994,3648,fieldbeat_report_ticket_number,1,2026-08-06T07:10:55.306Z
10036|3651,10036,3651,fieldbeat_report_ticket_number,1,2026-08-06T07:10:55.306Z
9526|3653,9526,3653,fieldbeat_report_ticket_number,1,2026-08-06T07:10:55.306Z
10043|3659,10043,3659,fieldbeat_report_ticket_number,1,2026-08-06T07:10:55.306Z
10020|3661,10020,3661,fieldbeat_report_ticket_number,1,2026-08-06T07:10:55.306Z
10043|3665,10043,3665,fieldbeat_report_ticket_number,1,2026-08-06T07:10:55.306Z
10036|3666,10036,3666,fieldbeat_report_ticket_number,1,2026-08-06T07:10:55.306Z
10042|3667,10042,3667,fieldbeat_report_ticket_number,1,2026-08-06T07:10:55.306Z
10042|3668,10042,3668,fieldbeat_report_ticket_number,1,2026-08-06T07:10:55.306Z
10036|3669,10036,3669,fieldbeat_report_ticket_number,1,2026-08-06T07:10:55.306Z
10046|3671,10046,3671,fieldbeat_report_ticket_number,1,2026-08-06T07:10:55.306Z
10046|3679,10046,3679,fieldbeat_report_ticket_number,1,2026-08-06T07:10:55.306Z
9951|3680,9951,3680,fieldbeat_report_ticket_number,1,2026-08-06T07:10:55.306Z
10046|3683,10046,3683,fieldbeat_report_ticket_number,1,2026-08-06T07:10:55.306Z
10045|3684,10045,3684,fieldbeat_report_ticket_number,1,2026-08-06T07:10:55.306Z
9967|3685,9967,3685,fieldbeat_report_ticket_number,1,2026-08-06T07:10:55.306Z
10081|3686,10081,3686,fieldbeat_report_ticket_number,1,2026-08-06T07:10:55.306Z
10086|3694,10086,3694,fieldbeat_report_ticket_number,1,2026-08-06T07:10:55.306Z
10046|3695,10046,3695,fieldbeat_report_ticket_number,1,2026-08-06T07:10:55.306Z
10100|3697,10100,3697,fieldbeat_report_ticket_number,1,2026-08-06T07:10:55.306Z
00000|3699,00000,3699,fieldbeat_report_ticket_number,1,2026-08-06T07:10:55.306Z
10109|3703,10109,3703,fieldbeat_report_ticket_number,1,2026-08-06T07:10:55.306Z
10118|3710,10118,3710,fieldbeat_report_ticket_number,1,2026-08-06T07:10:55.306Z
10134|3715,10134,3715,fieldbeat_report_ticket_number,1,2026-08-06T07:10:55.306Z
10140|3719,10140,3719,fieldbeat_report_ticket_number,1,2026-08-06T07:10:55.306Z
10148|3721,10148,3721,fieldbeat_report_ticket_number,1,2026-08-06T07:10:55.306Z
10148|3723,10148,3723,fieldbeat_report_ticket_number,1,2026-08-06T07:10:55.306Z
10150|3732,10150,3732,fieldbeat_report_ticket_number,1,2026-08-06T07:10:55.306Z
10093|3733,10093,3733,fieldbeat_report_ticket_number,1,2026-08-06T07:10:55.306Z
10164|3741,10164,3741,fieldbeat_report_ticket_number,1,2026-08-06T07:10:55.306Z
10172|3743,10172,3743,fieldbeat_report_ticket_number,1,2026-08-06T07:10:55.306Z
10131|3746,10131,3746,fieldbeat_report_ticket_number,1,2026-08-06T07:10:55.306Z
10083|3747,10083,3747,fieldbeat_report_ticket_number,1,2026-08-06T07:10:55.306Z
10062|3758,10062,3758,fieldbeat_report_ticket_number,1,2026-08-06T07:10:55.306Z
10146|3759,10146,3759,fieldbeat_report_ticket_number,1,2026-08-06T07:10:55.306Z
10197|3761,10197,3761,fieldbeat_report_ticket_number,1,2026-08-06T07:10:55.306Z
10204|3763,10204,3763,fieldbeat_report_ticket_number,1,2026-08-06T07:10:55.306Z
10220|3773,10220,3773,fieldbeat_report_ticket_number,1,2026-08-06T07:10:55.306Z
10054|3775,10054,3775,fieldbeat_report_ticket_number,1,2026-08-06T07:10:55.306Z
10227|3776,10227,3776,fieldbeat_report_ticket_number,1,2026-08-06T07:10:55.306Z
10238|3783,10238,3783,fieldbeat_report_ticket_number,1,2026-08-06T07:10:55.306Z
10166|3791,10166,3791,fieldbeat_report_ticket_number,1,2026-08-06T07:10:55.306Z
10261|3794,10261,3794,fieldbeat_report_ticket_number,1,2026-08-06T07:10:55.306Z
10257|3799,10257,3799,fieldbeat_report_ticket_number,1,2026-08-06T07:10:55.306Z
10227|3801,10227,3801,fieldbeat_report_ticket_number,1,2026-08-06T07:10:55.306Z
10238|3807,10238,3807,fieldbeat_report_ticket_number,1,2026-08-06T07:10:55.306Z
10305|3820,10305,3820,fieldbeat_report_ticket_number,1,2026-08-06T07:10:55.306Z
10292|3822,10292,3822,fieldbeat_report_ticket_number,1,2026-08-06T07:10:55.306Z
10037|3824,10037,3824,fieldbeat_report_ticket_number,1,2026-08-06T07:10:55.306Z
10315|3829,10315,3829,fieldbeat_report_ticket_number,1,2026-08-06T07:10:55.306Z
10323|3831,10323,3831,fieldbeat_report_ticket_number,1,2026-08-06T07:10:55.306Z