zendesk_ticket_id,fieldbeat_report_count,fieldbeat_task_ids,sources
9999,52,1370|1392|1396|1397|1404|1446|1459|1461|1487|1516|1531|1549|1561|1596|1597|1605|1614|1617|1633|1642|1646|1678|1679|1705|1710|1717|1734|1735|1778|1818|1829|1841|1872|1873|1902|1920|1950|1969|1972|2051|2053|2055|2059|2061|2069|2079|2080|2160|2261|2283|2433|2982,BR_Ticket_FieldBeat_Task|DB_FieldBeat_Tasks.linked_zendesk_ticket_id
777777,39,1405|1406|1424|1428|1431|1528|1545|1547|1562|1585|1611|1613|1634|1638|1658|1715|1716|1724|1752|1795|1799|1807|1828|1853|1878|1879|1883|1900|1927|1928|1940|1941|1987|2004|2005|2028|2049|2050|2143,BR_Ticket_FieldBeat_Task|DB_FieldBeat_Tasks.linked_zendesk_ticket_id
0000,33,1346|1348|1362|1415|1556|1741|1742|1747|1748|1749|1754|1756|1757|1763|1768|1808|1822|1875|1894|1918|1919|1924|1930|1949|1964|1979|1999|2011|2023|2724|3410|3627|3628,BR_Ticket_FieldBeat_Task|DB_FieldBeat_Tasks.linked_zendesk_ticket_id
0101,26,1485|1491|1514|1526|1557|1598|1601|1604|1606|1608|1622|1659|1660|1728|1729|1806|1810|1885|1935|2071|2083|2089|2094|2133|2134|3061,BR_Ticket_FieldBeat_Task|DB_FieldBeat_Tasks.linked_zendesk_ticket_id
8855,11,2821|2824|2828|2829|2830|2833|2836|2839|2840|2841|2845,BR_Ticket_FieldBeat_Task|DB_FieldBeat_Tasks.linked_zendesk_ticket_id
42,5,2354|2439|2490|2633|2999,BR_Ticket_FieldBeat_Task|DB_FieldBeat_Tasks.linked_zendesk_ticket_id
45,5,1891|1893|2384|2390|2420,BR_Ticket_FieldBeat_Task|DB_FieldBeat_Tasks.linked_zendesk_ticket_id
9918,5,3571|3582|3584|3652|3654,BR_Ticket_FieldBeat_Task|DB_FieldBeat_Tasks.linked_zendesk_ticket_id
0,4,1443|1738|3192|3417,BR_Ticket_FieldBeat_Task|DB_FieldBeat_Tasks.linked_zendesk_ticket_id
0001,4,1448|1586|1789|1792,BR_Ticket_FieldBeat_Task|DB_FieldBeat_Tasks.linked_zendesk_ticket_id
412,4,2623|2634|2637|2675,BR_Ticket_FieldBeat_Task|DB_FieldBeat_Tasks.linked_zendesk_ticket_id
8832,4,2808|2822|2879|2988,BR_Ticket_FieldBeat_Task|DB_FieldBeat_Tasks.linked_zendesk_ticket_id
9074,4,2969|3098|3118|3120,BR_Ticket_FieldBeat_Task|DB_FieldBeat_Tasks.linked_zendesk_ticket_id
10046,4,3671|3679|3683|3695,BR_Ticket_FieldBeat_Task|DB_FieldBeat_Tasks.linked_zendesk_ticket_id
00000,3,1307|1959|3699,BR_Ticket_FieldBeat_Task|DB_FieldBeat_Tasks.linked_zendesk_ticket_id
000,3,1788|2851|3051,BR_Ticket_FieldBeat_Task|DB_FieldBeat_Tasks.linked_zendesk_ticket_id
222,3,3092|3093|3371,BR_Ticket_FieldBeat_Task|DB_FieldBeat_Tasks.linked_zendesk_ticket_id
227,3,2517|2518|2527,BR_Ticket_FieldBeat_Task|DB_FieldBeat_Tasks.linked_zendesk_ticket_id
327,3,2571|2572|2579,BR_Ticket_FieldBeat_Task|DB_FieldBeat_Tasks.linked_zendesk_ticket_id
555,3,1568|1842|2313,BR_Ticket_FieldBeat_Task|DB_FieldBeat_Tasks.linked_zendesk_ticket_id
8775,3,2762|2878|3143,BR_Ticket_FieldBeat_Task|DB_FieldBeat_Tasks.linked_zendesk_ticket_id
8798,3,3052|3674|3696,BR_Ticket_FieldBeat_Task|DB_FieldBeat_Tasks.linked_zendesk_ticket_id
9083,3,2970|3115|3116,BR_Ticket_FieldBeat_Task|DB_FieldBeat_Tasks.linked_zendesk_ticket_id
9153,3,3086|3113|3195,BR_Ticket_FieldBeat_Task|DB_FieldBeat_Tasks.linked_zendesk_ticket_id
9173,3,3036|3057|3137,BR_Ticket_FieldBeat_Task|DB_FieldBeat_Tasks.linked_zendesk_ticket_id
9176,3,3038|3040|3091,BR_Ticket_FieldBeat_Task|DB_FieldBeat_Tasks.linked_zendesk_ticket_id
9400,3,3218|3221|3232,BR_Ticket_FieldBeat_Task|DB_FieldBeat_Tasks.linked_zendesk_ticket_id
9781,3,3447|3448|3453,BR_Ticket_FieldBeat_Task|DB_FieldBeat_Tasks.linked_zendesk_ticket_id
9947,3,3570|3572|3621,BR_Ticket_FieldBeat_Task|DB_FieldBeat_Tasks.linked_zendesk_ticket_id
9951,3,3598|3605|3680,BR_Ticket_FieldBeat_Task|DB_FieldBeat_Tasks.linked_zendesk_ticket_id
10036,3,3651|3666|3669,BR_Ticket_FieldBeat_Task|DB_FieldBeat_Tasks.linked_zendesk_ticket_id
10193,3,3751|3754|3756,BR_Ticket_FieldBeat_Task|DB_FieldBeat_Tasks.linked_zendesk_ticket_id
10199,3,3766|3770|3771,BR_Ticket_FieldBeat_Task|DB_FieldBeat_Tasks.linked_zendesk_ticket_id
99999,3,1259|1260|3395,BR_Ticket_FieldBeat_Task|DB_FieldBeat_Tasks.linked_zendesk_ticket_id
116702,3,1451|1457|1458,BR_Ticket_FieldBeat_Task|DB_FieldBeat_Tasks.linked_zendesk_ticket_id
129036,3,1648|1654|2119,BR_Ticket_FieldBeat_Task|DB_FieldBeat_Tasks.linked_zendesk_ticket_id
823784,3,2135|2254|2284,BR_Ticket_FieldBeat_Task|DB_FieldBeat_Tasks.linked_zendesk_ticket_id
888306,3,2095|2159|2197,BR_Ticket_FieldBeat_Task|DB_FieldBeat_Tasks.linked_zendesk_ticket_id
00001,2,1780|1819,BR_Ticket_FieldBeat_Task|DB_FieldBeat_Tasks.linked_zendesk_ticket_id
133,2,2448|2936,BR_Ticket_FieldBeat_Task|DB_FieldBeat_Tasks.linked_zendesk_ticket_id
168,2,2466|2467,BR_Ticket_FieldBeat_Task|DB_FieldBeat_Tasks.linked_zendesk_ticket_id
175,2,2500|2554,BR_Ticket_FieldBeat_Task|DB_FieldBeat_Tasks.linked_zendesk_ticket_id
181,2,2475|2482,BR_Ticket_FieldBeat_Task|DB_FieldBeat_Tasks.linked_zendesk_ticket_id
194,2,2485|2491,BR_Ticket_FieldBeat_Task|DB_FieldBeat_Tasks.linked_zendesk_ticket_id
217,2,2505|2531,BR_Ticket_FieldBeat_Task|DB_FieldBeat_Tasks.linked_zendesk_ticket_id
431,2,2622|2627,BR_Ticket_FieldBeat_Task|DB_FieldBeat_Tasks.linked_zendesk_ticket_id
446,2,2677|2690,BR_Ticket_FieldBeat_Task|DB_FieldBeat_Tasks.linked_zendesk_ticket_id
490,2,2685|2923,BR_Ticket_FieldBeat_Task|DB_FieldBeat_Tasks.linked_zendesk_ticket_id
8657,2,2678|2695,BR_Ticket_FieldBeat_Task|DB_FieldBeat_Tasks.linked_zendesk_ticket_id
8667,2,2686|2694,BR_Ticket_FieldBeat_Task|DB_FieldBeat_Tasks.linked_zendesk_ticket_id
8749,2,2729|2731,BR_Ticket_FieldBeat_Task|DB_FieldBeat_Tasks.linked_zendesk_ticket_id
8758,2,2755|2834,BR_Ticket_FieldBeat_Task|DB_FieldBeat_Tasks.linked_zendesk_ticket_id
8820,2,2793|2796,BR_Ticket_FieldBeat_Task|DB_FieldBeat_Tasks.linked_zendesk_ticket_id
8821,2,2895|2928,BR_Ticket_FieldBeat_Task|DB_FieldBeat_Tasks.linked_zendesk_ticket_id
8825,2,2804|2806,BR_Ticket_FieldBeat_Task|DB_FieldBeat_Tasks.linked_zendesk_ticket_id
8846,2,2818|2819,BR_Ticket_FieldBeat_Task|DB_FieldBeat_Tasks.linked_zendesk_ticket_id
8892,2,2844|2846,BR_Ticket_FieldBeat_Task|DB_FieldBeat_Tasks.linked_zendesk_ticket_id
8904,2,2861|2871,BR_Ticket_FieldBeat_Task|DB_FieldBeat_Tasks.linked_zendesk_ticket_id
8951,2,2891|2894,BR_Ticket_FieldBeat_Task|DB_FieldBeat_Tasks.linked_zendesk_ticket_id
8954,2,2889|2890,BR_Ticket_FieldBeat_Task|DB_FieldBeat_Tasks.linked_zendesk_ticket_id
8980,2,2914|2921,BR_Ticket_FieldBeat_Task|DB_FieldBeat_Tasks.linked_zendesk_ticket_id
8985,2,2920|2930,BR_Ticket_FieldBeat_Task|DB_FieldBeat_Tasks.linked_zendesk_ticket_id
9016,2,2934|2947,BR_Ticket_FieldBeat_Task|DB_FieldBeat_Tasks.linked_zendesk_ticket_id
9018,2,2956|3000,BR_Ticket_FieldBeat_Task|DB_FieldBeat_Tasks.linked_zendesk_ticket_id
9157,2,3046|3164,BR_Ticket_FieldBeat_Task|DB_FieldBeat_Tasks.linked_zendesk_ticket_id
9178,2,3041|3049,BR_Ticket_FieldBeat_Task|DB_FieldBeat_Tasks.linked_zendesk_ticket_id
9220,2,3077|3082,BR_Ticket_FieldBeat_Task|DB_FieldBeat_Tasks.linked_zendesk_ticket_id
9293,2,3256|3270,BR_Ticket_FieldBeat_Task|DB_FieldBeat_Tasks.linked_zendesk_ticket_id
9346,2,3177|3189,BR_Ticket_FieldBeat_Task|DB_FieldBeat_Tasks.linked_zendesk_ticket_id
9386,2,3213|3216,BR_Ticket_FieldBeat_Task|DB_FieldBeat_Tasks.linked_zendesk_ticket_id
9388,2,3234|3245,BR_Ticket_FieldBeat_Task|DB_FieldBeat_Tasks.linked_zendesk_ticket_id
9407,2,3250|3273,BR_Ticket_FieldBeat_Task|DB_FieldBeat_Tasks.linked_zendesk_ticket_id
9410,2,3227|3228,BR_Ticket_FieldBeat_Task|DB_FieldBeat_Tasks.linked_zendesk_ticket_id
9424,2,3239|3342,BR_Ticket_FieldBeat_Task|DB_FieldBeat_Tasks.linked_zendesk_ticket_id
9542,2,3347|3363,BR_Ticket_FieldBeat_Task|DB_FieldBeat_Tasks.linked_zendesk_ticket_id
9555,2,3311|3313,BR_Ticket_FieldBeat_Task|DB_FieldBeat_Tasks.linked_zendesk_ticket_id
9586,2,3338|3339,BR_Ticket_FieldBeat_Task|DB_FieldBeat_Tasks.linked_zendesk_ticket_id
9592,2,3354|3419,BR_Ticket_FieldBeat_Task|DB_FieldBeat_Tasks.linked_zendesk_ticket_id
9628,2,3361|3403,BR_Ticket_FieldBeat_Task|DB_FieldBeat_Tasks.linked_zendesk_ticket_id
9654,2,3369|3383,BR_Ticket_FieldBeat_Task|DB_FieldBeat_Tasks.linked_zendesk_ticket_id
9723,2,3415|3423,BR_Ticket_FieldBeat_Task|DB_FieldBeat_Tasks.linked_zendesk_ticket_id
9731,2,3444|3497,BR_Ticket_FieldBeat_Task|DB_FieldBeat_Tasks.linked_zendesk_ticket_id
9778,2,3449|3451,BR_Ticket_FieldBeat_Task|DB_FieldBeat_Tasks.linked_zendesk_ticket_id
9790,2,3452|3458,BR_Ticket_FieldBeat_Task|DB_FieldBeat_Tasks.linked_zendesk_ticket_id
9793,2,3455|3564,BR_Ticket_FieldBeat_Task|DB_FieldBeat_Tasks.linked_zendesk_ticket_id
9819,2,3483|3486,BR_Ticket_FieldBeat_Task|DB_FieldBeat_Tasks.linked_zendesk_ticket_id
9822,2,3481|3482,BR_Ticket_FieldBeat_Task|DB_FieldBeat_Tasks.linked_zendesk_ticket_id
9825,2,3588|3609,BR_Ticket_FieldBeat_Task|DB_FieldBeat_Tasks.linked_zendesk_ticket_id
9864,2,3512|3514,BR_Ticket_FieldBeat_Task|DB_FieldBeat_Tasks.linked_zendesk_ticket_id
9919,2,3569|3579,BR_Ticket_FieldBeat_Task|DB_FieldBeat_Tasks.linked_zendesk_ticket_id
9941,2,3563|3566,BR_Ticket_FieldBeat_Task|DB_FieldBeat_Tasks.linked_zendesk_ticket_id
9953,2,3577|3585,BR_Ticket_FieldBeat_Task|DB_FieldBeat_Tasks.linked_zendesk_ticket_id
9967,2,3597|3685,BR_Ticket_FieldBeat_Task|DB_FieldBeat_Tasks.linked_zendesk_ticket_id
9970,2,3591|3600,BR_Ticket_FieldBeat_Task|DB_FieldBeat_Tasks.linked_zendesk_ticket_id
9997,2,3611|3617,BR_Ticket_FieldBeat_Task|DB_FieldBeat_Tasks.linked_zendesk_ticket_id
10020,2,3640|3661,BR_Ticket_FieldBeat_Task|DB_FieldBeat_Tasks.linked_zendesk_ticket_id
10029,2,3636|3647,BR_Ticket_FieldBeat_Task|DB_FieldBeat_Tasks.linked_zendesk_ticket_id
10042,2,3667|3668,BR_Ticket_FieldBeat_Task|DB_FieldBeat_Tasks.linked_zendesk_ticket_id
10043,2,3659|3665,BR_Ticket_FieldBeat_Task|DB_FieldBeat_Tasks.linked_zendesk_ticket_id
10065,2,3690|3720,BR_Ticket_FieldBeat_Task|DB_FieldBeat_Tasks.linked_zendesk_ticket_id
10111,2,3701|3706,BR_Ticket_FieldBeat_Task|DB_FieldBeat_Tasks.linked_zendesk_ticket_id
10125,2,3711|3714,BR_Ticket_FieldBeat_Task|DB_FieldBeat_Tasks.linked_zendesk_ticket_id
10137,2,3716|3726,BR_Ticket_FieldBeat_Task|DB_FieldBeat_Tasks.linked_zendesk_ticket_id
10148,2,3721|3723,BR_Ticket_FieldBeat_Task|DB_FieldBeat_Tasks.linked_zendesk_ticket_id
210522,2,2213|2215,BR_Ticket_FieldBeat_Task|DB_FieldBeat_Tasks.linked_zendesk_ticket_id
240899,2,1268|1288,BR_Ticket_FieldBeat_Task|DB_FieldBeat_Tasks.linked_zendesk_ticket_id
242713,2,1534|1537,BR_Ticket_FieldBeat_Task|DB_FieldBeat_Tasks.linked_zendesk_ticket_id
285305,2,1314|1317,BR_Ticket_FieldBeat_Task|DB_FieldBeat_Tasks.linked_zendesk_ticket_id
368933,2,1426|1427,BR_Ticket_FieldBeat_Task|DB_FieldBeat_Tasks.linked_zendesk_ticket_id
381608,2,2168|2191,BR_Ticket_FieldBeat_Task|DB_FieldBeat_Tasks.linked_zendesk_ticket_id
386771,2,1668|1671,BR_Ticket_FieldBeat_Task|DB_FieldBeat_Tasks.linked_zendesk_ticket_id
392899,2,1453|1455,BR_Ticket_FieldBeat_Task|DB_FieldBeat_Tasks.linked_zendesk_ticket_id
468508,2,2081|2092,BR_Ticket_FieldBeat_Task|DB_FieldBeat_Tasks.linked_zendesk_ticket_id
475039,2,1674|1681,BR_Ticket_FieldBeat_Task|DB_FieldBeat_Tasks.linked_zendesk_ticket_id
487085,2,1299|1353,BR_Ticket_FieldBeat_Task|DB_FieldBeat_Tasks.linked_zendesk_ticket_id
508853,2,1336|1338,BR_Ticket_FieldBeat_Task|DB_FieldBeat_Tasks.linked_zendesk_ticket_id
520423,2,1517|1521,BR_Ticket_FieldBeat_Task|DB_FieldBeat_Tasks.linked_zendesk_ticket_id
549574,2,1261|1505,BR_Ticket_FieldBeat_Task|DB_FieldBeat_Tasks.linked_zendesk_ticket_id
568581,2,1922|2113,BR_Ticket_FieldBeat_Task|DB_FieldBeat_Tasks.linked_zendesk_ticket_id
577218,2,1938|1967,BR_Ticket_FieldBeat_Task|DB_FieldBeat_Tasks.linked_zendesk_ticket_id
596438,2,1669|1675,BR_Ticket_FieldBeat_Task|DB_FieldBeat_Tasks.linked_zendesk_ticket_id
603315,2,2350|5291,BR_Ticket_FieldBeat_Task|DB_FieldBeat_Tasks.linked_zendesk_ticket_id
674531,2,1285|1290,BR_Ticket_FieldBeat_Task|DB_FieldBeat_Tasks.linked_zendesk_ticket_id
704250,2,1385|1398,BR_Ticket_FieldBeat_Task|DB_FieldBeat_Tasks.linked_zendesk_ticket_id
752135,2,1957|1958,BR_Ticket_FieldBeat_Task|DB_FieldBeat_Tasks.linked_zendesk_ticket_id
823383,2,2372|2395,BR_Ticket_FieldBeat_Task|DB_FieldBeat_Tasks.linked_zendesk_ticket_id
844620,2,1502|1506,BR_Ticket_FieldBeat_Task|DB_FieldBeat_Tasks.linked_zendesk_ticket_id
864151,2,1300|1330,BR_Ticket_FieldBeat_Task|DB_FieldBeat_Tasks.linked_zendesk_ticket_id
914690,2,2058|2108,BR_Ticket_FieldBeat_Task|DB_FieldBeat_Tasks.linked_zendesk_ticket_id
937899,2,1382|1399,BR_Ticket_FieldBeat_Task|DB_FieldBeat_Tasks.linked_zendesk_ticket_id
000000000,1,1293,BR_Ticket_FieldBeat_Task|DB_FieldBeat_Tasks.linked_zendesk_ticket_id
000000,1,1781,BR_Ticket_FieldBeat_Task|DB_FieldBeat_Tasks.linked_zendesk_ticket_id
0000000,1,3547,BR_Ticket_FieldBeat_Task|DB_FieldBeat_Tasks.linked_zendesk_ticket_id
001,1,1908,BR_Ticket_FieldBeat_Task|DB_FieldBeat_Tasks.linked_zendesk_ticket_id
1,1,2526,BR_Ticket_FieldBeat_Task|DB_FieldBeat_Tasks.linked_zendesk_ticket_id
5,1,1615,BR_Ticket_FieldBeat_Task|DB_FieldBeat_Tasks.linked_zendesk_ticket_id
38,1,2441,BR_Ticket_FieldBeat_Task|DB_FieldBeat_Tasks.linked_zendesk_ticket_id
40,1,2426,BR_Ticket_FieldBeat_Task|DB_FieldBeat_Tasks.linked_zendesk_ticket_id
44,1,2961,BR_Ticket_FieldBeat_Task|DB_FieldBeat_Tasks.linked_zendesk_ticket_id
48,1,2348,BR_Ticket_FieldBeat_Task|DB_FieldBeat_Tasks.linked_zendesk_ticket_id
54,1,1888,BR_Ticket_FieldBeat_Task|DB_FieldBeat_Tasks.linked_zendesk_ticket_id
57,1,2358,BR_Ticket_FieldBeat_Task|DB_FieldBeat_Tasks.linked_zendesk_ticket_id
68,1,2379,BR_Ticket_FieldBeat_Task|DB_FieldBeat_Tasks.linked_zendesk_ticket_id
70,1,2408,BR_Ticket_FieldBeat_Task|DB_FieldBeat_Tasks.linked_zendesk_ticket_id
74,1,2378,BR_Ticket_FieldBeat_Task|DB_FieldBeat_Tasks.linked_zendesk_ticket_id
90,1,2389,BR_Ticket_FieldBeat_Task|DB_FieldBeat_Tasks.linked_zendesk_ticket_id
93,1,2394,BR_Ticket_FieldBeat_Task|DB_FieldBeat_Tasks.linked_zendesk_ticket_id
97,1,2402,BR_Ticket_FieldBeat_Task|DB_FieldBeat_Tasks.linked_zendesk_ticket_id
128,1,2455,BR_Ticket_FieldBeat_Task|DB_FieldBeat_Tasks.linked_zendesk_ticket_id
132,1,2509,BR_Ticket_FieldBeat_Task|DB_FieldBeat_Tasks.linked_zendesk_ticket_id
143,1,2443,BR_Ticket_FieldBeat_Task|DB_FieldBeat_Tasks.linked_zendesk_ticket_id
144,1,2442,BR_Ticket_FieldBeat_Task|DB_FieldBeat_Tasks.linked_zendesk_ticket_id
148,1,2464,BR_Ticket_FieldBeat_Task|DB_FieldBeat_Tasks.linked_zendesk_ticket_id
159,1,2458,BR_Ticket_FieldBeat_Task|DB_FieldBeat_Tasks.linked_zendesk_ticket_id
170,1,2468,BR_Ticket_FieldBeat_Task|DB_FieldBeat_Tasks.linked_zendesk_ticket_id
172,1,2555,BR_Ticket_FieldBeat_Task|DB_FieldBeat_Tasks.linked_zendesk_ticket_id
173,1,2474,BR_Ticket_FieldBeat_Task|DB_FieldBeat_Tasks.linked_zendesk_ticket_id
180,1,2472,BR_Ticket_FieldBeat_Task|DB_FieldBeat_Tasks.linked_zendesk_ticket_id
183,1,2635,BR_Ticket_FieldBeat_Task|DB_FieldBeat_Tasks.linked_zendesk_ticket_id
184,1,2477,BR_Ticket_FieldBeat_Task|DB_FieldBeat_Tasks.linked_zendesk_ticket_id
198,1,2483,BR_Ticket_FieldBeat_Task|DB_FieldBeat_Tasks.linked_zendesk_ticket_id
199,1,2486,BR_Ticket_FieldBeat_Task|DB_FieldBeat_Tasks.linked_zendesk_ticket_id
0202,1,1410,BR_Ticket_FieldBeat_Task|DB_FieldBeat_Tasks.linked_zendesk_ticket_id
202,1,2488,BR_Ticket_FieldBeat_Task|DB_FieldBeat_Tasks.linked_zendesk_ticket_id
0203,1,1423,BR_Ticket_FieldBeat_Task|DB_FieldBeat_Tasks.linked_zendesk_ticket_id
209,1,2494,BR_Ticket_FieldBeat_Task|DB_FieldBeat_Tasks.linked_zendesk_ticket_id
210,1,2504,BR_Ticket_FieldBeat_Task|DB_FieldBeat_Tasks.linked_zendesk_ticket_id
211,1,2492,BR_Ticket_FieldBeat_Task|DB_FieldBeat_Tasks.linked_zendesk_ticket_id
214,1,2501,BR_Ticket_FieldBeat_Task|DB_FieldBeat_Tasks.linked_zendesk_ticket_id
223,1,2508,BR_Ticket_FieldBeat_Task|DB_FieldBeat_Tasks.linked_zendesk_ticket_id
224,1,2647,BR_Ticket_FieldBeat_Task|DB_FieldBeat_Tasks.linked_zendesk_ticket_id
234,1,2513,BR_Ticket_FieldBeat_Task|DB_FieldBeat_Tasks.linked_zendesk_ticket_id
236,1,2516,BR_Ticket_FieldBeat_Task|DB_FieldBeat_Tasks.linked_zendesk_ticket_id
238,1,2514,BR_Ticket_FieldBeat_Task|DB_FieldBeat_Tasks.linked_zendesk_ticket_id
247,1,2551,BR_Ticket_FieldBeat_Task|DB_FieldBeat_Tasks.linked_zendesk_ticket_id
248,1,2532,BR_Ticket_FieldBeat_Task|DB_FieldBeat_Tasks.linked_zendesk_ticket_id
249,1,2578,BR_Ticket_FieldBeat_Task|DB_FieldBeat_Tasks.linked_zendesk_ticket_id
251,1,2528,BR_Ticket_FieldBeat_Task|DB_FieldBeat_Tasks.linked_zendesk_ticket_id
258,1,2537,BR_Ticket_FieldBeat_Task|DB_FieldBeat_Tasks.linked_zendesk_ticket_id
262,1,2536,BR_Ticket_FieldBeat_Task|DB_FieldBeat_Tasks.linked_zendesk_ticket_id
264,1,2544,BR_Ticket_FieldBeat_Task|DB_FieldBeat_Tasks.linked_zendesk_ticket_id
265,1,2545,BR_Ticket_FieldBeat_Task|DB_FieldBeat_Tasks.linked_zendesk_ticket_id
274,1,2585,BR_Ticket_FieldBeat_Task|DB_FieldBeat_Tasks.linked_zendesk_ticket_id
279,1,2547,BR_Ticket_FieldBeat_Task|DB_FieldBeat_Tasks.linked_zendesk_ticket_id
288,1,2556,BR_Ticket_FieldBeat_Task|DB_FieldBeat_Tasks.linked_zendesk_ticket_id
297,1,2558,BR_Ticket_FieldBeat_Task|DB_FieldBeat_Tasks.linked_zendesk_ticket_id
299,1,2570,BR_Ticket_FieldBeat_Task|DB_FieldBeat_Tasks.linked_zendesk_ticket_id
301,1,2564,BR_Ticket_FieldBeat_Task|DB_FieldBeat_Tasks.linked_zendesk_ticket_id
320,1,2568,BR_Ticket_FieldBeat_Task|DB_FieldBeat_Tasks.linked_zendesk_ticket_id
323,1,2566,BR_Ticket_FieldBeat_Task|DB_FieldBeat_Tasks.linked_zendesk_ticket_id
333,1,1639,BR_Ticket_FieldBeat_Task|DB_FieldBeat_Tasks.linked_zendesk_ticket_id
348,1,2573,BR_Ticket_FieldBeat_Task|DB_FieldBeat_Tasks.linked_zendesk_ticket_id
350,1,2577,BR_Ticket_FieldBeat_Task|DB_FieldBeat_Tasks.linked_zendesk_ticket_id
353,1,2576,BR_Ticket_FieldBeat_Task|DB_FieldBeat_Tasks.linked_zendesk_ticket_id
364,1,2583,BR_Ticket_FieldBeat_Task|DB_FieldBeat_Tasks.linked_zendesk_ticket_id
367,1,2581,BR_Ticket_FieldBeat_Task|DB_FieldBeat_Tasks.linked_zendesk_ticket_id
370,1,2600,BR_Ticket_FieldBeat_Task|DB_FieldBeat_Tasks.linked_zendesk_ticket_id
379,1,2582,BR_Ticket_FieldBeat_Task|DB_FieldBeat_Tasks.linked_zendesk_ticket_id
386,1,2587,BR_Ticket_FieldBeat_Task|DB_FieldBeat_Tasks.linked_zendesk_ticket_id
389,1,2592,BR_Ticket_FieldBeat_Task|DB_FieldBeat_Tasks.linked_zendesk_ticket_id
393,1,2619,BR_Ticket_FieldBeat_Task|DB_FieldBeat_Tasks.linked_zendesk_ticket_id
399,1,2598,BR_Ticket_FieldBeat_Task|DB_FieldBeat_Tasks.linked_zendesk_ticket_id
404,1,2601,BR_Ticket_FieldBeat_Task|DB_FieldBeat_Tasks.linked_zendesk_ticket_id
405,1,2606,BR_Ticket_FieldBeat_Task|DB_FieldBeat_Tasks.linked_zendesk_ticket_id
415,1,2608,BR_Ticket_FieldBeat_Task|DB_FieldBeat_Tasks.linked_zendesk_ticket_id
422,1,2615,BR_Ticket_FieldBeat_Task|DB_FieldBeat_Tasks.linked_zendesk_ticket_id
427,1,2632,BR_Ticket_FieldBeat_Task|DB_FieldBeat_Tasks.linked_zendesk_ticket_id
429,1,2621,BR_Ticket_FieldBeat_Task|DB_FieldBeat_Tasks.linked_zendesk_ticket_id
438,1,2641,BR_Ticket_FieldBeat_Task|DB_FieldBeat_Tasks.linked_zendesk_ticket_id
451,1,2636,BR_Ticket_FieldBeat_Task|DB_FieldBeat_Tasks.linked_zendesk_ticket_id
456,1,2645,BR_Ticket_FieldBeat_Task|DB_FieldBeat_Tasks.linked_zendesk_ticket_id
463,1,2658,BR_Ticket_FieldBeat_Task|DB_FieldBeat_Tasks.linked_zendesk_ticket_id
465,1,2652,BR_Ticket_FieldBeat_Task|DB_FieldBeat_Tasks.linked_zendesk_ticket_id
467,1,2650,BR_Ticket_FieldBeat_Task|DB_FieldBeat_Tasks.linked_zendesk_ticket_id
468,1,2649,BR_Ticket_FieldBeat_Task|DB_FieldBeat_Tasks.linked_zendesk_ticket_id
475,1,2653,BR_Ticket_FieldBeat_Task|DB_FieldBeat_Tasks.linked_zendesk_ticket_id
486,1,2662,BR_Ticket_FieldBeat_Task|DB_FieldBeat_Tasks.linked_zendesk_ticket_id
491,1,2659,BR_Ticket_FieldBeat_Task|DB_FieldBeat_Tasks.linked_zendesk_ticket_id
493,1,2660,BR_Ticket_FieldBeat_Task|DB_FieldBeat_Tasks.linked_zendesk_ticket_id
495,1,2673,BR_Ticket_FieldBeat_Task|DB_FieldBeat_Tasks.linked_zendesk_ticket_id
496,1,2661,BR_Ticket_FieldBeat_Task|DB_FieldBeat_Tasks.linked_zendesk_ticket_id
497,1,2668,BR_Ticket_FieldBeat_Task|DB_FieldBeat_Tasks.linked_zendesk_ticket_id
500,1,2670,BR_Ticket_FieldBeat_Task|DB_FieldBeat_Tasks.linked_zendesk_ticket_id
938,1,3427,BR_Ticket_FieldBeat_Task|DB_FieldBeat_Tasks.linked_zendesk_ticket_id
1013,1,3635,BR_Ticket_FieldBeat_Task|DB_FieldBeat_Tasks.linked_zendesk_ticket_id
5555,1,1560,BR_Ticket_FieldBeat_Task|DB_FieldBeat_Tasks.linked_zendesk_ticket_id
6722,1,2709,BR_Ticket_FieldBeat_Task|DB_FieldBeat_Tasks.linked_zendesk_ticket_id
6723,1,2716,BR_Ticket_FieldBeat_Task|DB_FieldBeat_Tasks.linked_zendesk_ticket_id
7777,1,2034,BR_Ticket_FieldBeat_Task|DB_FieldBeat_Tasks.linked_zendesk_ticket_id
8647,1,2667,BR_Ticket_FieldBeat_Task|DB_FieldBeat_Tasks.linked_zendesk_ticket_id
8649,1,2672,BR_Ticket_FieldBeat_Task|DB_FieldBeat_Tasks.linked_zendesk_ticket_id
8652,1,2671,BR_Ticket_FieldBeat_Task|DB_FieldBeat_Tasks.linked_zendesk_ticket_id
8653,1,2674,BR_Ticket_FieldBeat_Task|DB_FieldBeat_Tasks.linked_zendesk_ticket_id
8663,1,2681,BR_Ticket_FieldBeat_Task|DB_FieldBeat_Tasks.linked_zendesk_ticket_id
8666,1,2680,BR_Ticket_FieldBeat_Task|DB_FieldBeat_Tasks.linked_zendesk_ticket_id
8669,1,2684,BR_Ticket_FieldBeat_Task|DB_FieldBeat_Tasks.linked_zendesk_ticket_id
8673,1,2689,BR_Ticket_FieldBeat_Task|DB_FieldBeat_Tasks.linked_zendesk_ticket_id
8678,1,2691,BR_Ticket_FieldBeat_Task|DB_FieldBeat_Tasks.linked_zendesk_ticket_id
8681,1,2795,BR_Ticket_FieldBeat_Task|DB_FieldBeat_Tasks.linked_zendesk_ticket_id
8682,1,2693,BR_Ticket_FieldBeat_Task|DB_FieldBeat_Tasks.linked_zendesk_ticket_id
8691,1,2697,BR_Ticket_FieldBeat_Task|DB_FieldBeat_Tasks.linked_zendesk_ticket_id
8696,1,2826,BR_Ticket_FieldBeat_Task|DB_FieldBeat_Tasks.linked_zendesk_ticket_id
8702,1,2705,BR_Ticket_FieldBeat_Task|DB_FieldBeat_Tasks.linked_zendesk_ticket_id
8733,1,2730,BR_Ticket_FieldBeat_Task|DB_FieldBeat_Tasks.linked_zendesk_ticket_id
8736,1,2739,BR_Ticket_FieldBeat_Task|DB_FieldBeat_Tasks.linked_zendesk_ticket_id
8739,1,2728,BR_Ticket_FieldBeat_Task|DB_FieldBeat_Tasks.linked_zendesk_ticket_id
8741,1,2801,BR_Ticket_FieldBeat_Task|DB_FieldBeat_Tasks.linked_zendesk_ticket_id
8742,1,2727,BR_Ticket_FieldBeat_Task|DB_FieldBeat_Tasks.linked_zendesk_ticket_id
8752,1,2732,BR_Ticket_FieldBeat_Task|DB_FieldBeat_Tasks.linked_zendesk_ticket_id
8762,1,2761,BR_Ticket_FieldBeat_Task|DB_FieldBeat_Tasks.linked_zendesk_ticket_id
8764,1,2763,BR_Ticket_FieldBeat_Task|DB_FieldBeat_Tasks.linked_zendesk_ticket_id
8768,1,2740,BR_Ticket_FieldBeat_Task|DB_FieldBeat_Tasks.linked_zendesk_ticket_id
8770,1,2758,BR_Ticket_FieldBeat_Task|DB_FieldBeat_Tasks.linked_zendesk_ticket_id
8772,1,2753,BR_Ticket_FieldBeat_Task|DB_FieldBeat_Tasks.linked_zendesk_ticket_id
8777,1,2754,BR_Ticket_FieldBeat_Task|DB_FieldBeat_Tasks.linked_zendesk_ticket_id
8784,1,2766,BR_Ticket_FieldBeat_Task|DB_FieldBeat_Tasks.linked_zendesk_ticket_id
8788,1,2776,BR_Ticket_FieldBeat_Task|DB_FieldBeat_Tasks.linked_zendesk_ticket_id
8792,1,2768,BR_Ticket_FieldBeat_Task|DB_FieldBeat_Tasks.linked_zendesk_ticket_id
8794,1,2787,BR_Ticket_FieldBeat_Task|DB_FieldBeat_Tasks.linked_zendesk_ticket_id
8800,1,2778,BR_Ticket_FieldBeat_Task|DB_FieldBeat_Tasks.linked_zendesk_ticket_id
8801,1,2789,BR_Ticket_FieldBeat_Task|DB_FieldBeat_Tasks.linked_zendesk_ticket_id
8805,1,2800,BR_Ticket_FieldBeat_Task|DB_FieldBeat_Tasks.linked_zendesk_ticket_id
8811,1,2785,BR_Ticket_FieldBeat_Task|DB_FieldBeat_Tasks.linked_zendesk_ticket_id
8812,1,2788,BR_Ticket_FieldBeat_Task|DB_FieldBeat_Tasks.linked_zendesk_ticket_id
8814,1,2791,BR_Ticket_FieldBeat_Task|DB_FieldBeat_Tasks.linked_zendesk_ticket_id
8817,1,2877,BR_Ticket_FieldBeat_Task|DB_FieldBeat_Tasks.linked_zendesk_ticket_id
8824,1,3349,BR_Ticket_FieldBeat_Task|DB_FieldBeat_Tasks.linked_zendesk_ticket_id
8834,1,2811,BR_Ticket_FieldBeat_Task|DB_FieldBeat_Tasks.linked_zendesk_ticket_id
8835,1,2807,BR_Ticket_FieldBeat_Task|DB_FieldBeat_Tasks.linked_zendesk_ticket_id
8861,1,2827,BR_Ticket_FieldBeat_Task|DB_FieldBeat_Tasks.linked_zendesk_ticket_id
8865,1,2825,BR_Ticket_FieldBeat_Task|DB_FieldBeat_Tasks.linked_zendesk_ticket_id
8866,1,2842,BR_Ticket_FieldBeat_Task|DB_FieldBeat_Tasks.linked_zendesk_ticket_id
8867,1,2880,BR_Ticket_FieldBeat_Task|DB_FieldBeat_Tasks.linked_zendesk_ticket_id
8878,1,2838,BR_Ticket_FieldBeat_Task|DB_FieldBeat_Tasks.linked_zendesk_ticket_id
8884,1,2872,BR_Ticket_FieldBeat_Task|DB_FieldBeat_Tasks.linked_zendesk_ticket_id
8888,1,2860,BR_Ticket_FieldBeat_Task|DB_FieldBeat_Tasks.linked_zendesk_ticket_id
8894,1,2843,BR_Ticket_FieldBeat_Task|DB_FieldBeat_Tasks.linked_zendesk_ticket_id
8895,1,2990,BR_Ticket_FieldBeat_Task|DB_FieldBeat_Tasks.linked_zendesk_ticket_id
8899,1,2959,BR_Ticket_FieldBeat_Task|DB_FieldBeat_Tasks.linked_zendesk_ticket_id
8901,1,2853,BR_Ticket_FieldBeat_Task|DB_FieldBeat_Tasks.linked_zendesk_ticket_id
8911,1,2863,BR_Ticket_FieldBeat_Task|DB_FieldBeat_Tasks.linked_zendesk_ticket_id
8912,1,2868,BR_Ticket_FieldBeat_Task|DB_FieldBeat_Tasks.linked_zendesk_ticket_id
8916,1,2865,BR_Ticket_FieldBeat_Task|DB_FieldBeat_Tasks.linked_zendesk_ticket_id
8923,1,2869,BR_Ticket_FieldBeat_Task|DB_FieldBeat_Tasks.linked_zendesk_ticket_id
8927,1,2870,BR_Ticket_FieldBeat_Task|DB_FieldBeat_Tasks.linked_zendesk_ticket_id
8928,1,2875,BR_Ticket_FieldBeat_Task|DB_FieldBeat_Tasks.linked_zendesk_ticket_id
8936,1,2942,BR_Ticket_FieldBeat_Task|DB_FieldBeat_Tasks.linked_zendesk_ticket_id
8943,1,2885,BR_Ticket_FieldBeat_Task|DB_FieldBeat_Tasks.linked_zendesk_ticket_id
8953,1,2892,BR_Ticket_FieldBeat_Task|DB_FieldBeat_Tasks.linked_zendesk_ticket_id
8967,1,2904,BR_Ticket_FieldBeat_Task|DB_FieldBeat_Tasks.linked_zendesk_ticket_id
8973,1,2909,BR_Ticket_FieldBeat_Task|DB_FieldBeat_Tasks.linked_zendesk_ticket_id
8975,1,2908,BR_Ticket_FieldBeat_Task|DB_FieldBeat_Tasks.linked_zendesk_ticket_id
8977,1,2945,BR_Ticket_FieldBeat_Task|DB_FieldBeat_Tasks.linked_zendesk_ticket_id
8981,1,2929,BR_Ticket_FieldBeat_Task|DB_FieldBeat_Tasks.linked_zendesk_ticket_id
8984,1,2916,BR_Ticket_FieldBeat_Task|DB_FieldBeat_Tasks.linked_zendesk_ticket_id
8990,1,3167,BR_Ticket_FieldBeat_Task|DB_FieldBeat_Tasks.linked_zendesk_ticket_id
8991,1,2951,BR_Ticket_FieldBeat_Task|DB_FieldBeat_Tasks.linked_zendesk_ticket_id
8993,1,2926,BR_Ticket_FieldBeat_Task|DB_FieldBeat_Tasks.linked_zendesk_ticket_id
8995,1,2932,BR_Ticket_FieldBeat_Task|DB_FieldBeat_Tasks.linked_zendesk_ticket_id
8996,1,2938,BR_Ticket_FieldBeat_Task|DB_FieldBeat_Tasks.linked_zendesk_ticket_id
8999,1,2933,BR_Ticket_FieldBeat_Task|DB_FieldBeat_Tasks.linked_zendesk_ticket_id
9003,1,2958,BR_Ticket_FieldBeat_Task|DB_FieldBeat_Tasks.linked_zendesk_ticket_id
9006,1,2935,BR_Ticket_FieldBeat_Task|DB_FieldBeat_Tasks.linked_zendesk_ticket_id
9015,1,2931,BR_Ticket_FieldBeat_Task|DB_FieldBeat_Tasks.linked_zendesk_ticket_id
9027,1,2944,BR_Ticket_FieldBeat_Task|DB_FieldBeat_Tasks.linked_zendesk_ticket_id
9028,1,2946,BR_Ticket_FieldBeat_Task|DB_FieldBeat_Tasks.linked_zendesk_ticket_id
9037,1,2954,BR_Ticket_FieldBeat_Task|DB_FieldBeat_Tasks.linked_zendesk_ticket_id
9053,1,3200,BR_Ticket_FieldBeat_Task|DB_FieldBeat_Tasks.linked_zendesk_ticket_id
9055,1,2957,BR_Ticket_FieldBeat_Task|DB_FieldBeat_Tasks.linked_zendesk_ticket_id
9063,1,2963,BR_Ticket_FieldBeat_Task|DB_FieldBeat_Tasks.linked_zendesk_ticket_id
9069,1,2974,BR_Ticket_FieldBeat_Task|DB_FieldBeat_Tasks.linked_zendesk_ticket_id
9071,1,2972,BR_Ticket_FieldBeat_Task|DB_FieldBeat_Tasks.linked_zendesk_ticket_id
9072,1,2980,BR_Ticket_FieldBeat_Task|DB_FieldBeat_Tasks.linked_zendesk_ticket_id
9081,1,2975,BR_Ticket_FieldBeat_Task|DB_FieldBeat_Tasks.linked_zendesk_ticket_id
9092,1,2973,BR_Ticket_FieldBeat_Task|DB_FieldBeat_Tasks.linked_zendesk_ticket_id
9096,1,3002,BR_Ticket_FieldBeat_Task|DB_FieldBeat_Tasks.linked_zendesk_ticket_id
9098,1,2986,BR_Ticket_FieldBeat_Task|DB_FieldBeat_Tasks.linked_zendesk_ticket_id
9099,1,2987,BR_Ticket_FieldBeat_Task|DB_FieldBeat_Tasks.linked_zendesk_ticket_id
9100,1,3094,BR_Ticket_FieldBeat_Task|DB_FieldBeat_Tasks.linked_zendesk_ticket_id
9111,1,2993,BR_Ticket_FieldBeat_Task|DB_FieldBeat_Tasks.linked_zendesk_ticket_id
9118,1,2997,BR_Ticket_FieldBeat_Task|DB_FieldBeat_Tasks.linked_zendesk_ticket_id
9123,1,3011,BR_Ticket_FieldBeat_Task|DB_FieldBeat_Tasks.linked_zendesk_ticket_id
9126,1,3001,BR_Ticket_FieldBeat_Task|DB_FieldBeat_Tasks.linked_zendesk_ticket_id
9130,1,3006,BR_Ticket_FieldBeat_Task|DB_FieldBeat_Tasks.linked_zendesk_ticket_id
9131,1,3019,BR_Ticket_FieldBeat_Task|DB_FieldBeat_Tasks.linked_zendesk_ticket_id
9133,1,3009,BR_Ticket_FieldBeat_Task|DB_FieldBeat_Tasks.linked_zendesk_ticket_id
9139,1,3017,BR_Ticket_FieldBeat_Task|DB_FieldBeat_Tasks.linked_zendesk_ticket_id
9141,1,3018,BR_Ticket_FieldBeat_Task|DB_FieldBeat_Tasks.linked_zendesk_ticket_id
9142,1,3087,BR_Ticket_FieldBeat_Task|DB_FieldBeat_Tasks.linked_zendesk_ticket_id
9145,1,3021,BR_Ticket_FieldBeat_Task|DB_FieldBeat_Tasks.linked_zendesk_ticket_id
9147,1,3026,BR_Ticket_FieldBeat_Task|DB_FieldBeat_Tasks.linked_zendesk_ticket_id
9150,1,3025,BR_Ticket_FieldBeat_Task|DB_FieldBeat_Tasks.linked_zendesk_ticket_id
9151,1,3024,BR_Ticket_FieldBeat_Task|DB_FieldBeat_Tasks.linked_zendesk_ticket_id
9154,1,3030,BR_Ticket_FieldBeat_Task|DB_FieldBeat_Tasks.linked_zendesk_ticket_id
9156,1,3029,BR_Ticket_FieldBeat_Task|DB_FieldBeat_Tasks.linked_zendesk_ticket_id
9167,1,3031,BR_Ticket_FieldBeat_Task|DB_FieldBeat_Tasks.linked_zendesk_ticket_id
9195,1,3085,BR_Ticket_FieldBeat_Task|DB_FieldBeat_Tasks.linked_zendesk_ticket_id
9203,1,3053,BR_Ticket_FieldBeat_Task|DB_FieldBeat_Tasks.linked_zendesk_ticket_id
9211,1,3169,BR_Ticket_FieldBeat_Task|DB_FieldBeat_Tasks.linked_zendesk_ticket_id
9213,1,3255,BR_Ticket_FieldBeat_Task|DB_FieldBeat_Tasks.linked_zendesk_ticket_id
9216,1,3066,BR_Ticket_FieldBeat_Task|DB_FieldBeat_Tasks.linked_zendesk_ticket_id
9217,1,3114,BR_Ticket_FieldBeat_Task|DB_FieldBeat_Tasks.linked_zendesk_ticket_id
9218,1,3078,BR_Ticket_FieldBeat_Task|DB_FieldBeat_Tasks.linked_zendesk_ticket_id
9219,1,3075,BR_Ticket_FieldBeat_Task|DB_FieldBeat_Tasks.linked_zendesk_ticket_id
9222,1,3080,BR_Ticket_FieldBeat_Task|DB_FieldBeat_Tasks.linked_zendesk_ticket_id
9234,1,3156,BR_Ticket_FieldBeat_Task|DB_FieldBeat_Tasks.linked_zendesk_ticket_id
9235,1,3276,BR_Ticket_FieldBeat_Task|DB_FieldBeat_Tasks.linked_zendesk_ticket_id
9236,1,3108,BR_Ticket_FieldBeat_Task|DB_FieldBeat_Tasks.linked_zendesk_ticket_id
9244,1,3102,BR_Ticket_FieldBeat_Task|DB_FieldBeat_Tasks.linked_zendesk_ticket_id
9248,1,3117,BR_Ticket_FieldBeat_Task|DB_FieldBeat_Tasks.linked_zendesk_ticket_id
9261,1,3171,BR_Ticket_FieldBeat_Task|DB_FieldBeat_Tasks.linked_zendesk_ticket_id
9262,1,3123,BR_Ticket_FieldBeat_Task|DB_FieldBeat_Tasks.linked_zendesk_ticket_id
9264,1,3056,BR_Ticket_FieldBeat_Task|DB_FieldBeat_Tasks.linked_zendesk_ticket_id
9267,1,3126,BR_Ticket_FieldBeat_Task|DB_FieldBeat_Tasks.linked_zendesk_ticket_id
9269,1,3136,BR_Ticket_FieldBeat_Task|DB_FieldBeat_Tasks.linked_zendesk_ticket_id
9272,1,3206,BR_Ticket_FieldBeat_Task|DB_FieldBeat_Tasks.linked_zendesk_ticket_id
9273,1,3134,BR_Ticket_FieldBeat_Task|DB_FieldBeat_Tasks.linked_zendesk_ticket_id
9277,1,3133,BR_Ticket_FieldBeat_Task|DB_FieldBeat_Tasks.linked_zendesk_ticket_id
9282,1,3141,BR_Ticket_FieldBeat_Task|DB_FieldBeat_Tasks.linked_zendesk_ticket_id
9285,1,3237,BR_Ticket_FieldBeat_Task|DB_FieldBeat_Tasks.linked_zendesk_ticket_id
9288,1,3140,BR_Ticket_FieldBeat_Task|DB_FieldBeat_Tasks.linked_zendesk_ticket_id
9289,1,3139,BR_Ticket_FieldBeat_Task|DB_FieldBeat_Tasks.linked_zendesk_ticket_id
9291,1,3152,BR_Ticket_FieldBeat_Task|DB_FieldBeat_Tasks.linked_zendesk_ticket_id
9295,1,3204,BR_Ticket_FieldBeat_Task|DB_FieldBeat_Tasks.linked_zendesk_ticket_id
9297,1,3142,BR_Ticket_FieldBeat_Task|DB_FieldBeat_Tasks.linked_zendesk_ticket_id
9305,1,3146,BR_Ticket_FieldBeat_Task|DB_FieldBeat_Tasks.linked_zendesk_ticket_id
9307,1,3151,BR_Ticket_FieldBeat_Task|DB_FieldBeat_Tasks.linked_zendesk_ticket_id
9308,1,3165,BR_Ticket_FieldBeat_Task|DB_FieldBeat_Tasks.linked_zendesk_ticket_id
9313,1,3155,BR_Ticket_FieldBeat_Task|DB_FieldBeat_Tasks.linked_zendesk_ticket_id
9314,1,3188,BR_Ticket_FieldBeat_Task|DB_FieldBeat_Tasks.linked_zendesk_ticket_id
9317,1,3161,BR_Ticket_FieldBeat_Task|DB_FieldBeat_Tasks.linked_zendesk_ticket_id
9328,1,3166,BR_Ticket_FieldBeat_Task|DB_FieldBeat_Tasks.linked_zendesk_ticket_id
9329,1,3174,BR_Ticket_FieldBeat_Task|DB_FieldBeat_Tasks.linked_zendesk_ticket_id
9332,1,3263,BR_Ticket_FieldBeat_Task|DB_FieldBeat_Tasks.linked_zendesk_ticket_id
9334,1,3176,BR_Ticket_FieldBeat_Task|DB_FieldBeat_Tasks.linked_zendesk_ticket_id
9336,1,3168,BR_Ticket_FieldBeat_Task|DB_FieldBeat_Tasks.linked_zendesk_ticket_id
9344,1,3172,BR_Ticket_FieldBeat_Task|DB_FieldBeat_Tasks.linked_zendesk_ticket_id
9345,1,3175,BR_Ticket_FieldBeat_Task|DB_FieldBeat_Tasks.linked_zendesk_ticket_id
9347,1,3180,BR_Ticket_FieldBeat_Task|DB_FieldBeat_Tasks.linked_zendesk_ticket_id
9348,1,3183,BR_Ticket_FieldBeat_Task|DB_FieldBeat_Tasks.linked_zendesk_ticket_id
9356,1,3194,BR_Ticket_FieldBeat_Task|DB_FieldBeat_Tasks.linked_zendesk_ticket_id
9361,1,3190,BR_Ticket_FieldBeat_Task|DB_FieldBeat_Tasks.linked_zendesk_ticket_id
9362,1,3187,BR_Ticket_FieldBeat_Task|DB_FieldBeat_Tasks.linked_zendesk_ticket_id
9363,1,3191,BR_Ticket_FieldBeat_Task|DB_FieldBeat_Tasks.linked_zendesk_ticket_id
9364,1,3214,BR_Ticket_FieldBeat_Task|DB_FieldBeat_Tasks.linked_zendesk_ticket_id
9365,1,3193,BR_Ticket_FieldBeat_Task|DB_FieldBeat_Tasks.linked_zendesk_ticket_id
9371,1,3197,BR_Ticket_FieldBeat_Task|DB_FieldBeat_Tasks.linked_zendesk_ticket_id
9374,1,3254,BR_Ticket_FieldBeat_Task|DB_FieldBeat_Tasks.linked_zendesk_ticket_id
9376,1,3203,BR_Ticket_FieldBeat_Task|DB_FieldBeat_Tasks.linked_zendesk_ticket_id
9377,1,3211,BR_Ticket_FieldBeat_Task|DB_FieldBeat_Tasks.linked_zendesk_ticket_id
9403,1,3220,BR_Ticket_FieldBeat_Task|DB_FieldBeat_Tasks.linked_zendesk_ticket_id
9404,1,3224,BR_Ticket_FieldBeat_Task|DB_FieldBeat_Tasks.linked_zendesk_ticket_id
9416,1,3229,BR_Ticket_FieldBeat_Task|DB_FieldBeat_Tasks.linked_zendesk_ticket_id
9417,1,3235,BR_Ticket_FieldBeat_Task|DB_FieldBeat_Tasks.linked_zendesk_ticket_id
9418,1,3238,BR_Ticket_FieldBeat_Task|DB_FieldBeat_Tasks.linked_zendesk_ticket_id
9421,1,3236,BR_Ticket_FieldBeat_Task|DB_FieldBeat_Tasks.linked_zendesk_ticket_id
9422,1,3277,BR_Ticket_FieldBeat_Task|DB_FieldBeat_Tasks.linked_zendesk_ticket_id
9429,1,3506,BR_Ticket_FieldBeat_Task|DB_FieldBeat_Tasks.linked_zendesk_ticket_id
9438,1,3267,BR_Ticket_FieldBeat_Task|DB_FieldBeat_Tasks.linked_zendesk_ticket_id
9441,1,3258,BR_Ticket_FieldBeat_Task|DB_FieldBeat_Tasks.linked_zendesk_ticket_id
9444,1,3262,BR_Ticket_FieldBeat_Task|DB_FieldBeat_Tasks.linked_zendesk_ticket_id
9451,1,3253,BR_Ticket_FieldBeat_Task|DB_FieldBeat_Tasks.linked_zendesk_ticket_id
9454,1,3306,BR_Ticket_FieldBeat_Task|DB_FieldBeat_Tasks.linked_zendesk_ticket_id
9464,1,3271,BR_Ticket_FieldBeat_Task|DB_FieldBeat_Tasks.linked_zendesk_ticket_id
9470,1,3279,BR_Ticket_FieldBeat_Task|DB_FieldBeat_Tasks.linked_zendesk_ticket_id
9471,1,3283,BR_Ticket_FieldBeat_Task|DB_FieldBeat_Tasks.linked_zendesk_ticket_id
9476,1,3331,BR_Ticket_FieldBeat_Task|DB_FieldBeat_Tasks.linked_zendesk_ticket_id
9477,1,3293,BR_Ticket_FieldBeat_Task|DB_FieldBeat_Tasks.linked_zendesk_ticket_id
9478,1,3318,BR_Ticket_FieldBeat_Task|DB_FieldBeat_Tasks.linked_zendesk_ticket_id
9494,1,3280,BR_Ticket_FieldBeat_Task|DB_FieldBeat_Tasks.linked_zendesk_ticket_id
9496,1,3518,BR_Ticket_FieldBeat_Task|DB_FieldBeat_Tasks.linked_zendesk_ticket_id
9498,1,3310,BR_Ticket_FieldBeat_Task|DB_FieldBeat_Tasks.linked_zendesk_ticket_id
9504,1,3303,BR_Ticket_FieldBeat_Task|DB_FieldBeat_Tasks.linked_zendesk_ticket_id
9513,1,3298,BR_Ticket_FieldBeat_Task|DB_FieldBeat_Tasks.linked_zendesk_ticket_id
9526,1,3653,BR_Ticket_FieldBeat_Task|DB_FieldBeat_Tasks.linked_zendesk_ticket_id
9530,1,3302,BR_Ticket_FieldBeat_Task|DB_FieldBeat_Tasks.linked_zendesk_ticket_id
9531,1,3304,BR_Ticket_FieldBeat_Task|DB_FieldBeat_Tasks.linked_zendesk_ticket_id
9533,1,3376,BR_Ticket_FieldBeat_Task|DB_FieldBeat_Tasks.linked_zendesk_ticket_id
9539,1,3305,BR_Ticket_FieldBeat_Task|DB_FieldBeat_Tasks.linked_zendesk_ticket_id
9544,1,3307,BR_Ticket_FieldBeat_Task|DB_FieldBeat_Tasks.linked_zendesk_ticket_id
9556,1,3312,BR_Ticket_FieldBeat_Task|DB_FieldBeat_Tasks.linked_zendesk_ticket_id
9562,1,3324,BR_Ticket_FieldBeat_Task|DB_FieldBeat_Tasks.linked_zendesk_ticket_id
9568,1,3323,BR_Ticket_FieldBeat_Task|DB_FieldBeat_Tasks.linked_zendesk_ticket_id
9569,1,3322,BR_Ticket_FieldBeat_Task|DB_FieldBeat_Tasks.linked_zendesk_ticket_id
9571,1,3327,BR_Ticket_FieldBeat_Task|DB_FieldBeat_Tasks.linked_zendesk_ticket_id
9573,1,3336,BR_Ticket_FieldBeat_Task|DB_FieldBeat_Tasks.linked_zendesk_ticket_id
9574,1,3334,BR_Ticket_FieldBeat_Task|DB_FieldBeat_Tasks.linked_zendesk_ticket_id
9577,1,3375,BR_Ticket_FieldBeat_Task|DB_FieldBeat_Tasks.linked_zendesk_ticket_id
9578,1,3335,BR_Ticket_FieldBeat_Task|DB_FieldBeat_Tasks.linked_zendesk_ticket_id
9584,1,3337,BR_Ticket_FieldBeat_Task|DB_FieldBeat_Tasks.linked_zendesk_ticket_id
9587,1,3340,BR_Ticket_FieldBeat_Task|DB_FieldBeat_Tasks.linked_zendesk_ticket_id
9590,1,3341,BR_Ticket_FieldBeat_Task|DB_FieldBeat_Tasks.linked_zendesk_ticket_id
9591,1,3343,BR_Ticket_FieldBeat_Task|DB_FieldBeat_Tasks.linked_zendesk_ticket_id
9594,1,3344,BR_Ticket_FieldBeat_Task|DB_FieldBeat_Tasks.linked_zendesk_ticket_id
9601,1,3345,BR_Ticket_FieldBeat_Task|DB_FieldBeat_Tasks.linked_zendesk_ticket_id
9607,1,3352,BR_Ticket_FieldBeat_Task|DB_FieldBeat_Tasks.linked_zendesk_ticket_id
9616,1,3353,BR_Ticket_FieldBeat_Task|DB_FieldBeat_Tasks.linked_zendesk_ticket_id
9623,1,3357,BR_Ticket_FieldBeat_Task|DB_FieldBeat_Tasks.linked_zendesk_ticket_id
9635,1,3384,BR_Ticket_FieldBeat_Task|DB_FieldBeat_Tasks.linked_zendesk_ticket_id
9645,1,3365,BR_Ticket_FieldBeat_Task|DB_FieldBeat_Tasks.linked_zendesk_ticket_id
9648,1,3366,BR_Ticket_FieldBeat_Task|DB_FieldBeat_Tasks.linked_zendesk_ticket_id
9655,1,3370,BR_Ticket_FieldBeat_Task|DB_FieldBeat_Tasks.linked_zendesk_ticket_id
9660,1,3390,BR_Ticket_FieldBeat_Task|DB_FieldBeat_Tasks.linked_zendesk_ticket_id
9667,1,3382,BR_Ticket_FieldBeat_Task|DB_FieldBeat_Tasks.linked_zendesk_ticket_id
9668,1,3380,BR_Ticket_FieldBeat_Task|DB_FieldBeat_Tasks.linked_zendesk_ticket_id
9670,1,3399,BR_Ticket_FieldBeat_Task|DB_FieldBeat_Tasks.linked_zendesk_ticket_id
9674,1,3391,BR_Ticket_FieldBeat_Task|DB_FieldBeat_Tasks.linked_zendesk_ticket_id
9680,1,3394,BR_Ticket_FieldBeat_Task|DB_FieldBeat_Tasks.linked_zendesk_ticket_id
9683,1,3402,BR_Ticket_FieldBeat_Task|DB_FieldBeat_Tasks.linked_zendesk_ticket_id
9690,1,3443,BR_Ticket_FieldBeat_Task|DB_FieldBeat_Tasks.linked_zendesk_ticket_id
9694,1,3456,BR_Ticket_FieldBeat_Task|DB_FieldBeat_Tasks.linked_zendesk_ticket_id
9703,1,3405,BR_Ticket_FieldBeat_Task|DB_FieldBeat_Tasks.linked_zendesk_ticket_id
9704,1,3406,BR_Ticket_FieldBeat_Task|DB_FieldBeat_Tasks.linked_zendesk_ticket_id
9706,1,3425,BR_Ticket_FieldBeat_Task|DB_FieldBeat_Tasks.linked_zendesk_ticket_id
9712,1,3413,BR_Ticket_FieldBeat_Task|DB_FieldBeat_Tasks.linked_zendesk_ticket_id
9714,1,3412,BR_Ticket_FieldBeat_Task|DB_FieldBeat_Tasks.linked_zendesk_ticket_id
9720,1,3414,BR_Ticket_FieldBeat_Task|DB_FieldBeat_Tasks.linked_zendesk_ticket_id
9722,1,3416,BR_Ticket_FieldBeat_Task|DB_FieldBeat_Tasks.linked_zendesk_ticket_id
9726,1,3421,BR_Ticket_FieldBeat_Task|DB_FieldBeat_Tasks.linked_zendesk_ticket_id
9734,1,3429,BR_Ticket_FieldBeat_Task|DB_FieldBeat_Tasks.linked_zendesk_ticket_id
9737,1,3422,BR_Ticket_FieldBeat_Task|DB_FieldBeat_Tasks.linked_zendesk_ticket_id
9746,1,3428,BR_Ticket_FieldBeat_Task|DB_FieldBeat_Tasks.linked_zendesk_ticket_id
9749,1,3431,BR_Ticket_FieldBeat_Task|DB_FieldBeat_Tasks.linked_zendesk_ticket_id
9753,1,3434,BR_Ticket_FieldBeat_Task|DB_FieldBeat_Tasks.linked_zendesk_ticket_id
9754,1,3472,BR_Ticket_FieldBeat_Task|DB_FieldBeat_Tasks.linked_zendesk_ticket_id
9758,1,3436,BR_Ticket_FieldBeat_Task|DB_FieldBeat_Tasks.linked_zendesk_ticket_id
9764,1,3438,BR_Ticket_FieldBeat_Task|DB_FieldBeat_Tasks.linked_zendesk_ticket_id
9774,1,3441,BR_Ticket_FieldBeat_Task|DB_FieldBeat_Tasks.linked_zendesk_ticket_id
9775,1,3442,BR_Ticket_FieldBeat_Task|DB_FieldBeat_Tasks.linked_zendesk_ticket_id
9784,1,3492,BR_Ticket_FieldBeat_Task|DB_FieldBeat_Tasks.linked_zendesk_ticket_id
9789,1,3454,BR_Ticket_FieldBeat_Task|DB_FieldBeat_Tasks.linked_zendesk_ticket_id
9801,1,3459,BR_Ticket_FieldBeat_Task|DB_FieldBeat_Tasks.linked_zendesk_ticket_id
9806,1,3462,BR_Ticket_FieldBeat_Task|DB_FieldBeat_Tasks.linked_zendesk_ticket_id
9810,1,3463,BR_Ticket_FieldBeat_Task|DB_FieldBeat_Tasks.linked_zendesk_ticket_id
9811,1,3491,BR_Ticket_FieldBeat_Task|DB_FieldBeat_Tasks.linked_zendesk_ticket_id
9813,1,3464,BR_Ticket_FieldBeat_Task|DB_FieldBeat_Tasks.linked_zendesk_ticket_id
9816,1,3473,BR_Ticket_FieldBeat_Task|DB_FieldBeat_Tasks.linked_zendesk_ticket_id
9821,1,3479,BR_Ticket_FieldBeat_Task|DB_FieldBeat_Tasks.linked_zendesk_ticket_id
9826,1,3602,BR_Ticket_FieldBeat_Task|DB_FieldBeat_Tasks.linked_zendesk_ticket_id
9833,1,3495,BR_Ticket_FieldBeat_Task|DB_FieldBeat_Tasks.linked_zendesk_ticket_id
9835,1,3485,BR_Ticket_FieldBeat_Task|DB_FieldBeat_Tasks.linked_zendesk_ticket_id
9841,1,3498,BR_Ticket_FieldBeat_Task|DB_FieldBeat_Tasks.linked_zendesk_ticket_id
9851,1,3500,BR_Ticket_FieldBeat_Task|DB_FieldBeat_Tasks.linked_zendesk_ticket_id
9852,1,3499,BR_Ticket_FieldBeat_Task|DB_FieldBeat_Tasks.linked_zendesk_ticket_id
9854,1,3502,BR_Ticket_FieldBeat_Task|DB_FieldBeat_Tasks.linked_zendesk_ticket_id
9855,1,3505,BR_Ticket_FieldBeat_Task|DB_FieldBeat_Tasks.linked_zendesk_ticket_id
9858,1,3503,BR_Ticket_FieldBeat_Task|DB_FieldBeat_Tasks.linked_zendesk_ticket_id
9859,1,3507,BR_Ticket_FieldBeat_Task|DB_FieldBeat_Tasks.linked_zendesk_ticket_id
9862,1,3516,BR_Ticket_FieldBeat_Task|DB_FieldBeat_Tasks.linked_zendesk_ticket_id
9865,1,3513,BR_Ticket_FieldBeat_Task|DB_FieldBeat_Tasks.linked_zendesk_ticket_id
9866,1,3528,BR_Ticket_FieldBeat_Task|DB_FieldBeat_Tasks.linked_zendesk_ticket_id
9867,1,3496,BR_Ticket_FieldBeat_Task|DB_FieldBeat_Tasks.linked_zendesk_ticket_id
9871,1,3530,BR_Ticket_FieldBeat_Task|DB_FieldBeat_Tasks.linked_zendesk_ticket_id
9878,1,3523,BR_Ticket_FieldBeat_Task|DB_FieldBeat_Tasks.linked_zendesk_ticket_id
9882,1,3526,BR_Ticket_FieldBeat_Task|DB_FieldBeat_Tasks.linked_zendesk_ticket_id
9883,1,3524,BR_Ticket_FieldBeat_Task|DB_FieldBeat_Tasks.linked_zendesk_ticket_id
9884,1,3525,BR_Ticket_FieldBeat_Task|DB_FieldBeat_Tasks.linked_zendesk_ticket_id
9888,1,3529,BR_Ticket_FieldBeat_Task|DB_FieldBeat_Tasks.linked_zendesk_ticket_id
9890,1,3532,BR_Ticket_FieldBeat_Task|DB_FieldBeat_Tasks.linked_zendesk_ticket_id
9894,1,3531,BR_Ticket_FieldBeat_Task|DB_FieldBeat_Tasks.linked_zendesk_ticket_id
9898,1,3550,BR_Ticket_FieldBeat_Task|DB_FieldBeat_Tasks.linked_zendesk_ticket_id
9901,1,3535,BR_Ticket_FieldBeat_Task|DB_FieldBeat_Tasks.linked_zendesk_ticket_id
9905,1,3536,BR_Ticket_FieldBeat_Task|DB_FieldBeat_Tasks.linked_zendesk_ticket_id
9911,1,3540,BR_Ticket_FieldBeat_Task|DB_FieldBeat_Tasks.linked_zendesk_ticket_id
9913,1,3542,BR_Ticket_FieldBeat_Task|DB_FieldBeat_Tasks.linked_zendesk_ticket_id
9915,1,3546,BR_Ticket_FieldBeat_Task|DB_FieldBeat_Tasks.linked_zendesk_ticket_id
9916,1,3575,BR_Ticket_FieldBeat_Task|DB_FieldBeat_Tasks.linked_zendesk_ticket_id
9923,1,3552,BR_Ticket_FieldBeat_Task|DB_FieldBeat_Tasks.linked_zendesk_ticket_id
9924,1,3555,BR_Ticket_FieldBeat_Task|DB_FieldBeat_Tasks.linked_zendesk_ticket_id
9926,1,3556,BR_Ticket_FieldBeat_Task|DB_FieldBeat_Tasks.linked_zendesk_ticket_id
9934,1,3562,BR_Ticket_FieldBeat_Task|DB_FieldBeat_Tasks.linked_zendesk_ticket_id
9937,1,3632,BR_Ticket_FieldBeat_Task|DB_FieldBeat_Tasks.linked_zendesk_ticket_id
9938,1,3574,BR_Ticket_FieldBeat_Task|DB_FieldBeat_Tasks.linked_zendesk_ticket_id
9945,1,3620,BR_Ticket_FieldBeat_Task|DB_FieldBeat_Tasks.linked_zendesk_ticket_id
9948,1,3567,BR_Ticket_FieldBeat_Task|DB_FieldBeat_Tasks.linked_zendesk_ticket_id
9955,1,3638,BR_Ticket_FieldBeat_Task|DB_FieldBeat_Tasks.linked_zendesk_ticket_id
9969,1,3622,BR_Ticket_FieldBeat_Task|DB_FieldBeat_Tasks.linked_zendesk_ticket_id
9971,1,3587,BR_Ticket_FieldBeat_Task|DB_FieldBeat_Tasks.linked_zendesk_ticket_id
9974,1,3592,BR_Ticket_FieldBeat_Task|DB_FieldBeat_Tasks.linked_zendesk_ticket_id
9980,1,3596,BR_Ticket_FieldBeat_Task|DB_FieldBeat_Tasks.linked_zendesk_ticket_id
9984,1,3601,BR_Ticket_FieldBeat_Task|DB_FieldBeat_Tasks.linked_zendesk_ticket_id
9988,1,3606,BR_Ticket_FieldBeat_Task|DB_FieldBeat_Tasks.linked_zendesk_ticket_id
9994,1,3648,BR_Ticket_FieldBeat_Task|DB_FieldBeat_Tasks.linked_zendesk_ticket_id
9995,1,3629,BR_Ticket_FieldBeat_Task|DB_FieldBeat_Tasks.linked_zendesk_ticket_id
10002,1,3633,BR_Ticket_FieldBeat_Task|DB_FieldBeat_Tasks.linked_zendesk_ticket_id
10011,1,3634,BR_Ticket_FieldBeat_Task|DB_FieldBeat_Tasks.linked_zendesk_ticket_id
10019,1,3641,BR_Ticket_FieldBeat_Task|DB_FieldBeat_Tasks.linked_zendesk_ticket_id
10024,1,3646,BR_Ticket_FieldBeat_Task|DB_FieldBeat_Tasks.linked_zendesk_ticket_id
10045,1,3684,BR_Ticket_FieldBeat_Task|DB_FieldBeat_Tasks.linked_zendesk_ticket_id
10054,1,3775,BR_Ticket_FieldBeat_Task|DB_FieldBeat_Tasks.linked_zendesk_ticket_id
10056,1,3677,BR_Ticket_FieldBeat_Task|DB_FieldBeat_Tasks.linked_zendesk_ticket_id
10062,1,3758,BR_Ticket_FieldBeat_Task|DB_FieldBeat_Tasks.linked_zendesk_ticket_id
10070,1,3688,BR_Ticket_FieldBeat_Task|DB_FieldBeat_Tasks.linked_zendesk_ticket_id
10080,1,3687,BR_Ticket_FieldBeat_Task|DB_FieldBeat_Tasks.linked_zendesk_ticket_id
10081,1,3686,BR_Ticket_FieldBeat_Task|DB_FieldBeat_Tasks.linked_zendesk_ticket_id
10083,1,3747,BR_Ticket_FieldBeat_Task|DB_FieldBeat_Tasks.linked_zendesk_ticket_id
10086,1,3694,BR_Ticket_FieldBeat_Task|DB_FieldBeat_Tasks.linked_zendesk_ticket_id
10088,1,3693,BR_Ticket_FieldBeat_Task|DB_FieldBeat_Tasks.linked_zendesk_ticket_id
10093,1,3733,BR_Ticket_FieldBeat_Task|DB_FieldBeat_Tasks.linked_zendesk_ticket_id
10100,1,3697,BR_Ticket_FieldBeat_Task|DB_FieldBeat_Tasks.linked_zendesk_ticket_id
010101,1,1472,BR_Ticket_FieldBeat_Task|DB_FieldBeat_Tasks.linked_zendesk_ticket_id
10109,1,3703,BR_Ticket_FieldBeat_Task|DB_FieldBeat_Tasks.linked_zendesk_ticket_id
10112,1,3702,BR_Ticket_FieldBeat_Task|DB_FieldBeat_Tasks.linked_zendesk_ticket_id
10113,1,3708,BR_Ticket_FieldBeat_Task|DB_FieldBeat_Tasks.linked_zendesk_ticket_id
10115,1,3709,BR_Ticket_FieldBeat_Task|DB_FieldBeat_Tasks.linked_zendesk_ticket_id
10118,1,3710,BR_Ticket_FieldBeat_Task|DB_FieldBeat_Tasks.linked_zendesk_ticket_id
10126,1,3712,BR_Ticket_FieldBeat_Task|DB_FieldBeat_Tasks.linked_zendesk_ticket_id
10131,1,3746,BR_Ticket_FieldBeat_Task|DB_FieldBeat_Tasks.linked_zendesk_ticket_id
10134,1,3715,BR_Ticket_FieldBeat_Task|DB_FieldBeat_Tasks.linked_zendesk_ticket_id
10135,1,3717,BR_Ticket_FieldBeat_Task|DB_FieldBeat_Tasks.linked_zendesk_ticket_id
10140,1,3719,BR_Ticket_FieldBeat_Task|DB_FieldBeat_Tasks.linked_zendesk_ticket_id
10142,1,3718,BR_Ticket_FieldBeat_Task|DB_FieldBeat_Tasks.linked_zendesk_ticket_id
10146,1,3759,BR_Ticket_FieldBeat_Task|DB_FieldBeat_Tasks.linked_zendesk_ticket_id
10150,1,3732,BR_Ticket_FieldBeat_Task|DB_FieldBeat_Tasks.linked_zendesk_ticket_id
10151,1,3727,BR_Ticket_FieldBeat_Task|DB_FieldBeat_Tasks.linked_zendesk_ticket_id
10157,1,3730,BR_Ticket_FieldBeat_Task|DB_FieldBeat_Tasks.linked_zendesk_ticket_id
10161,1,3736,BR_Ticket_FieldBeat_Task|DB_FieldBeat_Tasks.linked_zendesk_ticket_id
10164,1,3741,BR_Ticket_FieldBeat_Task|DB_FieldBeat_Tasks.linked_zendesk_ticket_id
10165,1,3765,BR_Ticket_FieldBeat_Task|DB_FieldBeat_Tasks.linked_zendesk_ticket_id
10172,1,3743,BR_Ticket_FieldBeat_Task|DB_FieldBeat_Tasks.linked_zendesk_ticket_id
10173,1,3748,BR_Ticket_FieldBeat_Task|DB_FieldBeat_Tasks.linked_zendesk_ticket_id
10175,1,3745,BR_Ticket_FieldBeat_Task|DB_FieldBeat_Tasks.linked_zendesk_ticket_id
10188,1,3760,BR_Ticket_FieldBeat_Task|DB_FieldBeat_Tasks.linked_zendesk_ticket_id
10190,1,3749,BR_Ticket_FieldBeat_Task|DB_FieldBeat_Tasks.linked_zendesk_ticket_id
10197,1,3761,BR_Ticket_FieldBeat_Task|DB_FieldBeat_Tasks.linked_zendesk_ticket_id
10204,1,3763,BR_Ticket_FieldBeat_Task|DB_FieldBeat_Tasks.linked_zendesk_ticket_id
10208,1,3767,BR_Ticket_FieldBeat_Task|DB_FieldBeat_Tasks.linked_zendesk_ticket_id
10220,1,3773,BR_Ticket_FieldBeat_Task|DB_FieldBeat_Tasks.linked_zendesk_ticket_id
10227,1,3776,BR_Ticket_FieldBeat_Task|DB_FieldBeat_Tasks.linked_zendesk_ticket_id
10231,1,3780,BR_Ticket_FieldBeat_Task|DB_FieldBeat_Tasks.linked_zendesk_ticket_id
11540,1,1616,BR_Ticket_FieldBeat_Task|DB_FieldBeat_Tasks.linked_zendesk_ticket_id
84769,1,1305,BR_Ticket_FieldBeat_Task|DB_FieldBeat_Tasks.linked_zendesk_ticket_id
100002,1,1436,BR_Ticket_FieldBeat_Task|DB_FieldBeat_Tasks.linked_zendesk_ticket_id
100026,1,3645,BR_Ticket_FieldBeat_Task|DB_FieldBeat_Tasks.linked_zendesk_ticket_id
100033,1,1271,BR_Ticket_FieldBeat_Task|DB_FieldBeat_Tasks.linked_zendesk_ticket_id
107185,1,2150,BR_Ticket_FieldBeat_Task|DB_FieldBeat_Tasks.linked_zendesk_ticket_id
115048,1,2122,BR_Ticket_FieldBeat_Task|DB_FieldBeat_Tasks.linked_zendesk_ticket_id
117327,1,1368,BR_Ticket_FieldBeat_Task|DB_FieldBeat_Tasks.linked_zendesk_ticket_id
120359,1,1468,BR_Ticket_FieldBeat_Task|DB_FieldBeat_Tasks.linked_zendesk_ticket_id
120365,1,1550,BR_Ticket_FieldBeat_Task|DB_FieldBeat_Tasks.linked_zendesk_ticket_id
123178,1,1932,BR_Ticket_FieldBeat_Task|DB_FieldBeat_Tasks.linked_zendesk_ticket_id
125896,1,2230,BR_Ticket_FieldBeat_Task|DB_FieldBeat_Tasks.linked_zendesk_ticket_id
127990,1,2093,BR_Ticket_FieldBeat_Task|DB_FieldBeat_Tasks.linked_zendesk_ticket_id
130783,1,1554,BR_Ticket_FieldBeat_Task|DB_FieldBeat_Tasks.linked_zendesk_ticket_id
132133,1,2006,BR_Ticket_FieldBeat_Task|DB_FieldBeat_Tasks.linked_zendesk_ticket_id
134319,1,1539,BR_Ticket_FieldBeat_Task|DB_FieldBeat_Tasks.linked_zendesk_ticket_id
136342,1,1784,BR_Ticket_FieldBeat_Task|DB_FieldBeat_Tasks.linked_zendesk_ticket_id
137421,1,1530,BR_Ticket_FieldBeat_Task|DB_FieldBeat_Tasks.linked_zendesk_ticket_id
138414,1,1474,BR_Ticket_FieldBeat_Task|DB_FieldBeat_Tasks.linked_zendesk_ticket_id
140955,1,1407,BR_Ticket_FieldBeat_Task|DB_FieldBeat_Tasks.linked_zendesk_ticket_id
142719,1,2288,BR_Ticket_FieldBeat_Task|DB_FieldBeat_Tasks.linked_zendesk_ticket_id
148260,1,1371,BR_Ticket_FieldBeat_Task|DB_FieldBeat_Tasks.linked_zendesk_ticket_id
150655,1,1250,BR_Ticket_FieldBeat_Task|DB_FieldBeat_Tasks.linked_zendesk_ticket_id
151048,1,2271,BR_Ticket_FieldBeat_Task|DB_FieldBeat_Tasks.linked_zendesk_ticket_id
152475,1,1552,BR_Ticket_FieldBeat_Task|DB_FieldBeat_Tasks.linked_zendesk_ticket_id
154919,1,1874,BR_Ticket_FieldBeat_Task|DB_FieldBeat_Tasks.linked_zendesk_ticket_id
158251,1,1825,BR_Ticket_FieldBeat_Task|DB_FieldBeat_Tasks.linked_zendesk_ticket_id
159610,1,1291,BR_Ticket_FieldBeat_Task|DB_FieldBeat_Tasks.linked_zendesk_ticket_id
162775,1,1509,BR_Ticket_FieldBeat_Task|DB_FieldBeat_Tasks.linked_zendesk_ticket_id
163167,1,2192,BR_Ticket_FieldBeat_Task|DB_FieldBeat_Tasks.linked_zendesk_ticket_id
163562,1,2539,BR_Ticket_FieldBeat_Task|DB_FieldBeat_Tasks.linked_zendesk_ticket_id
165181,1,1876,BR_Ticket_FieldBeat_Task|DB_FieldBeat_Tasks.linked_zendesk_ticket_id
166809,1,1629,BR_Ticket_FieldBeat_Task|DB_FieldBeat_Tasks.linked_zendesk_ticket_id
167765,1,1316,BR_Ticket_FieldBeat_Task|DB_FieldBeat_Tasks.linked_zendesk_ticket_id
172278,1,1380,BR_Ticket_FieldBeat_Task|DB_FieldBeat_Tasks.linked_zendesk_ticket_id
173501,1,2438,BR_Ticket_FieldBeat_Task|DB_FieldBeat_Tasks.linked_zendesk_ticket_id
177629,1,2349,BR_Ticket_FieldBeat_Task|DB_FieldBeat_Tasks.linked_zendesk_ticket_id
178099,1,2073,BR_Ticket_FieldBeat_Task|DB_FieldBeat_Tasks.linked_zendesk_ticket_id
183512,1,2240,BR_Ticket_FieldBeat_Task|DB_FieldBeat_Tasks.linked_zendesk_ticket_id
190572,1,1258,BR_Ticket_FieldBeat_Task|DB_FieldBeat_Tasks.linked_zendesk_ticket_id
191139,1,2121,BR_Ticket_FieldBeat_Task|DB_FieldBeat_Tasks.linked_zendesk_ticket_id
201212,1,1544,BR_Ticket_FieldBeat_Task|DB_FieldBeat_Tasks.linked_zendesk_ticket_id
211406,1,1272,BR_Ticket_FieldBeat_Task|DB_FieldBeat_Tasks.linked_zendesk_ticket_id
212275,1,1447,BR_Ticket_FieldBeat_Task|DB_FieldBeat_Tasks.linked_zendesk_ticket_id
222061,1,1627,BR_Ticket_FieldBeat_Task|DB_FieldBeat_Tasks.linked_zendesk_ticket_id
224161,1,1649,BR_Ticket_FieldBeat_Task|DB_FieldBeat_Tasks.linked_zendesk_ticket_id
225444,1,1929,BR_Ticket_FieldBeat_Task|DB_FieldBeat_Tasks.linked_zendesk_ticket_id
234313,1,1915,BR_Ticket_FieldBeat_Task|DB_FieldBeat_Tasks.linked_zendesk_ticket_id
234528,1,1481,BR_Ticket_FieldBeat_Task|DB_FieldBeat_Tasks.linked_zendesk_ticket_id
235361,1,1702,BR_Ticket_FieldBeat_Task|DB_FieldBeat_Tasks.linked_zendesk_ticket_id
236644,1,1704,BR_Ticket_FieldBeat_Task|DB_FieldBeat_Tasks.linked_zendesk_ticket_id
236942,1,1691,BR_Ticket_FieldBeat_Task|DB_FieldBeat_Tasks.linked_zendesk_ticket_id
240610,1,2169,BR_Ticket_FieldBeat_Task|DB_FieldBeat_Tasks.linked_zendesk_ticket_id
244427,1,1326,BR_Ticket_FieldBeat_Task|DB_FieldBeat_Tasks.linked_zendesk_ticket_id
246753,1,2282,BR_Ticket_FieldBeat_Task|DB_FieldBeat_Tasks.linked_zendesk_ticket_id
252179,1,2216,BR_Ticket_FieldBeat_Task|DB_FieldBeat_Tasks.linked_zendesk_ticket_id
256105,1,2359,BR_Ticket_FieldBeat_Task|DB_FieldBeat_Tasks.linked_zendesk_ticket_id
257565,1,2245,BR_Ticket_FieldBeat_Task|DB_FieldBeat_Tasks.linked_zendesk_ticket_id
260481,1,1801,BR_Ticket_FieldBeat_Task|DB_FieldBeat_Tasks.linked_zendesk_ticket_id
274725,1,1306,BR_Ticket_FieldBeat_Task|DB_FieldBeat_Tasks.linked_zendesk_ticket_id
281588,1,2319,BR_Ticket_FieldBeat_Task|DB_FieldBeat_Tasks.linked_zendesk_ticket_id
286087,1,1414,BR_Ticket_FieldBeat_Task|DB_FieldBeat_Tasks.linked_zendesk_ticket_id
287369,1,1770,BR_Ticket_FieldBeat_Task|DB_FieldBeat_Tasks.linked_zendesk_ticket_id
290214,1,1312,BR_Ticket_FieldBeat_Task|DB_FieldBeat_Tasks.linked_zendesk_ticket_id
292755,1,1963,BR_Ticket_FieldBeat_Task|DB_FieldBeat_Tasks.linked_zendesk_ticket_id
292917,1,1667,BR_Ticket_FieldBeat_Task|DB_FieldBeat_Tasks.linked_zendesk_ticket_id
293312,1,1496,BR_Ticket_FieldBeat_Task|DB_FieldBeat_Tasks.linked_zendesk_ticket_id
301318,1,2224,BR_Ticket_FieldBeat_Task|DB_FieldBeat_Tasks.linked_zendesk_ticket_id
303706,1,2173,BR_Ticket_FieldBeat_Task|DB_FieldBeat_Tasks.linked_zendesk_ticket_id
305630,1,1948,BR_Ticket_FieldBeat_Task|DB_FieldBeat_Tasks.linked_zendesk_ticket_id
307865,1,1751,BR_Ticket_FieldBeat_Task|DB_FieldBeat_Tasks.linked_zendesk_ticket_id
312736,1,1631,BR_Ticket_FieldBeat_Task|DB_FieldBeat_Tasks.linked_zendesk_ticket_id
315212,1,1287,BR_Ticket_FieldBeat_Task|DB_FieldBeat_Tasks.linked_zendesk_ticket_id
318046,1,1363,BR_Ticket_FieldBeat_Task|DB_FieldBeat_Tasks.linked_zendesk_ticket_id
320254,1,1445,BR_Ticket_FieldBeat_Task|DB_FieldBeat_Tasks.linked_zendesk_ticket_id
321375,1,1328,BR_Ticket_FieldBeat_Task|DB_FieldBeat_Tasks.linked_zendesk_ticket_id
323448,1,1803,BR_Ticket_FieldBeat_Task|DB_FieldBeat_Tasks.linked_zendesk_ticket_id
326647,1,1641,BR_Ticket_FieldBeat_Task|DB_FieldBeat_Tasks.linked_zendesk_ticket_id
326756,1,1331,BR_Ticket_FieldBeat_Task|DB_FieldBeat_Tasks.linked_zendesk_ticket_id
330260,1,1564,BR_Ticket_FieldBeat_Task|DB_FieldBeat_Tasks.linked_zendesk_ticket_id
333928,1,1359,BR_Ticket_FieldBeat_Task|DB_FieldBeat_Tasks.linked_zendesk_ticket_id
335280,1,1523,BR_Ticket_FieldBeat_Task|DB_FieldBeat_Tasks.linked_zendesk_ticket_id
339909,1,1498,BR_Ticket_FieldBeat_Task|DB_FieldBeat_Tasks.linked_zendesk_ticket_id
341997,1,1418,BR_Ticket_FieldBeat_Task|DB_FieldBeat_Tasks.linked_zendesk_ticket_id
346122,1,1342,BR_Ticket_FieldBeat_Task|DB_FieldBeat_Tasks.linked_zendesk_ticket_id
346827,1,1610,BR_Ticket_FieldBeat_Task|DB_FieldBeat_Tasks.linked_zendesk_ticket_id
355432,1,1354,BR_Ticket_FieldBeat_Task|DB_FieldBeat_Tasks.linked_zendesk_ticket_id
356875,1,1952,BR_Ticket_FieldBeat_Task|DB_FieldBeat_Tasks.linked_zendesk_ticket_id
359310,1,1357,BR_Ticket_FieldBeat_Task|DB_FieldBeat_Tasks.linked_zendesk_ticket_id
362745,1,2314,BR_Ticket_FieldBeat_Task|DB_FieldBeat_Tasks.linked_zendesk_ticket_id
368560,1,1322,BR_Ticket_FieldBeat_Task|DB_FieldBeat_Tasks.linked_zendesk_ticket_id
370556,1,1925,BR_Ticket_FieldBeat_Task|DB_FieldBeat_Tasks.linked_zendesk_ticket_id
375568,1,2280,BR_Ticket_FieldBeat_Task|DB_FieldBeat_Tasks.linked_zendesk_ticket_id
375731,1,1332,BR_Ticket_FieldBeat_Task|DB_FieldBeat_Tasks.linked_zendesk_ticket_id
387287,1,1862,BR_Ticket_FieldBeat_Task|DB_FieldBeat_Tasks.linked_zendesk_ticket_id
391499,1,1796,BR_Ticket_FieldBeat_Task|DB_FieldBeat_Tasks.linked_zendesk_ticket_id
392327,1,1543,BR_Ticket_FieldBeat_Task|DB_FieldBeat_Tasks.linked_zendesk_ticket_id
394156,1,2437,BR_Ticket_FieldBeat_Task|DB_FieldBeat_Tasks.linked_zendesk_ticket_id
399072,1,1939,BR_Ticket_FieldBeat_Task|DB_FieldBeat_Tasks.linked_zendesk_ticket_id
399764,1,1386,BR_Ticket_FieldBeat_Task|DB_FieldBeat_Tasks.linked_zendesk_ticket_id
407168,1,1992,BR_Ticket_FieldBeat_Task|DB_FieldBeat_Tasks.linked_zendesk_ticket_id
409561,1,1758,BR_Ticket_FieldBeat_Task|DB_FieldBeat_Tasks.linked_zendesk_ticket_id
414010,1,1313,BR_Ticket_FieldBeat_Task|DB_FieldBeat_Tasks.linked_zendesk_ticket_id
414306,1,1532,BR_Ticket_FieldBeat_Task|DB_FieldBeat_Tasks.linked_zendesk_ticket_id
415273,1,1438,BR_Ticket_FieldBeat_Task|DB_FieldBeat_Tasks.linked_zendesk_ticket_id
417278,1,1499,BR_Ticket_FieldBeat_Task|DB_FieldBeat_Tasks.linked_zendesk_ticket_id
425664,1,1375,BR_Ticket_FieldBeat_Task|DB_FieldBeat_Tasks.linked_zendesk_ticket_id
428746,1,1783,BR_Ticket_FieldBeat_Task|DB_FieldBeat_Tasks.linked_zendesk_ticket_id
432011,1,2124,BR_Ticket_FieldBeat_Task|DB_FieldBeat_Tasks.linked_zendesk_ticket_id
434875,1,1269,BR_Ticket_FieldBeat_Task|DB_FieldBeat_Tasks.linked_zendesk_ticket_id
436271,1,1463,BR_Ticket_FieldBeat_Task|DB_FieldBeat_Tasks.linked_zendesk_ticket_id
436837,1,1944,BR_Ticket_FieldBeat_Task|DB_FieldBeat_Tasks.linked_zendesk_ticket_id
439377,1,1983,BR_Ticket_FieldBeat_Task|DB_FieldBeat_Tasks.linked_zendesk_ticket_id
439533,1,1490,BR_Ticket_FieldBeat_Task|DB_FieldBeat_Tasks.linked_zendesk_ticket_id
442987,1,1411,BR_Ticket_FieldBeat_Task|DB_FieldBeat_Tasks.linked_zendesk_ticket_id
444321,1,1477,BR_Ticket_FieldBeat_Task|DB_FieldBeat_Tasks.linked_zendesk_ticket_id
444689,1,1767,BR_Ticket_FieldBeat_Task|DB_FieldBeat_Tasks.linked_zendesk_ticket_id
448046,1,2269,BR_Ticket_FieldBeat_Task|DB_FieldBeat_Tasks.linked_zendesk_ticket_id
450927,1,2007,BR_Ticket_FieldBeat_Task|DB_FieldBeat_Tasks.linked_zendesk_ticket_id
451216,1,1621,BR_Ticket_FieldBeat_Task|DB_FieldBeat_Tasks.linked_zendesk_ticket_id
452861,1,2009,BR_Ticket_FieldBeat_Task|DB_FieldBeat_Tasks.linked_zendesk_ticket_id
453949,1,1469,BR_Ticket_FieldBeat_Task|DB_FieldBeat_Tasks.linked_zendesk_ticket_id
454944,1,2263,BR_Ticket_FieldBeat_Task|DB_FieldBeat_Tasks.linked_zendesk_ticket_id
455550,1,2478,BR_Ticket_FieldBeat_Task|DB_FieldBeat_Tasks.linked_zendesk_ticket_id
455697,1,1903,BR_Ticket_FieldBeat_Task|DB_FieldBeat_Tasks.linked_zendesk_ticket_id
456444,1,1771,BR_Ticket_FieldBeat_Task|DB_FieldBeat_Tasks.linked_zendesk_ticket_id
458280,1,1449,BR_Ticket_FieldBeat_Task|DB_FieldBeat_Tasks.linked_zendesk_ticket_id
465221,1,1255,BR_Ticket_FieldBeat_Task|DB_FieldBeat_Tasks.linked_zendesk_ticket_id
466517,1,1512,BR_Ticket_FieldBeat_Task|DB_FieldBeat_Tasks.linked_zendesk_ticket_id
475970,1,1275,BR_Ticket_FieldBeat_Task|DB_FieldBeat_Tasks.linked_zendesk_ticket_id
477000,1,1535,BR_Ticket_FieldBeat_Task|DB_FieldBeat_Tasks.linked_zendesk_ticket_id
477229,1,2262,BR_Ticket_FieldBeat_Task|DB_FieldBeat_Tasks.linked_zendesk_ticket_id
478766,1,1541,BR_Ticket_FieldBeat_Task|DB_FieldBeat_Tasks.linked_zendesk_ticket_id
479892,1,1324,BR_Ticket_FieldBeat_Task|DB_FieldBeat_Tasks.linked_zendesk_ticket_id
481510,1,1358,BR_Ticket_FieldBeat_Task|DB_FieldBeat_Tasks.linked_zendesk_ticket_id
487058,1,1298,BR_Ticket_FieldBeat_Task|DB_FieldBeat_Tasks.linked_zendesk_ticket_id
488370,1,1439,BR_Ticket_FieldBeat_Task|DB_FieldBeat_Tasks.linked_zendesk_ticket_id
494002,1,1471,BR_Ticket_FieldBeat_Task|DB_FieldBeat_Tasks.linked_zendesk_ticket_id
494456,1,1529,BR_Ticket_FieldBeat_Task|DB_FieldBeat_Tasks.linked_zendesk_ticket_id
502288,1,1956,BR_Ticket_FieldBeat_Task|DB_FieldBeat_Tasks.linked_zendesk_ticket_id
503067,1,2013,BR_Ticket_FieldBeat_Task|DB_FieldBeat_Tasks.linked_zendesk_ticket_id
506915,1,1909,BR_Ticket_FieldBeat_Task|DB_FieldBeat_Tasks.linked_zendesk_ticket_id
507391,1,1311,BR_Ticket_FieldBeat_Task|DB_FieldBeat_Tasks.linked_zendesk_ticket_id
513749,1,1815,BR_Ticket_FieldBeat_Task|DB_FieldBeat_Tasks.linked_zendesk_ticket_id
517136,1,1372,BR_Ticket_FieldBeat_Task|DB_FieldBeat_Tasks.linked_zendesk_ticket_id
522766,1,2270,BR_Ticket_FieldBeat_Task|DB_FieldBeat_Tasks.linked_zendesk_ticket_id
523761,1,1709,BR_Ticket_FieldBeat_Task|DB_FieldBeat_Tasks.linked_zendesk_ticket_id
524622,1,1473,BR_Ticket_FieldBeat_Task|DB_FieldBeat_Tasks.linked_zendesk_ticket_id
526627,1,2017,BR_Ticket_FieldBeat_Task|DB_FieldBeat_Tasks.linked_zendesk_ticket_id
529099,1,2016,BR_Ticket_FieldBeat_Task|DB_FieldBeat_Tasks.linked_zendesk_ticket_id
529724,1,2087,BR_Ticket_FieldBeat_Task|DB_FieldBeat_Tasks.linked_zendesk_ticket_id
531163,1,1609,BR_Ticket_FieldBeat_Task|DB_FieldBeat_Tasks.linked_zendesk_ticket_id
532379,1,1284,BR_Ticket_FieldBeat_Task|DB_FieldBeat_Tasks.linked_zendesk_ticket_id
533300,1,1966,BR_Ticket_FieldBeat_Task|DB_FieldBeat_Tasks.linked_zendesk_ticket_id
534360,1,1855,BR_Ticket_FieldBeat_Task|DB_FieldBeat_Tasks.linked_zendesk_ticket_id
535606,1,2002,BR_Ticket_FieldBeat_Task|DB_FieldBeat_Tasks.linked_zendesk_ticket_id
536165,1,1645,BR_Ticket_FieldBeat_Task|DB_FieldBeat_Tasks.linked_zendesk_ticket_id
540711,1,1374,BR_Ticket_FieldBeat_Task|DB_FieldBeat_Tasks.linked_zendesk_ticket_id
544858,1,1907,BR_Ticket_FieldBeat_Task|DB_FieldBeat_Tasks.linked_zendesk_ticket_id
545781,1,1308,BR_Ticket_FieldBeat_Task|DB_FieldBeat_Tasks.linked_zendesk_ticket_id
553258,1,1335,BR_Ticket_FieldBeat_Task|DB_FieldBeat_Tasks.linked_zendesk_ticket_id
555067,1,2027,BR_Ticket_FieldBeat_Task|DB_FieldBeat_Tasks.linked_zendesk_ticket_id
555555,1,1403,BR_Ticket_FieldBeat_Task|DB_FieldBeat_Tasks.linked_zendesk_ticket_id
560333,1,2205,BR_Ticket_FieldBeat_Task|DB_FieldBeat_Tasks.linked_zendesk_ticket_id
561750,1,2183,BR_Ticket_FieldBeat_Task|DB_FieldBeat_Tasks.linked_zendesk_ticket_id
563156,1,1444,BR_Ticket_FieldBeat_Task|DB_FieldBeat_Tasks.linked_zendesk_ticket_id
563550,1,1465,BR_Ticket_FieldBeat_Task|DB_FieldBeat_Tasks.linked_zendesk_ticket_id
564323,1,1281,BR_Ticket_FieldBeat_Task|DB_FieldBeat_Tasks.linked_zendesk_ticket_id
566921,1,2217,BR_Ticket_FieldBeat_Task|DB_FieldBeat_Tasks.linked_zendesk_ticket_id
566974,1,1882,BR_Ticket_FieldBeat_Task|DB_FieldBeat_Tasks.linked_zendesk_ticket_id
574768,1,1618,BR_Ticket_FieldBeat_Task|DB_FieldBeat_Tasks.linked_zendesk_ticket_id
575784,1,1637,BR_Ticket_FieldBeat_Task|DB_FieldBeat_Tasks.linked_zendesk_ticket_id
580583,1,1276,BR_Ticket_FieldBeat_Task|DB_FieldBeat_Tasks.linked_zendesk_ticket_id
582497,1,2281,BR_Ticket_FieldBeat_Task|DB_FieldBeat_Tasks.linked_zendesk_ticket_id
583766,1,1486,BR_Ticket_FieldBeat_Task|DB_FieldBeat_Tasks.linked_zendesk_ticket_id
588386,1,1511,BR_Ticket_FieldBeat_Task|DB_FieldBeat_Tasks.linked_zendesk_ticket_id
591426,1,1538,BR_Ticket_FieldBeat_Task|DB_FieldBeat_Tasks.linked_zendesk_ticket_id
593101,1,2214,BR_Ticket_FieldBeat_Task|DB_FieldBeat_Tasks.linked_zendesk_ticket_id
595389,1,1278,BR_Ticket_FieldBeat_Task|DB_FieldBeat_Tasks.linked_zendesk_ticket_id
595495,1,1325,BR_Ticket_FieldBeat_Task|DB_FieldBeat_Tasks.linked_zendesk_ticket_id
596917,1,1861,BR_Ticket_FieldBeat_Task|DB_FieldBeat_Tasks.linked_zendesk_ticket_id
599484,1,1682,BR_Ticket_FieldBeat_Task|DB_FieldBeat_Tasks.linked_zendesk_ticket_id
599574,1,1301,BR_Ticket_FieldBeat_Task|DB_FieldBeat_Tasks.linked_zendesk_ticket_id
601281,1,1975,BR_Ticket_FieldBeat_Task|DB_FieldBeat_Tasks.linked_zendesk_ticket_id
603295,1,1906,BR_Ticket_FieldBeat_Task|DB_FieldBeat_Tasks.linked_zendesk_ticket_id
605236,1,1402,BR_Ticket_FieldBeat_Task|DB_FieldBeat_Tasks.linked_zendesk_ticket_id
620100,1,1640,BR_Ticket_FieldBeat_Task|DB_FieldBeat_Tasks.linked_zendesk_ticket_id
621172,1,1583,BR_Ticket_FieldBeat_Task|DB_FieldBeat_Tasks.linked_zendesk_ticket_id
622075,1,2045,BR_Ticket_FieldBeat_Task|DB_FieldBeat_Tasks.linked_zendesk_ticket_id
626188,1,1279,BR_Ticket_FieldBeat_Task|DB_FieldBeat_Tasks.linked_zendesk_ticket_id
630070,1,1416,BR_Ticket_FieldBeat_Task|DB_FieldBeat_Tasks.linked_zendesk_ticket_id
633009,1,2091,BR_Ticket_FieldBeat_Task|DB_FieldBeat_Tasks.linked_zendesk_ticket_id
636193,1,1378,BR_Ticket_FieldBeat_Task|DB_FieldBeat_Tasks.linked_zendesk_ticket_id
639161,1,1636,BR_Ticket_FieldBeat_Task|DB_FieldBeat_Tasks.linked_zendesk_ticket_id
642619,1,1793,BR_Ticket_FieldBeat_Task|DB_FieldBeat_Tasks.linked_zendesk_ticket_id
648368,1,1381,BR_Ticket_FieldBeat_Task|DB_FieldBeat_Tasks.linked_zendesk_ticket_id
650403,1,1680,BR_Ticket_FieldBeat_Task|DB_FieldBeat_Tasks.linked_zendesk_ticket_id
650855,1,1553,BR_Ticket_FieldBeat_Task|DB_FieldBeat_Tasks.linked_zendesk_ticket_id
654641,1,1504,BR_Ticket_FieldBeat_Task|DB_FieldBeat_Tasks.linked_zendesk_ticket_id
657405,1,1277,BR_Ticket_FieldBeat_Task|DB_FieldBeat_Tasks.linked_zendesk_ticket_id
661775,1,1612,BR_Ticket_FieldBeat_Task|DB_FieldBeat_Tasks.linked_zendesk_ticket_id
665447,1,1376,BR_Ticket_FieldBeat_Task|DB_FieldBeat_Tasks.linked_zendesk_ticket_id
668704,1,2418,BR_Ticket_FieldBeat_Task|DB_FieldBeat_Tasks.linked_zendesk_ticket_id
670601,1,2193,BR_Ticket_FieldBeat_Task|DB_FieldBeat_Tasks.linked_zendesk_ticket_id
672716,1,1582,BR_Ticket_FieldBeat_Task|DB_FieldBeat_Tasks.linked_zendesk_ticket_id
674658,1,2078,BR_Ticket_FieldBeat_Task|DB_FieldBeat_Tasks.linked_zendesk_ticket_id
677843,1,1607,BR_Ticket_FieldBeat_Task|DB_FieldBeat_Tasks.linked_zendesk_ticket_id
686250,1,1333,BR_Ticket_FieldBeat_Task|DB_FieldBeat_Tasks.linked_zendesk_ticket_id
691983,1,2014,BR_Ticket_FieldBeat_Task|DB_FieldBeat_Tasks.linked_zendesk_ticket_id
692161,1,1672,BR_Ticket_FieldBeat_Task|DB_FieldBeat_Tasks.linked_zendesk_ticket_id
693481,1,1895,BR_Ticket_FieldBeat_Task|DB_FieldBeat_Tasks.linked_zendesk_ticket_id
697208,1,1628,BR_Ticket_FieldBeat_Task|DB_FieldBeat_Tasks.linked_zendesk_ticket_id
706651,1,1422,BR_Ticket_FieldBeat_Task|DB_FieldBeat_Tasks.linked_zendesk_ticket_id
709670,1,5290,BR_Ticket_FieldBeat_Task|DB_FieldBeat_Tasks.linked_zendesk_ticket_id
711824,1,2460,BR_Ticket_FieldBeat_Task|DB_FieldBeat_Tasks.linked_zendesk_ticket_id
716324,1,2109,BR_Ticket_FieldBeat_Task|DB_FieldBeat_Tasks.linked_zendesk_ticket_id
719390,1,2295,BR_Ticket_FieldBeat_Task|DB_FieldBeat_Tasks.linked_zendesk_ticket_id
719418,1,1252,BR_Ticket_FieldBeat_Task|DB_FieldBeat_Tasks.linked_zendesk_ticket_id
720301,1,1513,BR_Ticket_FieldBeat_Task|DB_FieldBeat_Tasks.linked_zendesk_ticket_id
720356,1,1345,BR_Ticket_FieldBeat_Task|DB_FieldBeat_Tasks.linked_zendesk_ticket_id
720791,1,1954,BR_Ticket_FieldBeat_Task|DB_FieldBeat_Tasks.linked_zendesk_ticket_id
721393,1,2411,BR_Ticket_FieldBeat_Task|DB_FieldBeat_Tasks.linked_zendesk_ticket_id
722542,1,1429,BR_Ticket_FieldBeat_Task|DB_FieldBeat_Tasks.linked_zendesk_ticket_id
727363,1,1470,BR_Ticket_FieldBeat_Task|DB_FieldBeat_Tasks.linked_zendesk_ticket_id
727739,1,1579,BR_Ticket_FieldBeat_Task|DB_FieldBeat_Tasks.linked_zendesk_ticket_id
730927,1,1475,BR_Ticket_FieldBeat_Task|DB_FieldBeat_Tasks.linked_zendesk_ticket_id
736046,1,1567,BR_Ticket_FieldBeat_Task|DB_FieldBeat_Tasks.linked_zendesk_ticket_id
737478,1,2232,BR_Ticket_FieldBeat_Task|DB_FieldBeat_Tasks.linked_zendesk_ticket_id
743842,1,2088,BR_Ticket_FieldBeat_Task|DB_FieldBeat_Tasks.linked_zendesk_ticket_id
746842,1,2072,BR_Ticket_FieldBeat_Task|DB_FieldBeat_Tasks.linked_zendesk_ticket_id
749449,1,1401,BR_Ticket_FieldBeat_Task|DB_FieldBeat_Tasks.linked_zendesk_ticket_id
755004,1,1497,BR_Ticket_FieldBeat_Task|DB_FieldBeat_Tasks.linked_zendesk_ticket_id
758188,1,1437,BR_Ticket_FieldBeat_Task|DB_FieldBeat_Tasks.linked_zendesk_ticket_id
758700,1,2139,BR_Ticket_FieldBeat_Task|DB_FieldBeat_Tasks.linked_zendesk_ticket_id
761642,1,2046,BR_Ticket_FieldBeat_Task|DB_FieldBeat_Tasks.linked_zendesk_ticket_id
764386,1,2419,BR_Ticket_FieldBeat_Task|DB_FieldBeat_Tasks.linked_zendesk_ticket_id
764750,1,1961,BR_Ticket_FieldBeat_Task|DB_FieldBeat_Tasks.linked_zendesk_ticket_id
767638,1,1394,BR_Ticket_FieldBeat_Task|DB_FieldBeat_Tasks.linked_zendesk_ticket_id
775465,1,2218,BR_Ticket_FieldBeat_Task|DB_FieldBeat_Tasks.linked_zendesk_ticket_id
779906,1,1369,BR_Ticket_FieldBeat_Task|DB_FieldBeat_Tasks.linked_zendesk_ticket_id
789203,1,2021,BR_Ticket_FieldBeat_Task|DB_FieldBeat_Tasks.linked_zendesk_ticket_id
792066,1,1430,BR_Ticket_FieldBeat_Task|DB_FieldBeat_Tasks.linked_zendesk_ticket_id
793073,1,1389,BR_Ticket_FieldBeat_Task|DB_FieldBeat_Tasks.linked_zendesk_ticket_id
793080,1,1772,BR_Ticket_FieldBeat_Task|DB_FieldBeat_Tasks.linked_zendesk_ticket_id
798676,1,2012,BR_Ticket_FieldBeat_Task|DB_FieldBeat_Tasks.linked_zendesk_ticket_id
804518,1,1657,BR_Ticket_FieldBeat_Task|DB_FieldBeat_Tasks.linked_zendesk_ticket_id
808156,1,2200,BR_Ticket_FieldBeat_Task|DB_FieldBeat_Tasks.linked_zendesk_ticket_id
808492,1,1508,BR_Ticket_FieldBeat_Task|DB_FieldBeat_Tasks.linked_zendesk_ticket_id
808668,1,1283,BR_Ticket_FieldBeat_Task|DB_FieldBeat_Tasks.linked_zendesk_ticket_id
813919,1,2277,BR_Ticket_FieldBeat_Task|DB_FieldBeat_Tasks.linked_zendesk_ticket_id
814601,1,1732,BR_Ticket_FieldBeat_Task|DB_FieldBeat_Tasks.linked_zendesk_ticket_id
815543,1,1339,BR_Ticket_FieldBeat_Task|DB_FieldBeat_Tasks.linked_zendesk_ticket_id
816664,1,2157,BR_Ticket_FieldBeat_Task|DB_FieldBeat_Tasks.linked_zendesk_ticket_id
824052,1,1435,BR_Ticket_FieldBeat_Task|DB_FieldBeat_Tasks.linked_zendesk_ticket_id
824734,1,1420,BR_Ticket_FieldBeat_Task|DB_FieldBeat_Tasks.linked_zendesk_ticket_id
825460,1,1488,BR_Ticket_FieldBeat_Task|DB_FieldBeat_Tasks.linked_zendesk_ticket_id
830821,1,1373,BR_Ticket_FieldBeat_Task|DB_FieldBeat_Tasks.linked_zendesk_ticket_id
837172,1,1518,BR_Ticket_FieldBeat_Task|DB_FieldBeat_Tasks.linked_zendesk_ticket_id
837833,1,1802,BR_Ticket_FieldBeat_Task|DB_FieldBeat_Tasks.linked_zendesk_ticket_id
843013,1,1257,BR_Ticket_FieldBeat_Task|DB_FieldBeat_Tasks.linked_zendesk_ticket_id
844191,1,1344,BR_Ticket_FieldBeat_Task|DB_FieldBeat_Tasks.linked_zendesk_ticket_id
856787,1,1797,BR_Ticket_FieldBeat_Task|DB_FieldBeat_Tasks.linked_zendesk_ticket_id
859491,1,2257,BR_Ticket_FieldBeat_Task|DB_FieldBeat_Tasks.linked_zendesk_ticket_id
863393,1,1484,BR_Ticket_FieldBeat_Task|DB_FieldBeat_Tasks.linked_zendesk_ticket_id
866043,1,1859,BR_Ticket_FieldBeat_Task|DB_FieldBeat_Tasks.linked_zendesk_ticket_id
867282,1,1501,BR_Ticket_FieldBeat_Task|DB_FieldBeat_Tasks.linked_zendesk_ticket_id
868583,1,1479,BR_Ticket_FieldBeat_Task|DB_FieldBeat_Tasks.linked_zendesk_ticket_id
868853,1,2339,BR_Ticket_FieldBeat_Task|DB_FieldBeat_Tasks.linked_zendesk_ticket_id
877450,1,1310,BR_Ticket_FieldBeat_Task|DB_FieldBeat_Tasks.linked_zendesk_ticket_id
879223,1,1714,BR_Ticket_FieldBeat_Task|DB_FieldBeat_Tasks.linked_zendesk_ticket_id
883541,1,1494,BR_Ticket_FieldBeat_Task|DB_FieldBeat_Tasks.linked_zendesk_ticket_id
883797,1,1764,BR_Ticket_FieldBeat_Task|DB_FieldBeat_Tasks.linked_zendesk_ticket_id
885291,1,2186,BR_Ticket_FieldBeat_Task|DB_FieldBeat_Tasks.linked_zendesk_ticket_id
886290,1,1323,BR_Ticket_FieldBeat_Task|DB_FieldBeat_Tasks.linked_zendesk_ticket_id
886981,1,2039,BR_Ticket_FieldBeat_Task|DB_FieldBeat_Tasks.linked_zendesk_ticket_id
888917,1,1655,BR_Ticket_FieldBeat_Task|DB_FieldBeat_Tasks.linked_zendesk_ticket_id
893689,1,1804,BR_Ticket_FieldBeat_Task|DB_FieldBeat_Tasks.linked_zendesk_ticket_id
900438,1,1492,BR_Ticket_FieldBeat_Task|DB_FieldBeat_Tasks.linked_zendesk_ticket_id
903028,1,1318,BR_Ticket_FieldBeat_Task|DB_FieldBeat_Tasks.linked_zendesk_ticket_id
903908,1,1347,BR_Ticket_FieldBeat_Task|DB_FieldBeat_Tasks.linked_zendesk_ticket_id
904316,1,2352,BR_Ticket_FieldBeat_Task|DB_FieldBeat_Tasks.linked_zendesk_ticket_id
904418,1,1774,BR_Ticket_FieldBeat_Task|DB_FieldBeat_Tasks.linked_zendesk_ticket_id
905198,1,2185,BR_Ticket_FieldBeat_Task|DB_FieldBeat_Tasks.linked_zendesk_ticket_id
906153,1,1588,BR_Ticket_FieldBeat_Task|DB_FieldBeat_Tasks.linked_zendesk_ticket_id
910599,1,1913,BR_Ticket_FieldBeat_Task|DB_FieldBeat_Tasks.linked_zendesk_ticket_id
911108,1,1315,BR_Ticket_FieldBeat_Task|DB_FieldBeat_Tasks.linked_zendesk_ticket_id
914336,1,1256,BR_Ticket_FieldBeat_Task|DB_FieldBeat_Tasks.linked_zendesk_ticket_id
914691,1,2250,BR_Ticket_FieldBeat_Task|DB_FieldBeat_Tasks.linked_zendesk_ticket_id
916830,1,1809,BR_Ticket_FieldBeat_Task|DB_FieldBeat_Tasks.linked_zendesk_ticket_id
919979,1,1525,BR_Ticket_FieldBeat_Task|DB_FieldBeat_Tasks.linked_zendesk_ticket_id
928747,1,1450,BR_Ticket_FieldBeat_Task|DB_FieldBeat_Tasks.linked_zendesk_ticket_id
936823,1,2292,BR_Ticket_FieldBeat_Task|DB_FieldBeat_Tasks.linked_zendesk_ticket_id
942847,1,1785,BR_Ticket_FieldBeat_Task|DB_FieldBeat_Tasks.linked_zendesk_ticket_id
949395,1,1251,BR_Ticket_FieldBeat_Task|DB_FieldBeat_Tasks.linked_zendesk_ticket_id
950403,1,1590,BR_Ticket_FieldBeat_Task|DB_FieldBeat_Tasks.linked_zendesk_ticket_id
958224,1,2403,BR_Ticket_FieldBeat_Task|DB_FieldBeat_Tasks.linked_zendesk_ticket_id
964324,1,1400,BR_Ticket_FieldBeat_Task|DB_FieldBeat_Tasks.linked_zendesk_ticket_id
968564,1,2104,BR_Ticket_FieldBeat_Task|DB_FieldBeat_Tasks.linked_zendesk_ticket_id
968806,1,1555,BR_Ticket_FieldBeat_Task|DB_FieldBeat_Tasks.linked_zendesk_ticket_id
979673,1,2237,BR_Ticket_FieldBeat_Task|DB_FieldBeat_Tasks.linked_zendesk_ticket_id
983006,1,1349,BR_Ticket_FieldBeat_Task|DB_FieldBeat_Tasks.linked_zendesk_ticket_id
983998,1,1527,BR_Ticket_FieldBeat_Task|DB_FieldBeat_Tasks.linked_zendesk_ticket_id
985059,1,1910,BR_Ticket_FieldBeat_Task|DB_FieldBeat_Tasks.linked_zendesk_ticket_id
988322,1,1356,BR_Ticket_FieldBeat_Task|DB_FieldBeat_Tasks.linked_zendesk_ticket_id
989244,1,2248,BR_Ticket_FieldBeat_Task|DB_FieldBeat_Tasks.linked_zendesk_ticket_id
992701,1,1270,BR_Ticket_FieldBeat_Task|DB_FieldBeat_Tasks.linked_zendesk_ticket_id
993911,1,1500,BR_Ticket_FieldBeat_Task|DB_FieldBeat_Tasks.linked_zendesk_ticket_id
998343,1,2184,BR_Ticket_FieldBeat_Task|DB_FieldBeat_Tasks.linked_zendesk_ticket_id
998584,1,2223,BR_Ticket_FieldBeat_Task|DB_FieldBeat_Tasks.linked_zendesk_ticket_id
4445992,1,1510,BR_Ticket_FieldBeat_Task|DB_FieldBeat_Tasks.linked_zendesk_ticket_id
9999999,1,1565,BR_Ticket_FieldBeat_Task|DB_FieldBeat_Tasks.linked_zendesk_ticket_id
1000000000,1,3084,BR_Ticket_FieldBeat_Task|DB_FieldBeat_Tasks.linked_zendesk_ticket_id
20001502053,1,1364,BR_Ticket_FieldBeat_Task|DB_FieldBeat_Tasks.linked_zendesk_ticket_id
5911410869292,1,1981,BR_Ticket_FieldBeat_Task|DB_FieldBeat_Tasks.linked_zendesk_ticket_id