used_part_id,fieldbeat_task_id,zendesk_ticket_id,part_name,raw_part_identifier,normalized_part_identifier,dolibarr_product_id,dolibarr_ref,dolibarr_barcode,dolibarr_label,match_method,match_confidence,match_status,needs_manual_review,candidate_dolibarr_product_ids
953|2|1|451333326854,953,,"Mout, mirror (mylar)",451333326854,451333326854,,,,,NONE,0,NO_MATCH,true,
953|2|5|155579,953,,Lens Ricoh FL-Bc1218A,155579,155579,,,,,NONE,0,NO_MATCH,true,
"954|2|0|motores: 451333264430
tornillo: 8113024 2521_01",954,,03 motores y 01 tornillo.,"motores: 451333264430
tornillo: 8113024 2521_01",MOTORES451333264430TORNILLO8113024252101,,,,,NONE,0,NO_MATCH,true,
955|2|0|1347987,955,,pcb motor drive,1347987,1347987,,,,,NONE,0,NO_MATCH,true,
94|2|0|1018268,94,,"FRU MOTOR BRUSH SET (ELECTROCRAFT).
",1018268,1018268,,,,,NONE,0,NO_MATCH,true,
4|2|0|cafe 2335689,4,,Escobas huaipe,cafe 2335689,CAFE2335689,,,,,NONE,0,NO_MATCH,true,
32|3|0|647907-B21,32,,HP 4GB 2RX8 PC3L-10600E MEMORY MODULE (1X4GB),647907-B21,647907B21,,,,,NONE,0,NO_MATCH,true,
32|2|0|C7975A,32,,HPE Ultrium LTO-5 3TB RW Data Tape,C7975A,C7975A,,,,,NONE,0,NO_MATCH,true,
7|2|0|100000001,7,,barros luco,100000001,100000001,,,,,NONE,0,NO_MATCH,true,
68|2|0|T21321900352,68,,fusible de retardo 10 amp.,T21321900352,T21321900352,,,,,NONE,0,NO_MATCH,true,
66|2|0|1526647,66,,DLG PCB,1526647,1526647,,,,,NONE,0,NO_MATCH,true,
"222|2|0|Relay sin numero.

Magnetron MG5193",222,,"Relay de 24 Vdc.

Magnetron e2V Teledyne  Número serie 18351056C","Relay sin numero.

Magnetron MG5193",RELAYSINNUMEROMAGNETRONMG5193,,,,,NONE,0,NO_MATCH,true,
21|2|0|no hsy,21,,no hsy,no hsy,NOHSY,,,,,NONE,0,NO_MATCH,true,
184|2|0|4515 330 48000,184,,GUN ASSY,4515 330 48000,451533048000,,,,,NONE,0,NO_MATCH,true,
182|2|0|4513 331 17858,182,,FRU ISO ROTATION,4513 331 17858,451333117858,,,,,NONE,0,NO_MATCH,true,
177|2|0|S/N 91951712,177,,Thales TH 7195 B,S/N 91951712,SN91951712,,,,,NONE,0,NO_MATCH,true,
17|3|0|1000095641/7,17,,Service Slitless Flight,1000095641/7,10000956417,,,,,NONE,0,NO_MATCH,true,
15|2|0|2456,15,,hhhh,2456,2456,,,,,NONE,0,NO_MATCH,true,
218|2|0|1501062,218,,Pcb logical control unit,1501062,1501062,,,,,NONE,0,NO_MATCH,true,
212|5|0|45133904974,212,,PCB2 Thumbwheel Table User Interface Side A,45133904974,45133904974,,,,,NONE,0,NO_MATCH,true,
192|7|0|160406,192,,Tarjeta Electrónica Generadora de Pulsos PPG,160406,160406,,,,,NONE,0,NO_MATCH,true,
"169|2|0|1509981

Numero Serie 150998117084.",169,,Gun Filament Power Supply.,"1509981

Numero Serie 150998117084.",1509981NUMEROSERIE150998117084,,,,,NONE,0,NO_MATCH,true,
167|2|0|CX1154L,167,,Válvula Electrónica Tiratrón marca Elekta Nro de Serie 38884 (nueva),CX1154L,CX1154L,,,,,NONE,0,NO_MATCH,true,
145|2|0|1509981. ISS 02.   S/N 150998117091,145,,Gun Filament Power Supply,1509981. ISS 02.   S/N 150998117091,1509981ISS02SN150998117091,,,,,NONE,0,NO_MATCH,true,
120|2|0|modelo 5295001R001,120,,Fuente de Bonbas de Vacio,modelo 5295001R001,MODELO5295001R001,,,,,NONE,0,NO_MATCH,true,
119|2|0|Transistores C3907,119,,"Fusible 2Amp. 250V.

4 transistores de potencia. ",Transistores C3907,TRANSISTORESC3907,,,,,NONE,0,NO_MATCH,true,
108|2|0|1500954,108,,Tarjeta Controladora de Voltaje,1500954,1500954,,,,,NONE,0,NO_MATCH,true,
12|2|0|HN-M101MBB/Z4,12,,HDD Samsung 1TB,HN-M101MBB/Z4,HNM101MBBZ4,,,,,NONE,0,NO_MATCH,true,
101|2|0|Varta 3.6 vdc 150mAh,101,,Bateria LCD Dose,Varta 3.6 vdc 150mAh,VARTA36VDC150MAH,,,,,NONE,0,NO_MATCH,true,
254|2|0|12P754WZ058,254,,Valvula motora circuito interno de agua,12P754WZ058,12P754WZ058,,,,,NONE,0,NO_MATCH,true,
250|2|0|13289,250,,Ampolleta Halogena 13.8v 50W,13289,13289,,,,,NONE,0,NO_MATCH,true,
252|6|0|1538489,252,,Diaphragms PCB,1538489,1538489,,,,,NONE,0,NO_MATCH,true,
287|3|0|1538489,287,,PCB diaphragm drive,1538489,1538489,,,,,NONE,0,NO_MATCH,true,
293|2|0|5295001R001,293,,Ipcu 2 ch  positive,5295001R001,5295001R001,,,,,NONE,0,NO_MATCH,true,
313|3|0|1516940,313,,2 x Leaf Motor Drive Module PCB,1516940,1516940,,,,,NONE,0,NO_MATCH,true,
320|2|0|45133308710,320,,Fuente de Poder,45133308710,45133308710,,,,,NONE,0,NO_MATCH,true,
311|2|0|101674,311,,"2 Nr. Kit spares, DLG Brake. ",101674,101674,,,,,NONE,0,NO_MATCH,true,
332|2|0|1015459,332,,Tarjeta electrónica Linac Interface Board (LIB),1015459,1015459,,,,,NONE,0,NO_MATCH,true,
339|2|0|153848,339,,"PCB ASSY, DLG AND DIAPHRAGM DRIVE",153848,153848,,,,,NONE,0,NO_MATCH,true,
360|2|0|55.32.9.024.0040.,360,,Relay Finder 24 Vdc. (proporcionado por clinica),55.32.9.024.0040.,553290240040,,,,,NONE,0,NO_MATCH,true,
381|2|0|THK AFB-LF+70,381,,Grasa de propósito general.,THK AFB-LF+70,THKAFBLF70,,,,,NONE,0,NO_MATCH,true,
384|2|0|1500954,384,,"PCB controladora de Telemetro "" VOLTAGE REGULATOR PCB ASSY""",1500954,1500954,,,,,NONE,0,NO_MATCH,true,
393|2|0|RG8U,393,,Cable coaxial,RG8U,RG8U,,,,,NONE,0,NO_MATCH,true,
407|2|0|ZN11E9RZ,407,,Disco Duro Seagates 1TB Barracuda,ZN11E9RZ,ZN11E9RZ,,,,,NONE,0,NO_MATCH,true,
418|2|0|S/S,418,,Halogen Optic Lamp 12V-75W,S/S,SS,,,,,NONE,0,NO_MATCH,true,
419|2|0|A3004-10.   N/S S1522 PRP,419,,PCB Filament Drive.,A3004-10.   N/S S1522 PRP,A300410NSS1522PRP,,,,,NONE,0,NO_MATCH,true,
433|2|0|32V10A,433,,Fusible retardo 10A,32V10A,32V10A,,,,,NONE,0,NO_MATCH,true,
435|2|0|465111028,435,,OSRAM Lamp 48870 WFL ES,465111028,465111028,,,,,NONE,0,NO_MATCH,true,
437|2|0|WD10EZEX,437,,Disco Duro Western digital 1TB,WD10EZEX,WD10EZEX,,,,,NONE,0,NO_MATCH,true,
440|2|6|10 Litros,440,,Agua Bidestilada,10 Litros,10LITROS,,,,,NONE,0,NO_MATCH,true,
431|2|0|533-3541,431,,LM2594HVN,533-3541,5333541,,,,,NONE,0,NO_MATCH,true,
449|2|0|F8915,449,,"4 Transistores de potencia BU508V F8915, SELLO DE CAÑERÍAS, teflón ",F8915,F8915,,,,,NONE,0,NO_MATCH,true,
456|2|0|1538489,456,,"PCB assy, DLG and Diaphragm drive",1538489,1538489,,,,,NONE,0,NO_MATCH,true,
"480|2|0|55.32.9.024. 004 Rele Aux. serie ""55"" 2P. 10 A.  Bob 24 Vdc.",480,,Relay Finder,"55.32.9.024. 004 Rele Aux. serie ""55"" 2P. 10 A.  Bob 24 Vdc.",55329024004RELEAUXSERIE552P10ABOB24VDC,,,,,NONE,0,NO_MATCH,true,
481|2|0|55.32.9.024.0040,481,,3 Relayes Finder 24 Vdc.,55.32.9.024.0040,553290240040,,,,,NONE,0,NO_MATCH,true,
490|2|0|1500954,490,,"Z-Laser voltage regulator, PCB Assy",1500954,1500954,,,,,NONE,0,NO_MATCH,true,
500|2|0|uuy,500,,jj,uuy,UUY,,,,,NONE,0,NO_MATCH,true,
"513|2|0|1532434  Iss. 01
",513,,"Vacuum pump PSU.

S/N 153243417003.
","1532434  Iss. 01
",1532434ISS01,,,,,NONE,0,NO_MATCH,true,
516|2|0|1532432.,516,,Gun filament PSU. N/S 153243219020.,1532432.,1532432,,,,,NONE,0,NO_MATCH,true,
541|2|0|4513 390 2234.,541,,PCB Driver 33B.,4513 390 2234.,45133902234,,,,,NONE,0,NO_MATCH,true,
541|2|1|KBC 5008 (50 Amp.),541,,Puente rectificador.,KBC 5008 (50 Amp.),KBC500850AMP,,,,,NONE,0,NO_MATCH,true,
547|2|0|1015229,547,,nueces cortas de laminas,1015229,1015229,,,,,NONE,0,NO_MATCH,true,
524|3|0|SN: 040104285,524,,Laser Sagital,SN: 040104285,SN040104285,,,,,NONE,0,NO_MATCH,true,
524|5|0|SN: 002148-002,524,,Laser Fijo lado B,SN: 002148-002,SN002148002,,,,,NONE,0,NO_MATCH,true,
524|4|0|SN: 002148-001,524,,Laser Fijo lado A,SN: 002148-001,SN002148001,,,,,NONE,0,NO_MATCH,true,
524|2|0|SN: 029488-019,524,,Control de Mando de Laser,SN: 029488-019,SN029488019,,,,,NONE,0,NO_MATCH,true,
576|2|0|677,576,,bbb,677,677,,,,,NONE,0,NO_MATCH,true,
604|4|0|1018121,604,,Motor de movimiento vertical de camilla,1018121,1018121,,,,,NONE,0,NO_MATCH,true,
608|2|0|45133904984,608,,PCB SIDE B mesa precise,45133904984,45133904984,,,,,NONE,0,NO_MATCH,true,
628|3|0|1538489,628,,DLg PCB Drive,1538489,1538489,,,,,NONE,0,NO_MATCH,true,
633|2|0|4B1915P25633,633,,UPS APC 959VA,4B1915P25633,4B1915P25633,,,,,NONE,0,NO_MATCH,true,
643|2|0|Laser ODI KIt,643,,1502613,Laser ODI KIt,LASERODIKIT,,,,,NONE,0,NO_MATCH,true,
671|3|0|130144,671,,Canister filter bag,130144,130144,,,,,NONE,0,NO_MATCH,true,
677|2|0|1021026,677,,"Assy, Ruby. ",1021026,1021026,,,,,NONE,0,NO_MATCH,true,
654|2|0|BJ5948.168. (1026469),654,,Dose board.,BJ5948.168. (1026469),BJ59481681026469,,,,,NONE,0,NO_MATCH,true,
655|2|0|1534598,655,,Kit de leaf motor,1534598,1534598,,,,,NONE,0,NO_MATCH,true,
686|2|0|B625655182,686,,Balanza Metler Toledo WM6002,B625655182,B625655182,,,,,NONE,0,NO_MATCH,true,
721|2|0|BJ5590.002.,721,,Ion Chamber. Numero de serie CHA0544.,BJ5590.002.,BJ5590002,,,,,NONE,0,NO_MATCH,true,
742|2|0|45133411848,742,,cable Sk7A,45133411848,45133411848,,,,,NONE,0,NO_MATCH,true,
743|2|1|Cable sustituto.,743,,_ Cable de HT.,Cable sustituto.,CABLESUSTITUTO,,,,,NONE,0,NO_MATCH,true,
754|2|0|244120001143,754,,Gabinete Iview MK-6,244120001143,244120001143,,,,,NONE,0,NO_MATCH,true,
796|2|0|1527044,796,,"programmed PCB assy, Router",1527044,1527044,,,,,NONE,0,NO_MATCH,true,
798|2|0|1016850,798,,MLC Camera Cable,1016850,1016850,,,,,NONE,0,NO_MATCH,true,
802|2|0|Sin número de parte,802,,Soldadura de estaño y componente Wulf,Sin número de parte,SINNUMERODEPARTE,,,,,NONE,0,NO_MATCH,true,
803|2|0|45133302156,803,,gearbox,45133302156,45133302156,,,,,NONE,0,NO_MATCH,true,
813|2|0|1517618,813,,control FKP,1517618,1517618,,,,,NONE,0,NO_MATCH,true,
"820|2|0|zQeXBE,H8):Te'46ghjk2(Exzx8cvbnmqq2]",820,,"No Corresponde, sólo caracterización de Nva. Licencia y configuraciones del especialista.","zQeXBE,H8):Te'46ghjk2(Exzx8cvbnmqq2]",ZQEXBEH8TE46GHJK2EXZX8CVBNMQQ2,,,,,NONE,0,NO_MATCH,true,
827|2|0|1538489,827,,"PCB ASSY, DLG AND DIAPHRAGM DRIVE",1538489,1538489,,,,,NONE,0,NO_MATCH,true,
828|2|0|1516728 vs 02,828,,BMDM - DVD Update de FCO IGUIDE,1516728 vs 02,1516728VS02,,,,,NONE,0,NO_MATCH,true,
855|2|0|1010461,855,,Cab Assy,1010461,1010461,,,,,NONE,0,NO_MATCH,true,
857|2|0|sin número de parte,857,,Seguro Zagers de 10 mm,sin número de parte,SINNUMERODEPARTE,,,,,NONE,0,NO_MATCH,true,
864|3|0|P01366-B21,864,,HPE 96W Smart storege battery,P01366-B21,P01366B21,,,,,NONE,0,NO_MATCH,true,
865|2|0|4513 331 8950,865,,Freno X Longitudinal de camilla,4513 331 8950,45133318950,,,,,NONE,0,NO_MATCH,true,
871|3|0|45133412203 issue 01,871,,"Sk19 - sk13A - sk3(A,B,C,D)",45133412203 issue 01,45133412203ISSUE01,,,,,NONE,0,NO_MATCH,true,
875|2|0|2322 661 53211,875,,Thermistor PTC TH1,2322 661 53211,232266153211,,,,,NONE,0,NO_MATCH,true,
897|2|0|1538489 REv 02,897,,PCB Video XVI y PCB DLG's,1538489 REv 02,1538489REV02,,,,,NONE,0,NO_MATCH,true,
882|2|0|Sin número de parte,882,,Sin repuesto,Sin número de parte,SINNUMERODEPARTE,,,,,NONE,0,NO_MATCH,true,
885|2|0|S/P.N.,885,,Cable PL5,S/P.N.,SPN,,,,,NONE,0,NO_MATCH,true,
890|2|0|Sin número de parte,890,,Sin repuesto,Sin número de parte,SINNUMERODEPARTE,,,,,NONE,0,NO_MATCH,true,
920|2|0|Sin número de parte,920,,Cable alternativo de HT,Sin número de parte,SINNUMERODEPARTE,,,,,NONE,0,NO_MATCH,true,
924|2|0|4513390460,924,,Tarjeta de control de IviewGt,4513390460,4513390460,,,,,NONE,0,NO_MATCH,true,
925|2|0|4513390560,925,,Tarjeta dd mando Iviewgt,4513390560,4513390560,,,,,NONE,0,NO_MATCH,true,
926|2|0|1516657,926,,Lesf Motor Drive PCB,1516657,1516657,,,,,NONE,0,NO_MATCH,true,
927|2|0|1010460,927,,cable assy,1010460,1010460,,,,,NONE,0,NO_MATCH,true,
928|2|0|N/U,928,,N/U,N/U,NU,,,,,NONE,0,NO_MATCH,true,
937|2|0|No utilizado,937,,No utilizado,No utilizado,NOUTILIZADO,,,,,NONE,0,NO_MATCH,true,
938|2|0|No utilizado,938,,No utilizado,No utilizado,NOUTILIZADO,,,,,NONE,0,NO_MATCH,true,
939|2|0|N/ utilizado,939,,N/ utilizado,N/ utilizado,NUTILIZADO,,,,,NONE,0,NO_MATCH,true,
"1005|2|0|1016474
1538489
1527044",1005,,"kit, spares, dlg bra (2)
pcb assy, dlg and diaphram drive (1)
programmed pcb assy, router (1)
","1016474
1538489
1527044",101647415384891527044,,,,,NONE,0,NO_MATCH,true,
1017|2|0|1532432,1017,,GUN FILAMENT PSU,1532432,1532432,,,,,NONE,0,NO_MATCH,true,
1021|2|0|Reemplazo por uno similar características perneria.,1021,,Perno Hex. 5/8 Grado 8,Reemplazo por uno similar características perneria.,REEMPLAZOPORUNOSIMILARCARACTERISTICASPERNERIA,,,,,NONE,0,NO_MATCH,true,
1054|2|0|MG6070E SERIE: 21051168,1054,,Magnetron,MG6070E SERIE: 21051168,MG6070ESERIE21051168,,,,,NONE,0,NO_MATCH,true,
"1064|2|0|81130242521
45133326443",1064,,"leadscrew Assy
motor assembly","81130242521
45133326443",8113024252145133326443,,,,,NONE,0,NO_MATCH,true,
"1065|2|0|45133326443
81130242521",1065,,"motor assembly
leadscrew assy","45133326443
81130242521",4513332644381130242521,,,,,NONE,0,NO_MATCH,true,
1067|2|0|XD12038A2HS,1067,,4 Ventiladores de 220V/50Hz,XD12038A2HS,XD12038A2HS,,,,,NONE,0,NO_MATCH,true,
1077|2|0|31800000643,1077,,Filtro superior DUG B SP 519 H14,31800000643,31800000643,,,,,NONE,0,NO_MATCH,true,
1090|2|0|22222,1090,,Repuesto 1,22222,22222,,,,,NONE,0,NO_MATCH,true,
1093|2|0|Sin part number,1093,,Insumo,Sin part number,SINPARTNUMBER,,,,,NONE,0,NO_MATCH,true,
1099|3|0|1533330,1099,,"Fru, Z motor brush Set",1533330,1533330,,,,,NONE,0,NO_MATCH,true,
1104|2|0|1538489,1104,,"PCB assy, DLG and Diaphragm Drive",1538489,1538489,,,,,NONE,0,NO_MATCH,true,
1121|2|0|No hsy,1121,,No hay,No hsy,NOHSY,,,,,NONE,0,NO_MATCH,true,
1133|7|0|CR2032,1133,,(2) Pilas,CR2032,CR2032,,,,,NONE,0,NO_MATCH,true,
1133|2|0|1023830,1133,,"Assembly, 160MLC PSU, UR SOLUTION",1023830,1023830,,,,,NONE,0,NO_MATCH,true,
1141|4|0|EL469506,1141,,Framegrabber for Iview,EL469506,EL469506,,,,,NONE,0,NO_MATCH,true,
1146|2|0|numero de parte del repuesto,1146,,nombre del repuesto usado,numero de parte del repuesto,NUMERODEPARTEDELREPUESTO,,,,,NONE,0,NO_MATCH,true,
1163|2|0|MG6363.,1163,,Magnetron usado.,MG6363.,MG6363,,,,,NONE,0,NO_MATCH,true,
1169|3|0|1538489,1169,,"Sur: Pcb assy, dlg and diaphragm drive cant 1",1538489,1538489,,,,,NONE,0,NO_MATCH,true,
1170|2|0|1020890,1170,,Motor Drive PSU Assy,1020890,1020890,,,,,NONE,0,NO_MATCH,true,
1177|2|0|S/N Parte.,1177,,CARBONES PARA MOTOR,S/N Parte.,SNPARTE,,,,,NONE,0,NO_MATCH,true,
1179|2|0|1540453,1179,,BMDM Upgrade KIT,1540453,1540453,,,,,NONE,0,NO_MATCH,true,
1207|2|0|13101900,1207,,"PCB ASSY, WEDGE CONTROL ",13101900,13101900,,,,,NONE,0,NO_MATCH,true,
1214|2|0|1527044,1214,,"programmed pcb assy, router",1527044,1527044,,,,,NONE,0,NO_MATCH,true,
1238|2|0|1538489,1238,,"PCB Assy, DLG and Diaphragm Drive",1538489,1538489,,,,,NONE,0,NO_MATCH,true,
1262|2|0|1011035,1262,,Motor Z Precise Table,1011035,1011035,,,,,NONE,0,NO_MATCH,true,
1269|4|0|45133411940,1269,434875,Long (upper) roller-blind assembly (1),45133411940,45133411940,,,,,NONE,0,NO_MATCH,true,
1281|3|0|1527044,1281,564323,"Programmed PCB assy, router",1527044,1527044,,,,,NONE,0,NO_MATCH,true,
1307|2|0|64607 EFM,1307,00000,NR 2 LAMPARAS HALOGENO 8V 50 W OSRAM,64607 EFM,64607EFM,,,,,NONE,0,NO_MATCH,true,
1338|3|0|1538489,1338,508853,Diaphragm/DLG PCB,1538489,1538489,,,,,NONE,0,NO_MATCH,true,
1358|2|0|1038684 01,1358,481510,"PCB ASSY, BACKPLANE",1038684 01,103868401,,,,,NONE,0,NO_MATCH,true,
1363|2|0|1538489,1363,318046,"DLG, PCB",1538489,1538489,,,,,NONE,0,NO_MATCH,true,
1369|2|0|4513317881,1369,779906,Potenciometros camilla Lado A,4513317881,4513317881,,,,,NONE,0,NO_MATCH,true,
1371|2|0|1534959,1371,148260,"Kit, spares, Leaf motor ",1534959,1534959,,,,,NONE,0,NO_MATCH,true,
1372|2|0|Mirror Assembly,1372,517136,1010848,Mirror Assembly,MIRRORASSEMBLY,,,,,NONE,0,NO_MATCH,true,
1383|2|0|no hsy,1383,,no hay,no hsy,NOHSY,,,,,NONE,0,NO_MATCH,true,
1397|2|0|thyratron de clínica,1397,9999,N/A tipo (CX1154L) Serial number: 42100,thyratron de clínica,THYRATRONDECLINICA,,,,,NONE,0,NO_MATCH,true,
1398|2|0|1531851,1398,704250,1u Fru XY drive (motor lateral de camilla),1531851,1531851,,,,,NONE,0,NO_MATCH,true,
1413|2|0|S/PN,1413,,Graphite Nut,S/PN,SPN,,,,,NONE,0,NO_MATCH,true,
1428|2|0|rectifier module PCB,1428,777777,45133904214,rectifier module PCB,RECTIFIERMODULEPCB,,,,,NONE,0,NO_MATCH,true,
1436|2|0|AS2106193185 / AS2106193161,1436,100002,2 NR UPS 1Kva 230v,AS2106193185 / AS2106193161,AS2106193185AS2106193161,,,,,NONE,0,NO_MATCH,true,
1473|2|0|1538489,1473,524622,DLG AND DIAPHRAGM PCB,1538489,1538489,,,,,NONE,0,NO_MATCH,true,
1499|2|0|1537080,1499,417278,"FRU, EIM Logic Control",1537080,1537080,,,,,NONE,0,NO_MATCH,true,
1506|2|0|1556292,1506,844620,"kit spare, dlg brake      cantidad 2",1556292,1556292,,,,,NONE,0,NO_MATCH,true,
1517|2|0|CF25HA-1,1517,520423,Obturador de Camara de Video (FUJIFILM),CF25HA-1,CF25HA1,,,,,NONE,0,NO_MATCH,true,
1521|2|0|CF25HA-1,1521,520423,Obturador de cámara de video (Fujifilm),CF25HA-1,CF25HA1,,,,,NONE,0,NO_MATCH,true,
1528|4|0|1527044,1528,777777,Programmed PCB Assy ROUTER,1527044,1527044,,,,,NONE,0,NO_MATCH,true,
1552|2|0|1584,1552,152475,"Kit, motor lámina",1584,1584,,,,,NONE,0,NO_MATCH,true,
1562|4|0|1538489,1562,777777,"PCB assy, DLG and DIAPHRAGM Drive",1538489,1538489,,,,,NONE,0,NO_MATCH,true,
1575|2|0|1556292,1575,,"(2) Kit DLG, Brakes ",1556292,1556292,,,,,NONE,0,NO_MATCH,true,
"1580|2|0|451333264430
8113024_2521",1580,,"01- motor assembly
01- leadscrew Assy","451333264430
8113024_2521",45133326443081130242521,,,,,NONE,0,NO_MATCH,true,
1581|2|0|45133412013,1581,,Detector Sync,45133412013,45133412013,,,,,NONE,0,NO_MATCH,true,
1588|2|0|101672,1588,906153,"Kit, spares Diaphragms Brakes (r)",101672,101672,,,,,NONE,0,NO_MATCH,true,
1602|4|0|1556292,1602,,"kit, spares, dlg brakes    cant =2",1556292,1556292,,,,,NONE,0,NO_MATCH,true,
1610|2|0|13289,1610,346827,Ampolleta halógeno,13289,13289,,,,,NONE,0,NO_MATCH,true,
1611|3|0|1018599,1611,777777,lmd fan and bracket (cantidad =2),1018599,1018599,,,,,NONE,0,NO_MATCH,true,
1613|3|0|1527044,1613,777777,"programmed pcb assy, router ",1527044,1527044,,,,,NONE,0,NO_MATCH,true,
1613|2|0|1538489,1613,777777,"PCB assy, DLG and DIAFRAGM drive (cantidad 2)",1538489,1538489,,,,,NONE,0,NO_MATCH,true,
1626|2|0|1535958,1626,,Motor de Kit Leaf Spare,1535958,1535958,,,,,NONE,0,NO_MATCH,true,
1632|2|0|BJ5948.071,1632,,TARJETA DCMD-3,BJ5948.071,BJ5948071,,,,,NONE,0,NO_MATCH,true,
"1647|2|0|6064.008 
Serie N: EB 077",1647,,Magnetron Tuning Drive Assembly,"6064.008 
Serie N: EB 077",6064008SERIENEB077,,,,,NONE,0,NO_MATCH,true,
1661|2|0|2178574,1661,,Termo Radiador,2178574,2178574,,,,,NONE,0,NO_MATCH,true,
1669|3|0|1538489,1669,596438,"pcb assy, dlg and diaphragm drive cant 1",1538489,1538489,,,,,NONE,0,NO_MATCH,true,
1669|2|0|1527044,1669,596438,"programmed pcb assy, router cant 1",1527044,1527044,,,,,NONE,0,NO_MATCH,true,
1675|2|0|1538489,1675,596438,"PCB Assy, DLG and Diaphrams Drive",1538489,1538489,,,,,NONE,0,NO_MATCH,true,
1683|2|0|1538489,1683,,DLG/Diaphrams Drive PCB,1538489,1538489,,,,,NONE,0,NO_MATCH,true,
1698|3|0|1538489,1698,,"PCB Assy, DLG and Diaphragms Drive",1538489,1538489,,,,,NONE,0,NO_MATCH,true,
"1719|2|0|1511326
s/n EB247",1719,,Magnetron Tuning Drive Assy,"1511326
s/n EB247",1511326SNEB247,,,,,NONE,0,NO_MATCH,true,
"1721|2|0|BJ 5590.002
series:
CHA0731
CHA0750",1721,,Ion Chamber,"BJ 5590.002
series:
CHA0731
CHA0750",BJ5590002SERIESCHA0731CHA0750,,,,,NONE,0,NO_MATCH,true,
1728|3|0|45136261003J,1728,0101,Belt timing s/sided Cant: 02,45136261003J,45136261003J,,,,,NONE,0,NO_MATCH,true,
1730|2|0|P1094996,1730,,Módulo de Corte de etiquetas,P1094996,P1094996,,,,,NONE,0,NO_MATCH,true,
1767|2|0|451333165177,1767,444689,Thyratron,451333165177,451333165177,,,,,NONE,0,NO_MATCH,true,
1773|2|0|1556292,1773,,"(2) Kit, Spares, DLG Brake",1556292,1556292,,,,,NONE,0,NO_MATCH,true,
1774|2|0|SAT-53418049.,1774,904418,Power Supply.,SAT-53418049.,SAT53418049,,,,,NONE,0,NO_MATCH,true,
1820|2|0|100880440,1820,,"voltage regulador, PCB assy",100880440,100880440,,,,,NONE,0,NO_MATCH,true,
1823|3|0|1526644,1823,,"PCB Assy, Wedge Control ",1526644,1526644,,,,,NONE,0,NO_MATCH,true,
"1827|2|0|45133326443
81130242521",1827,,"MotorAssenbly
Leadscrew Assy","45133326443
81130242521",4513332644381130242521,,,,,NONE,0,NO_MATCH,true,
1828|3|0|1500954,1828,777777,"voltage regulador, pcb assy.",1500954,1500954,,,,,NONE,0,NO_MATCH,true,
1828|4|0|1542467,1828,777777,"PCB ASSY, LED Control",1542467,1542467,,,,,NONE,0,NO_MATCH,true,
"1895|2|0|assy, 40x40x10mm fan",1895,693481,1024939,"assy, 40x40x10mm fan",ASSY40X40X10MMFAN,,,,,NONE,0,NO_MATCH,true,
1902|2|0|ambos repuestos de clínica,1902,9999,"pcb leaf motor drive
motor ",ambos repuestos de clínica,AMBOSREPUESTOSDECLINICA,,,,,NONE,0,NO_MATCH,true,
1910|4|0|1556292,1910,985059,kit spares DLG brake cantidad =2,1556292,1556292,,,,,NONE,0,NO_MATCH,true,
1910|3|0|1538489,1910,985059,"pcb assy, dlg and diaphragm drive cantidad =1",1538489,1538489,,,,,NONE,0,NO_MATCH,true,
1912|2|0|1018121,1912,,FRU Z Drive,1018121,1018121,,,,,NONE,0,NO_MATCH,true,
1930|2|0|1556292,1930,0000,2 NR frenos de Dlg's,1556292,1556292,,,,,NONE,0,NO_MATCH,true,
1936|2|0|P1094996,1936,,Modulo de corte Zebra Printer,P1094996,P1094996,,,,,NONE,0,NO_MATCH,true,
1968|4|0|1527044,1968,,Programmed PCB ASSY  cant 1,1527044,1527044,,,,,NONE,0,NO_MATCH,true,
1968|6|0|1556292,1968,,"Kit, Spares, DLG Brake  cant 2",1556292,1556292,,,,,NONE,0,NO_MATCH,true,
1968|5|0|1538489,1968,,"PCB assy, DLG & Diaph  cant 1",1538489,1538489,,,,,NONE,0,NO_MATCH,true,
1978|2|0|ZD6A143-32EL02EZ,1978,,Impresora Zebra ZD621,ZD6A143-32EL02EZ,ZD6A14332EL02EZ,,,,,NONE,0,NO_MATCH,true,
1982|2|0|1527044,1982,,"Programmed PCB Assy, Router",1527044,1527044,,,,,NONE,0,NO_MATCH,true,
1989|2|0|1538489,1989,,"PCB Assy, DLG/Diaphragms (2)",1538489,1538489,,,,,NONE,0,NO_MATCH,true,
1991|3|0|1527044,1991,,Router PCB,1527044,1527044,,,,,NONE,0,NO_MATCH,true,
1995|3|0|355370,1995,,Gun Filament,355370,355370,,,,,NONE,0,NO_MATCH,true,
2007|2|0|1015403,2007,450927,vessel,1015403,1015403,,,,,NONE,0,NO_MATCH,true,
2050|2|0|1556292,2050,777777,"kit, spares, DLG brake (X2)",1556292,1556292,,,,,NONE,0,NO_MATCH,true,
"2075|2|0|45133326854
3501H-BYL-203L",2075,,"Mout Mirror 
potenciometro check 10 turns","45133326854
3501H-BYL-203L",451333268543501HBYL203L,,,,,NONE,0,NO_MATCH,true,
2083|2|0|1543958,2083,0101,Leaf Mo.  Cant: 2,1543958,1543958,,,,,NONE,0,NO_MATCH,true,
2092|2|0|1527044,2092,468508,"programmed pcb assy, router ",1527044,1527044,,,,,NONE,0,NO_MATCH,true,
2103|2|0|45133411940,2103,,Roller Superior,45133411940,45133411940,,,,,NONE,0,NO_MATCH,true,
2152|2|0|1500954,2152,,Voltage Regulator PCB Assy,1500954,1500954,,,,,NONE,0,NO_MATCH,true,
2162|5|0|1527044,2162,,"programmed pcb assy, router",1527044,1527044,,,,,NONE,0,NO_MATCH,true,
2162|4|0|1526644,2162,,"pcb assy, Wedge control ",1526644,1526644,,,,,NONE,0,NO_MATCH,true,
2162|2|0|1556292,2162,,kit spare DLG brake (2 unidades),1556292,1556292,,,,,NONE,0,NO_MATCH,true,
2203|3|0|26786,2203,,jfkgkgkf,26786,26786,,,,,NONE,0,NO_MATCH,true,
2203|4|0|3678,2203,,bfjkfkf,3678,3678,,,,,NONE,0,NO_MATCH,true,
2203|2|0|256774,2203,,jfifkfof,256774,256774,,,,,NONE,0,NO_MATCH,true,
2219|2|0|T00010986-01-L1,2219,,Soporte Jeringa 5ml,T00010986-01-L1,T0001098601L1,,,,,NONE,0,NO_MATCH,true,
2229|2|0|1234567890,2229,,Sensor viales,1234567890,1234567890,,,,,NONE,0,NO_MATCH,true,
2230|2|0|123456,2230,125896,Repuesto,123456,123456,,,,,NONE,0,NO_MATCH,true,
2277|2|0|Hand Held Controller,2277,813919,1009089,Hand Held Controller,HANDHELDCONTROLLER,,,,,NONE,0,NO_MATCH,true,
2293|1|0|2222,2293,,sib pcb,2222,2222,,,,,NONE,0,NO_MATCH,true,
5290|2|0|BJ3324.003,5290,709670,Guía de Onda,BJ3324.003,BJ3324003,,,,,NONE,0,NO_MATCH,true,
2367|3|0|1521192,2367,,"KIT, TOUCHGUARD MECHANISM ASSEMBLY, M4",1521192,1521192,,,,,NONE,0,NO_MATCH,true,
2375|2|0|1556292,2375,,"Kit, Spares, DLG Brake",1556292,1556292,,,,,NONE,0,NO_MATCH,true,
2380|2|0|106053,2380,,tarjeta SMC,106053,106053,,,,,NONE,0,NO_MATCH,true,
2395|2|0|L13896-001,2395,823383,HP Z2 Ventilador GPU,L13896-001,L13896001,,,,,NONE,0,NO_MATCH,true,
2418|2|0|C065341-00608,2418,668704,PCB CONTROL DE ODI,C065341-00608,C06534100608,,,,,NONE,0,NO_MATCH,true,
2419|2|0|420,2419,764386,UPS Smart APC,420,420,,,,,NONE,0,NO_MATCH,true,
2430|2|0|750,2430,,UPS APC,750,750,,,,,NONE,0,NO_MATCH,true,
2431|2|0|C135670,2431,,HANDHELD CONTROL HEXAPOD,C135670,C135670,,,,,NONE,0,NO_MATCH,true,
2435|2|0|1111,2435,,clamps,1111,1111,,,,,NONE,0,NO_MATCH,true,
2444|2|0|5555,2444,,,5555,5555,,,,,NONE,0,NO_MATCH,true,
2467|5|0|1527044,2467,168,programmed pcb assy router,1527044,1527044,,,,,NONE,0,NO_MATCH,true,
2518|3|0|1527044,2518,227,"PROGRAMMED PCB ASSY, ROUTE",1527044,1527044,,,,,NONE,0,NO_MATCH,true,
2519|2|0|1023531,2519,,programed KV ACB,1023531,1023531,,,,,NONE,0,NO_MATCH,true,
2520|2|0|completar solo por ingeniero de servicio.,2520,,completar solo por ingeniero de servicio.,completar solo por ingeniero de servicio.,COMPLETARSOLOPORINGENIERODESERVICIO,,,,,NONE,0,NO_MATCH,true,
2522|2|0|completar solo por ingeniero de servicio.,2522,,completar solo por ingeniero de servicio.,completar solo por ingeniero de servicio.,COMPLETARSOLOPORINGENIERODESERVICIO,,,,,NONE,0,NO_MATCH,true,
2523|2|0|completar solo por ingeniero de servicio.,2523,,completar solo por ingeniero de servicio.,completar solo por ingeniero de servicio.,COMPLETARSOLOPORINGENIERODESERVICIO,,,,,NONE,0,NO_MATCH,true,
2524|2|0|completar solo por ingeniero de servicio.,2524,,completar solo por ingeniero de servicio.,completar solo por ingeniero de servicio.,COMPLETARSOLOPORINGENIERODESERVICIO,,,,,NONE,0,NO_MATCH,true,
2525|2|0|completar solo por ingeniero de servicio.,2525,,completar solo por ingeniero de servicio.,completar solo por ingeniero de servicio.,COMPLETARSOLOPORINGENIERODESERVICIO,,,,,NONE,0,NO_MATCH,true,
2526|2|0|completar solo por ingeniero de servicio.,2526,1,completar solo por ingeniero de servicio.,completar solo por ingeniero de servicio.,COMPLETARSOLOPORINGENIERODESERVICIO,,,,,NONE,0,NO_MATCH,true,
2535|2|0|45133308259,2535,,GEARBOX Y BREAKE,45133308259,45133308259,,,,,NONE,0,NO_MATCH,true,
2578|2|0|137533,2578,249,X-RAY TUBE ASSEMBLY,137533,137533,,,,,NONE,0,NO_MATCH,true,
2601|2|0|1556286,2601,404,diaphragm brakes spare kit,1556286,1556286,,,,,NONE,0,NO_MATCH,true,
2602|2|0|43133304800,2602,,ELECTRON GUN ASSY,43133304800,43133304800,,,,,NONE,0,NO_MATCH,true,
2630|2|0|02870-NR 1,2630,,Manilla area de desechos,02870-NR 1,02870NR1,,,,,NONE,0,NO_MATCH,true,
2637|3|0|1518682,2637,412,REV 04 LMDB PCBS AND FAN,1518682,1518682,,,,,NONE,0,NO_MATCH,true,
2647|2|0|MXL2272ZJ0,2647,224,Nuevo Hardware de Monaco,MXL2272ZJ0,MXL2272ZJ0,,,,,NONE,0,NO_MATCH,true,
2675|12|0|1538489,2675,412,Diaphragm/DLG PCB,1538489,1538489,,,,,NONE,0,NO_MATCH,true,
2675|11|0|1527044,2675,412,"Programmed PCB Assy, Router",1527044,1527044,,,,,NONE,0,NO_MATCH,true,
2742|2|0|451333327662,2742,,Beam Splitter Mirror Assy,451333327662,451333327662,,,,,NONE,0,NO_MATCH,true,
2795|3|0|451462949000,2795,8681,flow switch 10M-MS,451462949000,451462949000,,,,,NONE,0,NO_MATCH,true,
2812|3|0|1526644,2812,,PCB Wedge Control,1526644,1526644,,,,,NONE,0,NO_MATCH,true,
2812|2|0|1556286,2812,,FRU Assembly wegde,1556286,1556286,,,,,NONE,0,NO_MATCH,true,
2826|2|0|BJ5590.002,2826,8696,ION CHAMBER,BJ5590.002,BJ5590002,,,,,NONE,0,NO_MATCH,true,
2842|2|0|821321900359,2842,8866,FUSE 32X6 8AMP,821321900359,821321900359,,,,,NONE,0,NO_MATCH,true,
2853|2|0|1500954,2853,8901,"voltaje regulator, pcb assy ",1500954,1500954,,,,,NONE,0,NO_MATCH,true,
2865|2|0|157657,2865,8916,"PCB ASSY, LEAF MOTOR DRIVE",157657,157657,,,,,NONE,0,NO_MATCH,true,
2872|6|0|1556292,2872,8884,DLG brake spares kit,1556292,1556292,,,,,NONE,0,NO_MATCH,true,
2911|2|0|C428393094,2911,,Balanza Mettler Toledo WM6002,C428393094,C428393094,,,,,NONE,0,NO_MATCH,true,
2952|2|0|45133307849,2952,,FRU PWB 811,45133307849,45133307849,,,,,NONE,0,NO_MATCH,true,
2963|2|0|1527044,2963,9063,"programmed pcb assy, router",1527044,1527044,,,,,NONE,0,NO_MATCH,true,
3004|2|0|1075774-42,3004,,Kit base viales,1075774-42,107577442,,,,,NONE,0,NO_MATCH,true,
3019|2|0|45133154423-45133301412,3019,9131,"Filter Element
potentiometer 20K",45133154423-45133301412,4513315442345133301412,,,,,NONE,0,NO_MATCH,true,
3031|2|0|1528403,3031,9167,BEAM MU DOSE MODULE,1528403,1528403,,,,,NONE,0,NO_MATCH,true,
3054|2|0|AEA006,3054,,Cable de comunicación R485.,AEA006,AEA006,,,,,NONE,0,NO_MATCH,true,
3068|15|0|1556286,3068,,Fru assembly Wedge,1556286,1556286,,,,,NONE,0,NO_MATCH,true,
3068|13|0|1528220,3068,,Camera CCU PCB,1528220,1528220,,,,,NONE,0,NO_MATCH,true,
3094|2|0|BJ3324.003,3094,9100,G/O TB-6U,BJ3324.003,BJ3324003,,,,,NONE,0,NO_MATCH,true,
3107|3|0|1538489,3107,,Diaphragm / DLG PCB,1538489,1538489,,,,,NONE,0,NO_MATCH,true,
3159|2|0|451331644230M,3159,,FILTER ELEMENT 5 MICRON,451331644230M,451331644230M,,,,,NONE,0,NO_MATCH,true,
3191|2|0|2422 086 10594,3191,9363,Fuse 32V 20A,2422 086 10594,242208610594,,,,,NONE,0,NO_MATCH,true,
3212|2|0|0,3212,,no,0,0,,,,,NONE,0,NO_MATCH,true,
3224|2|0|1023830,3224,9404,160 MLC PSU,1023830,1023830,,,,,NONE,0,NO_MATCH,true,
3228|2|0|SHA12-369,3228,9410,Magnetic Contactor,SHA12-369,SHA12369,,,,,NONE,0,NO_MATCH,true,
3238|4|0|1564279,3238,9418,PCB ASSY LED CONTROL,1564279,1564279,,,,,NONE,0,NO_MATCH,true,
3250|2|0|1572432,3250,9407,"FRU, PROGRAMMED, LCU",1572432,1572432,,,,,NONE,0,NO_MATCH,true,
3271|2|0|45133326702,3271,9464,PCB RTU,45133326702,45133326702,,,,,NONE,0,NO_MATCH,true,
3290|3|0|1565345,3290,,DLG Slide Brake,1565345,1565345,,,,,NONE,0,NO_MATCH,true,
3290|2|0|1565344,3290,,Diaphragm Brake,1565344,1565344,,,,,NONE,0,NO_MATCH,true,
3341|2|0|0,3341,9590,no.,0,0,,,,,NONE,0,NO_MATCH,true,
3357|2|0|117482,3357,9623,"PROG ASSY, KV DCB",117482,117482,,,,,NONE,0,NO_MATCH,true,
3375|2|0|MG5193,3375,9577,Magnetròn,MG5193,MG5193,,,,,NONE,0,NO_MATCH,true,
3394|2|0|1517098,3394,9680,ION PUMP - SPARE,1517098,1517098,,,,,NONE,0,NO_MATCH,true,
3400|2|0|1567798,3400,,DOS A,1567798,1567798,,,,,NONE,0,NO_MATCH,true,
3452|2|0|LT05035,3452,9790,"Ampolleta Range Finder 13,5 v/50 w",LT05035,LT05035,,,,,NONE,0,NO_MATCH,true,
3453|2|0|CX1551G,3453,9781,Thyratron,CX1551G,CX1551G,,,,,NONE,0,NO_MATCH,true,
3463|2|0|BJ4853.101.00,3463,9810,HT Cable,BJ4853.101.00,BJ485310100,,,,,NONE,0,NO_MATCH,true,
3495|2|0|1500954,3495,9833,Voltage Regulator PCB Assy,1500954,1500954,,,,,NONE,0,NO_MATCH,true,
3500|2|0|xxxxx,3500,9851,kit de ruby,xxxxx,XXXXX,,,,,NONE,0,NO_MATCH,true,
3565|2|0|1530025,3565,,Switch Linksys LGS318,1530025,1530025,,,,,NONE,0,NO_MATCH,true,
3575|6|0|41133411787,3575,9916,CLUTCH ASSEMBLY,41133411787,41133411787,,,,,NONE,0,NO_MATCH,true,
3591|2|0|0,3591,9970,N/A,0,0,,,,,NONE,0,NO_MATCH,true,
3600|2|0|1547676,3600,9970,"screen assy, head",1547676,1547676,,,,,NONE,0,NO_MATCH,true,
3620|2|0|TK204UK,3620,9945,KVM DVI,TK204UK,TK204UK,,,,,NONE,0,NO_MATCH,true,
3642|2|0|Barcode Gun.,3642,,2483004,Barcode Gun.,BARCODEGUN,,,,,NONE,0,NO_MATCH,true,
3652|3|0|1540352,3652,9918,CABLE KIT (+VE ANODE),1540352,1540352,,,,,NONE,0,NO_MATCH,true,
3652|2|0|1540356,3652,9918,CABLE KIT (-VE CATHODE),1540356,1540356,,,,,NONE,0,NO_MATCH,true,
3727|2|0|1541746,3727,10151,Handheld  conteoller,1541746,1541746,,,,,NONE,0,NO_MATCH,true,
3800|2|0|1597814,3800,10266,PSU ion pump,1597814,1597814,,,,,NONE,0,NO_MATCH,true,
3802|2|0|1500954,3802,10250,"VOLTAGE REGULATOR, PCB ASSY",1500954,1500954,,,,,NONE,0,NO_MATCH,true,