zendesk_ticket_id,status,error_detail
150655,NOT_FOUND,
949395,NOT_FOUND,
719418,NOT_FOUND,
465221,NOT_FOUND,
914336,NOT_FOUND,
843013,NOT_FOUND,
190572,NOT_FOUND,
99999,NOT_FOUND,
549574,NOT_FOUND,
240899,NOT_FOUND,
434875,NOT_FOUND,
992701,NOT_FOUND,
100033,NOT_FOUND,
211406,NOT_FOUND,
475970,NOT_FOUND,
580583,NOT_FOUND,
657405,NOT_FOUND,
595389,NOT_FOUND,
626188,NOT_FOUND,
564323,NOT_FOUND,
808668,NOT_FOUND,
532379,NOT_FOUND,
674531,NOT_FOUND,
315212,NOT_FOUND,
159610,NOT_FOUND,
000000000,NOT_FOUND,
487058,NOT_FOUND,
487085,NOT_FOUND,
864151,NOT_FOUND,
599574,NOT_FOUND,
84769,NOT_FOUND,
274725,NOT_FOUND,
00000,NOT_FOUND,
545781,NOT_FOUND,
877450,NOT_FOUND,
507391,NOT_FOUND,
290214,NOT_FOUND,
414010,NOT_FOUND,
285305,NOT_FOUND,
911108,NOT_FOUND,
167765,NOT_FOUND,
903028,NOT_FOUND,
368560,NOT_FOUND,
886290,NOT_FOUND,
479892,NOT_FOUND,
595495,NOT_FOUND,
244427,NOT_FOUND,
321375,NOT_FOUND,
326756,NOT_FOUND,
375731,NOT_FOUND,
686250,NOT_FOUND,
553258,NOT_FOUND,
508853,NOT_FOUND,
815543,NOT_FOUND,
346122,NOT_FOUND,
844191,NOT_FOUND,
720356,NOT_FOUND,
0000,NOT_FOUND,
903908,NOT_FOUND,
983006,NOT_FOUND,
355432,NOT_FOUND,
988322,NOT_FOUND,
359310,NOT_FOUND,
481510,NOT_FOUND,
333928,NOT_FOUND,
318046,NOT_FOUND,
20001502053,NOT_FOUND,
117327,NOT_FOUND,
779906,NOT_FOUND,
9999,NOT_FOUND,
148260,NOT_FOUND,
517136,NOT_FOUND,
830821,NOT_FOUND,
540711,NOT_FOUND,
425664,NOT_FOUND,
665447,NOT_FOUND,
636193,NOT_FOUND,
172278,NOT_FOUND,
648368,NOT_FOUND,
937899,NOT_FOUND,
704250,NOT_FOUND,
399764,NOT_FOUND,
793073,NOT_FOUND,
767638,NOT_FOUND,
964324,NOT_FOUND,
749449,NOT_FOUND,
605236,NOT_FOUND,
555555,NOT_FOUND,
777777,NOT_FOUND,
140955,NOT_FOUND,
442987,NOT_FOUND,
286087,NOT_FOUND,
630070,NOT_FOUND,
341997,NOT_FOUND,
824734,NOT_FOUND,
706651,NOT_FOUND,
368933,NOT_FOUND,
722542,NOT_FOUND,
792066,NOT_FOUND,
824052,NOT_FOUND,
100002,NOT_FOUND,
758188,NOT_FOUND,
415273,NOT_FOUND,
488370,NOT_FOUND,
0,NOT_FOUND,
563156,NOT_FOUND,
320254,NOT_FOUND,
212275,NOT_FOUND,
458280,NOT_FOUND,
928747,NOT_FOUND,
116702,NOT_FOUND,
392899,NOT_FOUND,
436271,NOT_FOUND,
563550,NOT_FOUND,
120359,NOT_FOUND,
453949,NOT_FOUND,
727363,NOT_FOUND,
494002,NOT_FOUND,
524622,NOT_FOUND,
138414,NOT_FOUND,
730927,NOT_FOUND,
444321,NOT_FOUND,
868583,NOT_FOUND,
234528,NOT_FOUND,
863393,NOT_FOUND,
583766,NOT_FOUND,
825460,NOT_FOUND,
439533,NOT_FOUND,
900438,NOT_FOUND,
883541,NOT_FOUND,
293312,NOT_FOUND,
755004,NOT_FOUND,
339909,NOT_FOUND,
417278,NOT_FOUND,
993911,NOT_FOUND,
867282,NOT_FOUND,
844620,NOT_FOUND,
654641,NOT_FOUND,
808492,NOT_FOUND,
162775,NOT_FOUND,
4445992,NOT_FOUND,
588386,NOT_FOUND,
466517,NOT_FOUND,
720301,NOT_FOUND,
520423,NOT_FOUND,
837172,NOT_FOUND,
335280,NOT_FOUND,
919979,NOT_FOUND,
983998,NOT_FOUND,
494456,NOT_FOUND,
137421,NOT_FOUND,
414306,NOT_FOUND,
242713,NOT_FOUND,
477000,NOT_FOUND,
591426,NOT_FOUND,
134319,NOT_FOUND,
478766,NOT_FOUND,
392327,NOT_FOUND,
201212,NOT_FOUND,
120365,NOT_FOUND,
152475,NOT_FOUND,
650855,NOT_FOUND,
130783,NOT_FOUND,
968806,NOT_FOUND,
5555,NOT_FOUND,
330260,NOT_FOUND,
9999999,NOT_FOUND,
736046,NOT_FOUND,
555,NOT_FOUND,
727739,NOT_FOUND,
672716,NOT_FOUND,
621172,NOT_FOUND,
906153,NOT_FOUND,
950403,NOT_FOUND,
677843,NOT_FOUND,
531163,NOT_FOUND,
346827,NOT_FOUND,
661775,NOT_FOUND,
11540,NOT_FOUND,
574768,NOT_FOUND,
451216,NOT_FOUND,
222061,NOT_FOUND,
697208,NOT_FOUND,
166809,NOT_FOUND,
312736,NOT_FOUND,
639161,NOT_FOUND,
575784,NOT_FOUND,
620100,NOT_FOUND,
326647,NOT_FOUND,
536165,NOT_FOUND,
129036,NOT_FOUND,
224161,NOT_FOUND,
888917,NOT_FOUND,
804518,NOT_FOUND,
292917,NOT_FOUND,
386771,NOT_FOUND,
596438,NOT_FOUND,
692161,NOT_FOUND,
475039,NOT_FOUND,
650403,NOT_FOUND,
599484,NOT_FOUND,
236942,NOT_FOUND,
235361,NOT_FOUND,
236644,NOT_FOUND,
523761,NOT_FOUND,
879223,NOT_FOUND,
814601,NOT_FOUND,
307865,NOT_FOUND,
409561,NOT_FOUND,
883797,NOT_FOUND,
444689,NOT_FOUND,
287369,NOT_FOUND,
456444,NOT_FOUND,
793080,NOT_FOUND,
904418,NOT_FOUND,
000000,NOT_FOUND,
428746,NOT_FOUND,
136342,NOT_FOUND,
942847,NOT_FOUND,
000,NOT_FOUND,
642619,NOT_FOUND,
391499,NOT_FOUND,
856787,NOT_FOUND,
260481,NOT_FOUND,
837833,NOT_FOUND,
323448,NOT_FOUND,
893689,NOT_FOUND,
916830,NOT_FOUND,
513749,NOT_FOUND,
158251,NOT_FOUND,
534360,NOT_FOUND,
866043,NOT_FOUND,
596917,NOT_FOUND,
387287,NOT_FOUND,
154919,NOT_FOUND,
165181,NOT_FOUND,
566974,NOT_FOUND,
693481,NOT_FOUND,
455697,NOT_FOUND,
603295,NOT_FOUND,
544858,NOT_FOUND,
506915,NOT_FOUND,
985059,NOT_FOUND,
910599,NOT_FOUND,
234313,NOT_FOUND,
568581,NOT_FOUND,
370556,NOT_FOUND,
225444,NOT_FOUND,
123178,NOT_FOUND,
577218,NOT_FOUND,
399072,NOT_FOUND,
436837,NOT_FOUND,
305630,NOT_FOUND,
356875,NOT_FOUND,
720791,NOT_FOUND,
502288,NOT_FOUND,
752135,NOT_FOUND,
764750,NOT_FOUND,
292755,NOT_FOUND,
533300,NOT_FOUND,
601281,NOT_FOUND,
5911410869292,NOT_FOUND,
439377,NOT_FOUND,
407168,NOT_FOUND,
535606,NOT_FOUND,
132133,NOT_FOUND,
450927,NOT_FOUND,
452861,NOT_FOUND,
798676,NOT_FOUND,
503067,NOT_FOUND,
691983,NOT_FOUND,
529099,NOT_FOUND,
526627,NOT_FOUND,
789203,NOT_FOUND,
555067,NOT_FOUND,
7777,NOT_FOUND,
886981,NOT_FOUND,
622075,NOT_FOUND,
761642,NOT_FOUND,
914690,NOT_FOUND,
746842,NOT_FOUND,
178099,NOT_FOUND,
674658,NOT_FOUND,
468508,NOT_FOUND,
529724,NOT_FOUND,
743842,NOT_FOUND,
633009,NOT_FOUND,
127990,NOT_FOUND,
888306,NOT_FOUND,
968564,NOT_FOUND,
716324,NOT_FOUND,
191139,NOT_FOUND,
115048,NOT_FOUND,
432011,NOT_FOUND,
823784,NOT_FOUND,
758700,NOT_FOUND,
107185,NOT_FOUND,
816664,NOT_FOUND,
381608,NOT_FOUND,
240610,NOT_FOUND,
303706,NOT_FOUND,
561750,NOT_FOUND,
998343,NOT_FOUND,
905198,NOT_FOUND,
885291,NOT_FOUND,
163167,NOT_FOUND,
670601,NOT_FOUND,
808156,NOT_FOUND,
560333,NOT_FOUND,
210522,NOT_FOUND,
593101,NOT_FOUND,
252179,NOT_FOUND,
566921,NOT_FOUND,
775465,NOT_FOUND,
998584,NOT_FOUND,
301318,NOT_FOUND,
125896,NOT_FOUND,
737478,NOT_FOUND,
979673,NOT_FOUND,
183512,NOT_FOUND,
257565,NOT_FOUND,
989244,NOT_FOUND,
914691,NOT_FOUND,
859491,NOT_FOUND,
477229,NOT_FOUND,
454944,NOT_FOUND,
448046,NOT_FOUND,
522766,NOT_FOUND,
151048,NOT_FOUND,
813919,NOT_FOUND,
375568,NOT_FOUND,
582497,NOT_FOUND,
246753,NOT_FOUND,
142719,NOT_FOUND,
936823,NOT_FOUND,
719390,NOT_FOUND,
362745,NOT_FOUND,
281588,NOT_FOUND,
868853,NOT_FOUND,
709670,NOT_FOUND,
603315,NOT_FOUND,
177629,NOT_FOUND,
904316,NOT_FOUND,
256105,NOT_FOUND,
823383,NOT_FOUND,
958224,NOT_FOUND,
721393,NOT_FOUND,
668704,NOT_FOUND,
764386,NOT_FOUND,
394156,NOT_FOUND,
173501,NOT_FOUND,
711824,NOT_FOUND,
455550,NOT_FOUND,
163562,NOT_FOUND,
6722,NOT_FOUND,
6723,NOT_FOUND,
1000000000,NOT_FOUND,
938,NOT_FOUND,
0000000,NOT_FOUND,
1013,NOT_FOUND,
100026,NOT_FOUND,
0203,ERROR,"403 Forbidden: {
  ""error"": {
    ""title"": ""Forbidden"",
    ""message"": ""You do not have access to this page. Please contact the account owner of this help desk for further help.""
  }
}
"
010101,ERROR,"403 Forbidden: {
  ""error"": {
    ""title"": ""Forbidden"",
    ""message"": ""You do not have access to this page. Please contact the account owner of this help desk for further help.""
  }
}
"
0101,ERROR,"403 Forbidden: {
  ""error"": {
    ""title"": ""Forbidden"",
    ""message"": ""You do not have access to this page. Please contact the account owner of this help desk for further help.""
  }
}
"
5,ERROR,"403 Forbidden: {
  ""error"": {
    ""title"": ""Forbidden"",
    ""message"": ""You do not have access to this page. Please contact the account owner of this help desk for further help.""
  }
}
"
45,ERROR,"403 Forbidden: {
  ""error"": {
    ""title"": ""Forbidden"",
    ""message"": ""You do not have access to this page. Please contact the account owner of this help desk for further help.""
  }
}
"
42,ERROR,"403 Forbidden: {
  ""error"": {
    ""title"": ""Forbidden"",
    ""message"": ""You do not have access to this page. Please contact the account owner of this help desk for further help.""
  }
}
"
68,ERROR,"403 Forbidden: {
  ""error"": {
    ""title"": ""Forbidden"",
    ""message"": ""You do not have access to this page. Please contact the account owner of this help desk for further help.""
  }
}
"
90,ERROR,"403 Forbidden: {
  ""error"": {
    ""title"": ""Forbidden"",
    ""message"": ""You do not have access to this page. Please contact the account owner of this help desk for further help.""
  }
}
"
93,ERROR,"403 Forbidden: {
  ""error"": {
    ""title"": ""Forbidden"",
    ""message"": ""You do not have access to this page. Please contact the account owner of this help desk for further help.""
  }
}
"
70,ERROR,"403 Forbidden: {
  ""error"": {
    ""title"": ""Forbidden"",
    ""message"": ""You do not have access to this page. Please contact the account owner of this help desk for further help.""
  }
}
"
38,ERROR,"403 Forbidden: {
  ""error"": {
    ""title"": ""Forbidden"",
    ""message"": ""You do not have access to this page. Please contact the account owner of this help desk for further help.""
  }
}
"
144,ERROR,"403 Forbidden: {
  ""error"": {
    ""title"": ""Forbidden"",
    ""message"": ""You do not have access to this page. Please contact the account owner of this help desk for further help.""
  }
}
"
143,ERROR,"403 Forbidden: {
  ""error"": {
    ""title"": ""Forbidden"",
    ""message"": ""You do not have access to this page. Please contact the account owner of this help desk for further help.""
  }
}
"
133,ERROR,"403 Forbidden: {
  ""error"": {
    ""title"": ""Forbidden"",
    ""message"": ""You do not have access to this page. Please contact the account owner of this help desk for further help.""
  }
}
"
128,ERROR,"403 Forbidden: {
  ""error"": {
    ""title"": ""Forbidden"",
    ""message"": ""You do not have access to this page. Please contact the account owner of this help desk for further help.""
  }
}
"
159,ERROR,"403 Forbidden: {
  ""error"": {
    ""title"": ""Forbidden"",
    ""message"": ""You do not have access to this page. Please contact the account owner of this help desk for further help.""
  }
}
"
148,ERROR,"403 Forbidden: {
  ""error"": {
    ""title"": ""Forbidden"",
    ""message"": ""You do not have access to this page. Please contact the account owner of this help desk for further help.""
  }
}
"
168,ERROR,"403 Forbidden: {
  ""error"": {
    ""title"": ""Forbidden"",
    ""message"": ""You do not have access to this page. Please contact the account owner of this help desk for further help.""
  }
}
"
170,ERROR,"403 Forbidden: {
  ""error"": {
    ""title"": ""Forbidden"",
    ""message"": ""You do not have access to this page. Please contact the account owner of this help desk for further help.""
  }
}
"
180,ERROR,"403 Forbidden: {
  ""error"": {
    ""title"": ""Forbidden"",
    ""message"": ""You do not have access to this page. Please contact the account owner of this help desk for further help.""
  }
}
"
173,ERROR,"403 Forbidden: {
  ""error"": {
    ""title"": ""Forbidden"",
    ""message"": ""You do not have access to this page. Please contact the account owner of this help desk for further help.""
  }
}
"
181,ERROR,"403 Forbidden: {
  ""error"": {
    ""title"": ""Forbidden"",
    ""message"": ""You do not have access to this page. Please contact the account owner of this help desk for further help.""
  }
}
"
184,ERROR,"403 Forbidden: {
  ""error"": {
    ""title"": ""Forbidden"",
    ""message"": ""You do not have access to this page. Please contact the account owner of this help desk for further help.""
  }
}
"
198,ERROR,"403 Forbidden: {
  ""error"": {
    ""title"": ""Forbidden"",
    ""message"": ""You do not have access to this page. Please contact the account owner of this help desk for further help.""
  }
}
"
194,ERROR,"403 Forbidden: {
  ""error"": {
    ""title"": ""Forbidden"",
    ""message"": ""You do not have access to this page. Please contact the account owner of this help desk for further help.""
  }
}
"
199,ERROR,"403 Forbidden: {
  ""error"": {
    ""title"": ""Forbidden"",
    ""message"": ""You do not have access to this page. Please contact the account owner of this help desk for further help.""
  }
}
"
211,ERROR,"403 Forbidden: {
  ""error"": {
    ""title"": ""Forbidden"",
    ""message"": ""You do not have access to this page. Please contact the account owner of this help desk for further help.""
  }
}
"
209,ERROR,"403 Forbidden: {
  ""error"": {
    ""title"": ""Forbidden"",
    ""message"": ""You do not have access to this page. Please contact the account owner of this help desk for further help.""
  }
}
"
175,ERROR,"403 Forbidden: {
  ""error"": {
    ""title"": ""Forbidden"",
    ""message"": ""You do not have access to this page. Please contact the account owner of this help desk for further help.""
  }
}
"
214,ERROR,"403 Forbidden: {
  ""error"": {
    ""title"": ""Forbidden"",
    ""message"": ""You do not have access to this page. Please contact the account owner of this help desk for further help.""
  }
}
"
210,ERROR,"403 Forbidden: {
  ""error"": {
    ""title"": ""Forbidden"",
    ""message"": ""You do not have access to this page. Please contact the account owner of this help desk for further help.""
  }
}
"
217,ERROR,"403 Forbidden: {
  ""error"": {
    ""title"": ""Forbidden"",
    ""message"": ""You do not have access to this page. Please contact the account owner of this help desk for further help.""
  }
}
"
223,ERROR,"403 Forbidden: {
  ""error"": {
    ""title"": ""Forbidden"",
    ""message"": ""You do not have access to this page. Please contact the account owner of this help desk for further help.""
  }
}
"
132,ERROR,"403 Forbidden: {
  ""error"": {
    ""title"": ""Forbidden"",
    ""message"": ""You do not have access to this page. Please contact the account owner of this help desk for further help.""
  }
}
"
234,ERROR,"403 Forbidden: {
  ""error"": {
    ""title"": ""Forbidden"",
    ""message"": ""You do not have access to this page. Please contact the account owner of this help desk for further help.""
  }
}
"
238,ERROR,"403 Forbidden: {
  ""error"": {
    ""title"": ""Forbidden"",
    ""message"": ""You do not have access to this page. Please contact the account owner of this help desk for further help.""
  }
}
"
236,ERROR,"403 Forbidden: {
  ""error"": {
    ""title"": ""Forbidden"",
    ""message"": ""You do not have access to this page. Please contact the account owner of this help desk for further help.""
  }
}
"
227,ERROR,"403 Forbidden: {
  ""error"": {
    ""title"": ""Forbidden"",
    ""message"": ""You do not have access to this page. Please contact the account owner of this help desk for further help.""
  }
}
"
251,ERROR,"403 Forbidden: {
  ""error"": {
    ""title"": ""Forbidden"",
    ""message"": ""You do not have access to this page. Please contact the account owner of this help desk for further help.""
  }
}
"
248,ERROR,"403 Forbidden: {
  ""error"": {
    ""title"": ""Forbidden"",
    ""message"": ""You do not have access to this page. Please contact the account owner of this help desk for further help.""
  }
}
"
262,ERROR,"403 Forbidden: {
  ""error"": {
    ""title"": ""Forbidden"",
    ""message"": ""You do not have access to this page. Please contact the account owner of this help desk for further help.""
  }
}
"
258,ERROR,"403 Forbidden: {
  ""error"": {
    ""title"": ""Forbidden"",
    ""message"": ""You do not have access to this page. Please contact the account owner of this help desk for further help.""
  }
}
"
264,ERROR,"403 Forbidden: {
  ""error"": {
    ""title"": ""Forbidden"",
    ""message"": ""You do not have access to this page. Please contact the account owner of this help desk for further help.""
  }
}
"
265,ERROR,"403 Forbidden: {
  ""error"": {
    ""title"": ""Forbidden"",
    ""message"": ""You do not have access to this page. Please contact the account owner of this help desk for further help.""
  }
}
"
279,ERROR,"403 Forbidden: {
  ""error"": {
    ""title"": ""Forbidden"",
    ""message"": ""You do not have access to this page. Please contact the account owner of this help desk for further help.""
  }
}
"
247,ERROR,"403 Forbidden: {
  ""error"": {
    ""title"": ""Forbidden"",
    ""message"": ""You do not have access to this page. Please contact the account owner of this help desk for further help.""
  }
}
"
172,ERROR,"403 Forbidden: {
  ""error"": {
    ""title"": ""Forbidden"",
    ""message"": ""You do not have access to this page. Please contact the account owner of this help desk for further help.""
  }
}
"
288,ERROR,"403 Forbidden: {
  ""error"": {
    ""title"": ""Forbidden"",
    ""message"": ""You do not have access to this page. Please contact the account owner of this help desk for further help.""
  }
}
"
301,ERROR,"403 Forbidden: {
  ""error"": {
    ""title"": ""Forbidden"",
    ""message"": ""You do not have access to this page. Please contact the account owner of this help desk for further help.""
  }
}
"
323,ERROR,"403 Forbidden: {
  ""error"": {
    ""title"": ""Forbidden"",
    ""message"": ""You do not have access to this page. Please contact the account owner of this help desk for further help.""
  }
}
"
320,ERROR,"403 Forbidden: {
  ""error"": {
    ""title"": ""Forbidden"",
    ""message"": ""You do not have access to this page. Please contact the account owner of this help desk for further help.""
  }
}
"
299,ERROR,"403 Forbidden: {
  ""error"": {
    ""title"": ""Forbidden"",
    ""message"": ""You do not have access to this page. Please contact the account owner of this help desk for further help.""
  }
}
"
353,ERROR,"403 Forbidden: {
  ""error"": {
    ""title"": ""Forbidden"",
    ""message"": ""You do not have access to this page. Please contact the account owner of this help desk for further help.""
  }
}
"
350,ERROR,"403 Forbidden: {
  ""error"": {
    ""title"": ""Forbidden"",
    ""message"": ""You do not have access to this page. Please contact the account owner of this help desk for further help.""
  }
}
"
249,ERROR,"403 Forbidden: {
  ""error"": {
    ""title"": ""Forbidden"",
    ""message"": ""You do not have access to this page. Please contact the account owner of this help desk for further help.""
  }
}
"
364,ERROR,"403 Forbidden: {
  ""error"": {
    ""title"": ""Forbidden"",
    ""message"": ""You do not have access to this page. Please contact the account owner of this help desk for further help.""
  }
}
"
274,ERROR,"403 Forbidden: {
  ""error"": {
    ""title"": ""Forbidden"",
    ""message"": ""You do not have access to this page. Please contact the account owner of this help desk for further help.""
  }
}
"
386,ERROR,"403 Forbidden: {
  ""error"": {
    ""title"": ""Forbidden"",
    ""message"": ""You do not have access to this page. Please contact the account owner of this help desk for further help.""
  }
}
"
183,ERROR,"403 Forbidden: {
  ""error"": {
    ""title"": ""Forbidden"",
    ""message"": ""You do not have access to this page. Please contact the account owner of this help desk for further help.""
  }
}
"
224,ERROR,"403 Forbidden: {
  ""error"": {
    ""title"": ""Forbidden"",
    ""message"": ""You do not have access to this page. Please contact the account owner of this help desk for further help.""
  }
}
"
475,ERROR,"403 Forbidden: {
  ""error"": {
    ""title"": ""Forbidden"",
    ""message"": ""You do not have access to this page. Please contact the account owner of this help desk for further help.""
  }
}
"
500,ERROR,"403 Forbidden: {
  ""error"": {
    ""title"": ""Forbidden"",
    ""message"": ""You do not have access to this page. Please contact the account owner of this help desk for further help.""
  }
}
"
8649,ERROR,"403 Forbidden: {
  ""error"": {
    ""title"": ""Forbidden"",
    ""message"": ""You do not have access to this page. Please contact the account owner of this help desk for further help.""
  }
}
"
495,ERROR,"403 Forbidden: {
  ""error"": {
    ""title"": ""Forbidden"",
    ""message"": ""You do not have access to this page. Please contact the account owner of this help desk for further help.""
  }
}
"
8653,ERROR,"403 Forbidden: {
  ""error"": {
    ""title"": ""Forbidden"",
    ""message"": ""You do not have access to this page. Please contact the account owner of this help desk for further help.""
  }
}
"
8657,ERROR,"403 Forbidden: {
  ""error"": {
    ""title"": ""Forbidden"",
    ""message"": ""You do not have access to this page. Please contact the account owner of this help desk for further help.""
  }
}
"
8669,ERROR,"403 Forbidden: {
  ""error"": {
    ""title"": ""Forbidden"",
    ""message"": ""You do not have access to this page. Please contact the account owner of this help desk for further help.""
  }
}
"
8682,ERROR,"403 Forbidden: {
  ""error"": {
    ""title"": ""Forbidden"",
    ""message"": ""You do not have access to this page. Please contact the account owner of this help desk for further help.""
  }
}
"
8702,ERROR,"403 Forbidden: {
  ""error"": {
    ""title"": ""Forbidden"",
    ""message"": ""You do not have access to this page. Please contact the account owner of this help desk for further help.""
  }
}
"
8758,ERROR,"403 Forbidden: {
  ""error"": {
    ""title"": ""Forbidden"",
    ""message"": ""You do not have access to this page. Please contact the account owner of this help desk for further help.""
  }
}
"
8775,ERROR,"403 Forbidden: {
  ""error"": {
    ""title"": ""Forbidden"",
    ""message"": ""You do not have access to this page. Please contact the account owner of this help desk for further help.""
  }
}
"
8764,ERROR,"403 Forbidden: {
  ""error"": {
    ""title"": ""Forbidden"",
    ""message"": ""You do not have access to this page. Please contact the account owner of this help desk for further help.""
  }
}
"
8811,ERROR,"403 Forbidden: {
  ""error"": {
    ""title"": ""Forbidden"",
    ""message"": ""You do not have access to this page. Please contact the account owner of this help desk for further help.""
  }
}
"
8794,ERROR,"403 Forbidden: {
  ""error"": {
    ""title"": ""Forbidden"",
    ""message"": ""You do not have access to this page. Please contact the account owner of this help desk for further help.""
  }
}
"
8801,ERROR,"403 Forbidden: {
  ""error"": {
    ""title"": ""Forbidden"",
    ""message"": ""You do not have access to this page. Please contact the account owner of this help desk for further help.""
  }
}
"
8814,ERROR,"403 Forbidden: {
  ""error"": {
    ""title"": ""Forbidden"",
    ""message"": ""You do not have access to this page. Please contact the account owner of this help desk for further help.""
  }
}
"
8681,ERROR,"403 Forbidden: {
  ""error"": {
    ""title"": ""Forbidden"",
    ""message"": ""You do not have access to this page. Please contact the account owner of this help desk for further help.""
  }
}
"
8805,ERROR,"403 Forbidden: {
  ""error"": {
    ""title"": ""Forbidden"",
    ""message"": ""You do not have access to this page. Please contact the account owner of this help desk for further help.""
  }
}
"
8834,ERROR,"403 Forbidden: {
  ""error"": {
    ""title"": ""Forbidden"",
    ""message"": ""You do not have access to this page. Please contact the account owner of this help desk for further help.""
  }
}
"
8846,ERROR,"403 Forbidden: {
  ""error"": {
    ""title"": ""Forbidden"",
    ""message"": ""You do not have access to this page. Please contact the account owner of this help desk for further help.""
  }
}
"
8865,ERROR,"403 Forbidden: {
  ""error"": {
    ""title"": ""Forbidden"",
    ""message"": ""You do not have access to this page. Please contact the account owner of this help desk for further help.""
  }
}
"
8696,ERROR,"403 Forbidden: {
  ""error"": {
    ""title"": ""Forbidden"",
    ""message"": ""You do not have access to this page. Please contact the account owner of this help desk for further help.""
  }
}
"
8892,ERROR,"403 Forbidden: {
  ""error"": {
    ""title"": ""Forbidden"",
    ""message"": ""You do not have access to this page. Please contact the account owner of this help desk for further help.""
  }
}
"
8901,ERROR,"403 Forbidden: {
  ""error"": {
    ""title"": ""Forbidden"",
    ""message"": ""You do not have access to this page. Please contact the account owner of this help desk for further help.""
  }
}
"
8904,ERROR,"403 Forbidden: {
  ""error"": {
    ""title"": ""Forbidden"",
    ""message"": ""You do not have access to this page. Please contact the account owner of this help desk for further help.""
  }
}
"
8923,ERROR,"403 Forbidden: {
  ""error"": {
    ""title"": ""Forbidden"",
    ""message"": ""You do not have access to this page. Please contact the account owner of this help desk for further help.""
  }
}
"
8817,ERROR,"403 Forbidden: {
  ""error"": {
    ""title"": ""Forbidden"",
    ""message"": ""You do not have access to this page. Please contact the account owner of this help desk for further help.""
  }
}
"
8943,ERROR,"403 Forbidden: {
  ""error"": {
    ""title"": ""Forbidden"",
    ""message"": ""You do not have access to this page. Please contact the account owner of this help desk for further help.""
  }
}
"
8954,ERROR,"403 Forbidden: {
  ""error"": {
    ""title"": ""Forbidden"",
    ""message"": ""You do not have access to this page. Please contact the account owner of this help desk for further help.""
  }
}
"
8951,ERROR,"403 Forbidden: {
  ""error"": {
    ""title"": ""Forbidden"",
    ""message"": ""You do not have access to this page. Please contact the account owner of this help desk for further help.""
  }
}
"
8821,ERROR,"403 Forbidden: {
  ""error"": {
    ""title"": ""Forbidden"",
    ""message"": ""You do not have access to this page. Please contact the account owner of this help desk for further help.""
  }
}
"
8984,ERROR,"403 Forbidden: {
  ""error"": {
    ""title"": ""Forbidden"",
    ""message"": ""You do not have access to this page. Please contact the account owner of this help desk for further help.""
  }
}
"
8985,ERROR,"403 Forbidden: {
  ""error"": {
    ""title"": ""Forbidden"",
    ""message"": ""You do not have access to this page. Please contact the account owner of this help desk for further help.""
  }
}
"
8981,ERROR,"403 Forbidden: {
  ""error"": {
    ""title"": ""Forbidden"",
    ""message"": ""You do not have access to this page. Please contact the account owner of this help desk for further help.""
  }
}
"
8999,ERROR,"403 Forbidden: {
  ""error"": {
    ""title"": ""Forbidden"",
    ""message"": ""You do not have access to this page. Please contact the account owner of this help desk for further help.""
  }
}
"
9016,ERROR,"403 Forbidden: {
  ""error"": {
    ""title"": ""Forbidden"",
    ""message"": ""You do not have access to this page. Please contact the account owner of this help desk for further help.""
  }
}
"
9006,ERROR,"403 Forbidden: {
  ""error"": {
    ""title"": ""Forbidden"",
    ""message"": ""You do not have access to this page. Please contact the account owner of this help desk for further help.""
  }
}
"
8996,ERROR,"403 Forbidden: {
  ""error"": {
    ""title"": ""Forbidden"",
    ""message"": ""You do not have access to this page. Please contact the account owner of this help desk for further help.""
  }
}
"
8936,ERROR,"403 Forbidden: {
  ""error"": {
    ""title"": ""Forbidden"",
    ""message"": ""You do not have access to this page. Please contact the account owner of this help desk for further help.""
  }
}
"
9027,ERROR,"403 Forbidden: {
  ""error"": {
    ""title"": ""Forbidden"",
    ""message"": ""You do not have access to this page. Please contact the account owner of this help desk for further help.""
  }
}
"
8977,ERROR,"403 Forbidden: {
  ""error"": {
    ""title"": ""Forbidden"",
    ""message"": ""You do not have access to this page. Please contact the account owner of this help desk for further help.""
  }
}
"
9028,ERROR,"403 Forbidden: {
  ""error"": {
    ""title"": ""Forbidden"",
    ""message"": ""You do not have access to this page. Please contact the account owner of this help desk for further help.""
  }
}
"
9037,ERROR,"403 Forbidden: {
  ""error"": {
    ""title"": ""Forbidden"",
    ""message"": ""You do not have access to this page. Please contact the account owner of this help desk for further help.""
  }
}
"
9003,ERROR,"403 Forbidden: {
  ""error"": {
    ""title"": ""Forbidden"",
    ""message"": ""You do not have access to this page. Please contact the account owner of this help desk for further help.""
  }
}
"
8899,ERROR,"403 Forbidden: {
  ""error"": {
    ""title"": ""Forbidden"",
    ""message"": ""You do not have access to this page. Please contact the account owner of this help desk for further help.""
  }
}
"
44,ERROR,"403 Forbidden: {
  ""error"": {
    ""title"": ""Forbidden"",
    ""message"": ""You do not have access to this page. Please contact the account owner of this help desk for further help.""
  }
}
"
9074,ERROR,"403 Forbidden: {
  ""error"": {
    ""title"": ""Forbidden"",
    ""message"": ""You do not have access to this page. Please contact the account owner of this help desk for further help.""
  }
}
"
9083,ERROR,"403 Forbidden: {
  ""error"": {
    ""title"": ""Forbidden"",
    ""message"": ""You do not have access to this page. Please contact the account owner of this help desk for further help.""
  }
}
"
9071,ERROR,"403 Forbidden: {
  ""error"": {
    ""title"": ""Forbidden"",
    ""message"": ""You do not have access to this page. Please contact the account owner of this help desk for further help.""
  }
}
"
9069,ERROR,"403 Forbidden: {
  ""error"": {
    ""title"": ""Forbidden"",
    ""message"": ""You do not have access to this page. Please contact the account owner of this help desk for further help.""
  }
}
"
9098,ERROR,"403 Forbidden: {
  ""error"": {
    ""title"": ""Forbidden"",
    ""message"": ""You do not have access to this page. Please contact the account owner of this help desk for further help.""
  }
}
"
9099,ERROR,"403 Forbidden: {
  ""error"": {
    ""title"": ""Forbidden"",
    ""message"": ""You do not have access to this page. Please contact the account owner of this help desk for further help.""
  }
}
"
9111,ERROR,"403 Forbidden: {
  ""error"": {
    ""title"": ""Forbidden"",
    ""message"": ""You do not have access to this page. Please contact the account owner of this help desk for further help.""
  }
}
"
9118,ERROR,"403 Forbidden: {
  ""error"": {
    ""title"": ""Forbidden"",
    ""message"": ""You do not have access to this page. Please contact the account owner of this help desk for further help.""
  }
}
"
9096,ERROR,"403 Forbidden: {
  ""error"": {
    ""title"": ""Forbidden"",
    ""message"": ""You do not have access to this page. Please contact the account owner of this help desk for further help.""
  }
}
"
9133,ERROR,"403 Forbidden: {
  ""error"": {
    ""title"": ""Forbidden"",
    ""message"": ""You do not have access to this page. Please contact the account owner of this help desk for further help.""
  }
}
"
9123,ERROR,"403 Forbidden: {
  ""error"": {
    ""title"": ""Forbidden"",
    ""message"": ""You do not have access to this page. Please contact the account owner of this help desk for further help.""
  }
}
"
9141,ERROR,"403 Forbidden: {
  ""error"": {
    ""title"": ""Forbidden"",
    ""message"": ""You do not have access to this page. Please contact the account owner of this help desk for further help.""
  }
}
"
9131,ERROR,"403 Forbidden: {
  ""error"": {
    ""title"": ""Forbidden"",
    ""message"": ""You do not have access to this page. Please contact the account owner of this help desk for further help.""
  }
}
"
9151,ERROR,"403 Forbidden: {
  ""error"": {
    ""title"": ""Forbidden"",
    ""message"": ""You do not have access to this page. Please contact the account owner of this help desk for further help.""
  }
}
"
9150,ERROR,"403 Forbidden: {
  ""error"": {
    ""title"": ""Forbidden"",
    ""message"": ""You do not have access to this page. Please contact the account owner of this help desk for further help.""
  }
}
"
9154,ERROR,"403 Forbidden: {
  ""error"": {
    ""title"": ""Forbidden"",
    ""message"": ""You do not have access to this page. Please contact the account owner of this help desk for further help.""
  }
}
"
9264,ERROR,"403 Forbidden: {
  ""error"": {
    ""title"": ""Forbidden"",
    ""message"": ""You do not have access to this page. Please contact the account owner of this help desk for further help.""
  }
}
"
9216,ERROR,"403 Forbidden: {
  ""error"": {
    ""title"": ""Forbidden"",
    ""message"": ""You do not have access to this page. Please contact the account owner of this help desk for further help.""
  }
}
"
9220,ERROR,"403 Forbidden: {
  ""error"": {
    ""title"": ""Forbidden"",
    ""message"": ""You do not have access to this page. Please contact the account owner of this help desk for further help.""
  }
}
"
9195,ERROR,"403 Forbidden: {
  ""error"": {
    ""title"": ""Forbidden"",
    ""message"": ""You do not have access to this page. Please contact the account owner of this help desk for further help.""
  }
}
"
222,ERROR,"403 Forbidden: {
  ""error"": {
    ""title"": ""Forbidden"",
    ""message"": ""You do not have access to this page. Please contact the account owner of this help desk for further help.""
  }
}
"
9100,ERROR,"403 Forbidden: {
  ""error"": {
    ""title"": ""Forbidden"",
    ""message"": ""You do not have access to this page. Please contact the account owner of this help desk for further help.""
  }
}
"
9236,ERROR,"403 Forbidden: {
  ""error"": {
    ""title"": ""Forbidden"",
    ""message"": ""You do not have access to this page. Please contact the account owner of this help desk for further help.""
  }
}
"
9289,ERROR,"403 Forbidden: {
  ""error"": {
    ""title"": ""Forbidden"",
    ""message"": ""You do not have access to this page. Please contact the account owner of this help desk for further help.""
  }
}
"
9305,ERROR,"403 Forbidden: {
  ""error"": {
    ""title"": ""Forbidden"",
    ""message"": ""You do not have access to this page. Please contact the account owner of this help desk for further help.""
  }
}
"
9291,ERROR,"403 Forbidden: {
  ""error"": {
    ""title"": ""Forbidden"",
    ""message"": ""You do not have access to this page. Please contact the account owner of this help desk for further help.""
  }
}
"
9313,ERROR,"403 Forbidden: {
  ""error"": {
    ""title"": ""Forbidden"",
    ""message"": ""You do not have access to this page. Please contact the account owner of this help desk for further help.""
  }
}
"
9234,ERROR,"403 Forbidden: {
  ""error"": {
    ""title"": ""Forbidden"",
    ""message"": ""You do not have access to this page. Please contact the account owner of this help desk for further help.""
  }
}
"
9317,ERROR,"403 Forbidden: {
  ""error"": {
    ""title"": ""Forbidden"",
    ""message"": ""You do not have access to this page. Please contact the account owner of this help desk for further help.""
  }
}
"
8990,ERROR,"403 Forbidden: {
  ""error"": {
    ""title"": ""Forbidden"",
    ""message"": ""You do not have access to this page. Please contact the account owner of this help desk for further help.""
  }
}
"
9336,ERROR,"403 Forbidden: {
  ""error"": {
    ""title"": ""Forbidden"",
    ""message"": ""You do not have access to this page. Please contact the account owner of this help desk for further help.""
  }
}
"
9344,ERROR,"403 Forbidden: {
  ""error"": {
    ""title"": ""Forbidden"",
    ""message"": ""You do not have access to this page. Please contact the account owner of this help desk for further help.""
  }
}
"
9329,ERROR,"403 Forbidden: {
  ""error"": {
    ""title"": ""Forbidden"",
    ""message"": ""You do not have access to this page. Please contact the account owner of this help desk for further help.""
  }
}
"
9345,ERROR,"403 Forbidden: {
  ""error"": {
    ""title"": ""Forbidden"",
    ""message"": ""You do not have access to this page. Please contact the account owner of this help desk for further help.""
  }
}
"
9334,ERROR,"403 Forbidden: {
  ""error"": {
    ""title"": ""Forbidden"",
    ""message"": ""You do not have access to this page. Please contact the account owner of this help desk for further help.""
  }
}
"
9346,ERROR,"403 Forbidden: {
  ""error"": {
    ""title"": ""Forbidden"",
    ""message"": ""You do not have access to this page. Please contact the account owner of this help desk for further help.""
  }
}
"
9347,ERROR,"403 Forbidden: {
  ""error"": {
    ""title"": ""Forbidden"",
    ""message"": ""You do not have access to this page. Please contact the account owner of this help desk for further help.""
  }
}
"
9362,ERROR,"403 Forbidden: {
  ""error"": {
    ""title"": ""Forbidden"",
    ""message"": ""You do not have access to this page. Please contact the account owner of this help desk for further help.""
  }
}
"
9363,ERROR,"403 Forbidden: {
  ""error"": {
    ""title"": ""Forbidden"",
    ""message"": ""You do not have access to this page. Please contact the account owner of this help desk for further help.""
  }
}
"
9371,ERROR,"403 Forbidden: {
  ""error"": {
    ""title"": ""Forbidden"",
    ""message"": ""You do not have access to this page. Please contact the account owner of this help desk for further help.""
  }
}
"
9053,ERROR,"403 Forbidden: {
  ""error"": {
    ""title"": ""Forbidden"",
    ""message"": ""You do not have access to this page. Please contact the account owner of this help desk for further help.""
  }
}
"
9295,ERROR,"403 Forbidden: {
  ""error"": {
    ""title"": ""Forbidden"",
    ""message"": ""You do not have access to this page. Please contact the account owner of this help desk for further help.""
  }
}
"
9272,ERROR,"403 Forbidden: {
  ""error"": {
    ""title"": ""Forbidden"",
    ""message"": ""You do not have access to this page. Please contact the account owner of this help desk for further help.""
  }
}
"
9377,ERROR,"403 Forbidden: {
  ""error"": {
    ""title"": ""Forbidden"",
    ""message"": ""You do not have access to this page. Please contact the account owner of this help desk for further help.""
  }
}
"
9386,ERROR,"403 Forbidden: {
  ""error"": {
    ""title"": ""Forbidden"",
    ""message"": ""You do not have access to this page. Please contact the account owner of this help desk for further help.""
  }
}
"
9400,ERROR,"403 Forbidden: {
  ""error"": {
    ""title"": ""Forbidden"",
    ""message"": ""You do not have access to this page. Please contact the account owner of this help desk for further help.""
  }
}
"
9404,ERROR,"403 Forbidden: {
  ""error"": {
    ""title"": ""Forbidden"",
    ""message"": ""You do not have access to this page. Please contact the account owner of this help desk for further help.""
  }
}
"
9416,ERROR,"403 Forbidden: {
  ""error"": {
    ""title"": ""Forbidden"",
    ""message"": ""You do not have access to this page. Please contact the account owner of this help desk for further help.""
  }
}
"
9388,ERROR,"403 Forbidden: {
  ""error"": {
    ""title"": ""Forbidden"",
    ""message"": ""You do not have access to this page. Please contact the account owner of this help desk for further help.""
  }
}
"
9417,ERROR,"403 Forbidden: {
  ""error"": {
    ""title"": ""Forbidden"",
    ""message"": ""You do not have access to this page. Please contact the account owner of this help desk for further help.""
  }
}
"
9421,ERROR,"403 Forbidden: {
  ""error"": {
    ""title"": ""Forbidden"",
    ""message"": ""You do not have access to this page. Please contact the account owner of this help desk for further help.""
  }
}
"
9418,ERROR,"403 Forbidden: {
  ""error"": {
    ""title"": ""Forbidden"",
    ""message"": ""You do not have access to this page. Please contact the account owner of this help desk for further help.""
  }
}
"
9424,ERROR,"403 Forbidden: {
  ""error"": {
    ""title"": ""Forbidden"",
    ""message"": ""You do not have access to this page. Please contact the account owner of this help desk for further help.""
  }
}
"
9407,ERROR,"403 Forbidden: {
  ""error"": {
    ""title"": ""Forbidden"",
    ""message"": ""You do not have access to this page. Please contact the account owner of this help desk for further help.""
  }
}
"
9374,ERROR,"403 Forbidden: {
  ""error"": {
    ""title"": ""Forbidden"",
    ""message"": ""You do not have access to this page. Please contact the account owner of this help desk for further help.""
  }
}
"
9213,ERROR,"403 Forbidden: {
  ""error"": {
    ""title"": ""Forbidden"",
    ""message"": ""You do not have access to this page. Please contact the account owner of this help desk for further help.""
  }
}
"
9293,ERROR,"403 Forbidden: {
  ""error"": {
    ""title"": ""Forbidden"",
    ""message"": ""You do not have access to this page. Please contact the account owner of this help desk for further help.""
  }
}
"
9441,ERROR,"403 Forbidden: {
  ""error"": {
    ""title"": ""Forbidden"",
    ""message"": ""You do not have access to this page. Please contact the account owner of this help desk for further help.""
  }
}
"
9332,ERROR,"403 Forbidden: {
  ""error"": {
    ""title"": ""Forbidden"",
    ""message"": ""You do not have access to this page. Please contact the account owner of this help desk for further help.""
  }
}
"
9438,ERROR,"403 Forbidden: {
  ""error"": {
    ""title"": ""Forbidden"",
    ""message"": ""You do not have access to this page. Please contact the account owner of this help desk for further help.""
  }
}
"
9464,ERROR,"403 Forbidden: {
  ""error"": {
    ""title"": ""Forbidden"",
    ""message"": ""You do not have access to this page. Please contact the account owner of this help desk for further help.""
  }
}
"
9235,ERROR,"403 Forbidden: {
  ""error"": {
    ""title"": ""Forbidden"",
    ""message"": ""You do not have access to this page. Please contact the account owner of this help desk for further help.""
  }
}
"
9422,ERROR,"403 Forbidden: {
  ""error"": {
    ""title"": ""Forbidden"",
    ""message"": ""You do not have access to this page. Please contact the account owner of this help desk for further help.""
  }
}
"
9470,ERROR,"403 Forbidden: {
  ""error"": {
    ""title"": ""Forbidden"",
    ""message"": ""You do not have access to this page. Please contact the account owner of this help desk for further help.""
  }
}
"
9494,ERROR,"403 Forbidden: {
  ""error"": {
    ""title"": ""Forbidden"",
    ""message"": ""You do not have access to this page. Please contact the account owner of this help desk for further help.""
  }
}
"
9477,ERROR,"403 Forbidden: {
  ""error"": {
    ""title"": ""Forbidden"",
    ""message"": ""You do not have access to this page. Please contact the account owner of this help desk for further help.""
  }
}
"
9513,ERROR,"403 Forbidden: {
  ""error"": {
    ""title"": ""Forbidden"",
    ""message"": ""You do not have access to this page. Please contact the account owner of this help desk for further help.""
  }
}
"
9504,ERROR,"403 Forbidden: {
  ""error"": {
    ""title"": ""Forbidden"",
    ""message"": ""You do not have access to this page. Please contact the account owner of this help desk for further help.""
  }
}
"
9539,ERROR,"403 Forbidden: {
  ""error"": {
    ""title"": ""Forbidden"",
    ""message"": ""You do not have access to this page. Please contact the account owner of this help desk for further help.""
  }
}
"
9454,ERROR,"403 Forbidden: {
  ""error"": {
    ""title"": ""Forbidden"",
    ""message"": ""You do not have access to this page. Please contact the account owner of this help desk for further help.""
  }
}
"
9478,ERROR,"403 Forbidden: {
  ""error"": {
    ""title"": ""Forbidden"",
    ""message"": ""You do not have access to this page. Please contact the account owner of this help desk for further help.""
  }
}
"
9562,ERROR,"403 Forbidden: {
  ""error"": {
    ""title"": ""Forbidden"",
    ""message"": ""You do not have access to this page. Please contact the account owner of this help desk for further help.""
  }
}
"
9571,ERROR,"403 Forbidden: {
  ""error"": {
    ""title"": ""Forbidden"",
    ""message"": ""You do not have access to this page. Please contact the account owner of this help desk for further help.""
  }
}
"
9574,ERROR,"403 Forbidden: {
  ""error"": {
    ""title"": ""Forbidden"",
    ""message"": ""You do not have access to this page. Please contact the account owner of this help desk for further help.""
  }
}
"
9578,ERROR,"403 Forbidden: {
  ""error"": {
    ""title"": ""Forbidden"",
    ""message"": ""You do not have access to this page. Please contact the account owner of this help desk for further help.""
  }
}
"
9573,ERROR,"403 Forbidden: {
  ""error"": {
    ""title"": ""Forbidden"",
    ""message"": ""You do not have access to this page. Please contact the account owner of this help desk for further help.""
  }
}
"
9584,ERROR,"403 Forbidden: {
  ""error"": {
    ""title"": ""Forbidden"",
    ""message"": ""You do not have access to this page. Please contact the account owner of this help desk for further help.""
  }
}
"
9586,ERROR,"403 Forbidden: {
  ""error"": {
    ""title"": ""Forbidden"",
    ""message"": ""You do not have access to this page. Please contact the account owner of this help desk for further help.""
  }
}
"
9587,ERROR,"403 Forbidden: {
  ""error"": {
    ""title"": ""Forbidden"",
    ""message"": ""You do not have access to this page. Please contact the account owner of this help desk for further help.""
  }
}
"
9591,ERROR,"403 Forbidden: {
  ""error"": {
    ""title"": ""Forbidden"",
    ""message"": ""You do not have access to this page. Please contact the account owner of this help desk for further help.""
  }
}
"
9594,ERROR,"403 Forbidden: {
  ""error"": {
    ""title"": ""Forbidden"",
    ""message"": ""You do not have access to this page. Please contact the account owner of this help desk for further help.""
  }
}
"
9601,ERROR,"403 Forbidden: {
  ""error"": {
    ""title"": ""Forbidden"",
    ""message"": ""You do not have access to this page. Please contact the account owner of this help desk for further help.""
  }
}
"
9542,ERROR,"403 Forbidden: {
  ""error"": {
    ""title"": ""Forbidden"",
    ""message"": ""You do not have access to this page. Please contact the account owner of this help desk for further help.""
  }
}
"
8824,ERROR,"403 Forbidden: {
  ""error"": {
    ""title"": ""Forbidden"",
    ""message"": ""You do not have access to this page. Please contact the account owner of this help desk for further help.""
  }
}
"
9645,ERROR,"403 Forbidden: {
  ""error"": {
    ""title"": ""Forbidden"",
    ""message"": ""You do not have access to this page. Please contact the account owner of this help desk for further help.""
  }
}
"
9648,ERROR,"403 Forbidden: {
  ""error"": {
    ""title"": ""Forbidden"",
    ""message"": ""You do not have access to this page. Please contact the account owner of this help desk for further help.""
  }
}
"
9655,ERROR,"403 Forbidden: {
  ""error"": {
    ""title"": ""Forbidden"",
    ""message"": ""You do not have access to this page. Please contact the account owner of this help desk for further help.""
  }
}
"
9577,ERROR,"403 Forbidden: {
  ""error"": {
    ""title"": ""Forbidden"",
    ""message"": ""You do not have access to this page. Please contact the account owner of this help desk for further help.""
  }
}
"
9533,ERROR,"403 Forbidden: {
  ""error"": {
    ""title"": ""Forbidden"",
    ""message"": ""You do not have access to this page. Please contact the account owner of this help desk for further help.""
  }
}
"
9667,ERROR,"403 Forbidden: {
  ""error"": {
    ""title"": ""Forbidden"",
    ""message"": ""You do not have access to this page. Please contact the account owner of this help desk for further help.""
  }
}
"
9635,ERROR,"403 Forbidden: {
  ""error"": {
    ""title"": ""Forbidden"",
    ""message"": ""You do not have access to this page. Please contact the account owner of this help desk for further help.""
  }
}
"
9674,ERROR,"403 Forbidden: {
  ""error"": {
    ""title"": ""Forbidden"",
    ""message"": ""You do not have access to this page. Please contact the account owner of this help desk for further help.""
  }
}
"
9683,ERROR,"403 Forbidden: {
  ""error"": {
    ""title"": ""Forbidden"",
    ""message"": ""You do not have access to this page. Please contact the account owner of this help desk for further help.""
  }
}
"
9704,ERROR,"403 Forbidden: {
  ""error"": {
    ""title"": ""Forbidden"",
    ""message"": ""You do not have access to this page. Please contact the account owner of this help desk for further help.""
  }
}
"
9714,ERROR,"403 Forbidden: {
  ""error"": {
    ""title"": ""Forbidden"",
    ""message"": ""You do not have access to this page. Please contact the account owner of this help desk for further help.""
  }
}
"
9712,ERROR,"403 Forbidden: {
  ""error"": {
    ""title"": ""Forbidden"",
    ""message"": ""You do not have access to this page. Please contact the account owner of this help desk for further help.""
  }
}
"
9720,ERROR,"403 Forbidden: {
  ""error"": {
    ""title"": ""Forbidden"",
    ""message"": ""You do not have access to this page. Please contact the account owner of this help desk for further help.""
  }
}
"
9722,ERROR,"403 Forbidden: {
  ""error"": {
    ""title"": ""Forbidden"",
    ""message"": ""You do not have access to this page. Please contact the account owner of this help desk for further help.""
  }
}
"
9726,ERROR,"403 Forbidden: {
  ""error"": {
    ""title"": ""Forbidden"",
    ""message"": ""You do not have access to this page. Please contact the account owner of this help desk for further help.""
  }
}
"
9753,ERROR,"403 Forbidden: {
  ""error"": {
    ""title"": ""Forbidden"",
    ""message"": ""You do not have access to this page. Please contact the account owner of this help desk for further help.""
  }
}
"
9758,ERROR,"403 Forbidden: {
  ""error"": {
    ""title"": ""Forbidden"",
    ""message"": ""You do not have access to this page. Please contact the account owner of this help desk for further help.""
  }
}
"
9731,ERROR,"403 Forbidden: {
  ""error"": {
    ""title"": ""Forbidden"",
    ""message"": ""You do not have access to this page. Please contact the account owner of this help desk for further help.""
  }
}
"
9790,ERROR,"403 Forbidden: {
  ""error"": {
    ""title"": ""Forbidden"",
    ""message"": ""You do not have access to this page. Please contact the account owner of this help desk for further help.""
  }
}
"
9789,ERROR,"403 Forbidden: {
  ""error"": {
    ""title"": ""Forbidden"",
    ""message"": ""You do not have access to this page. Please contact the account owner of this help desk for further help.""
  }
}
"
9793,ERROR,"403 Forbidden: {
  ""error"": {
    ""title"": ""Forbidden"",
    ""message"": ""You do not have access to this page. Please contact the account owner of this help desk for further help.""
  }
}
"
9694,ERROR,"403 Forbidden: {
  ""error"": {
    ""title"": ""Forbidden"",
    ""message"": ""You do not have access to this page. Please contact the account owner of this help desk for further help.""
  }
}
"
9806,ERROR,"403 Forbidden: {
  ""error"": {
    ""title"": ""Forbidden"",
    ""message"": ""You do not have access to this page. Please contact the account owner of this help desk for further help.""
  }
}
"
9810,ERROR,"403 Forbidden: {
  ""error"": {
    ""title"": ""Forbidden"",
    ""message"": ""You do not have access to this page. Please contact the account owner of this help desk for further help.""
  }
}
"
9813,ERROR,"403 Forbidden: {
  ""error"": {
    ""title"": ""Forbidden"",
    ""message"": ""You do not have access to this page. Please contact the account owner of this help desk for further help.""
  }
}
"
9754,ERROR,"403 Forbidden: {
  ""error"": {
    ""title"": ""Forbidden"",
    ""message"": ""You do not have access to this page. Please contact the account owner of this help desk for further help.""
  }
}
"
9819,ERROR,"403 Forbidden: {
  ""error"": {
    ""title"": ""Forbidden"",
    ""message"": ""You do not have access to this page. Please contact the account owner of this help desk for further help.""
  }
}
"
9835,ERROR,"403 Forbidden: {
  ""error"": {
    ""title"": ""Forbidden"",
    ""message"": ""You do not have access to this page. Please contact the account owner of this help desk for further help.""
  }
}
"
9784,ERROR,"403 Forbidden: {
  ""error"": {
    ""title"": ""Forbidden"",
    ""message"": ""You do not have access to this page. Please contact the account owner of this help desk for further help.""
  }
}
"
9833,ERROR,"403 Forbidden: {
  ""error"": {
    ""title"": ""Forbidden"",
    ""message"": ""You do not have access to this page. Please contact the account owner of this help desk for further help.""
  }
}
"
9867,ERROR,"403 Forbidden: {
  ""error"": {
    ""title"": ""Forbidden"",
    ""message"": ""You do not have access to this page. Please contact the account owner of this help desk for further help.""
  }
}
"
9852,ERROR,"403 Forbidden: {
  ""error"": {
    ""title"": ""Forbidden"",
    ""message"": ""You do not have access to this page. Please contact the account owner of this help desk for further help.""
  }
}
"
9858,ERROR,"403 Forbidden: {
  ""error"": {
    ""title"": ""Forbidden"",
    ""message"": ""You do not have access to this page. Please contact the account owner of this help desk for further help.""
  }
}
"
9855,ERROR,"403 Forbidden: {
  ""error"": {
    ""title"": ""Forbidden"",
    ""message"": ""You do not have access to this page. Please contact the account owner of this help desk for further help.""
  }
}
"
9429,ERROR,"403 Forbidden: {
  ""error"": {
    ""title"": ""Forbidden"",
    ""message"": ""You do not have access to this page. Please contact the account owner of this help desk for further help.""
  }
}
"
9859,ERROR,"403 Forbidden: {
  ""error"": {
    ""title"": ""Forbidden"",
    ""message"": ""You do not have access to this page. Please contact the account owner of this help desk for further help.""
  }
}
"
9864,ERROR,"403 Forbidden: {
  ""error"": {
    ""title"": ""Forbidden"",
    ""message"": ""You do not have access to this page. Please contact the account owner of this help desk for further help.""
  }
}
"
9883,ERROR,"403 Forbidden: {
  ""error"": {
    ""title"": ""Forbidden"",
    ""message"": ""You do not have access to this page. Please contact the account owner of this help desk for further help.""
  }
}
"
9884,ERROR,"403 Forbidden: {
  ""error"": {
    ""title"": ""Forbidden"",
    ""message"": ""You do not have access to this page. Please contact the account owner of this help desk for further help.""
  }
}
"
9882,ERROR,"403 Forbidden: {
  ""error"": {
    ""title"": ""Forbidden"",
    ""message"": ""You do not have access to this page. Please contact the account owner of this help desk for further help.""
  }
}
"
9866,ERROR,"403 Forbidden: {
  ""error"": {
    ""title"": ""Forbidden"",
    ""message"": ""You do not have access to this page. Please contact the account owner of this help desk for further help.""
  }
}
"
9888,ERROR,"403 Forbidden: {
  ""error"": {
    ""title"": ""Forbidden"",
    ""message"": ""You do not have access to this page. Please contact the account owner of this help desk for further help.""
  }
}
"
9871,ERROR,"403 Forbidden: {
  ""error"": {
    ""title"": ""Forbidden"",
    ""message"": ""You do not have access to this page. Please contact the account owner of this help desk for further help.""
  }
}
"
9894,ERROR,"403 Forbidden: {
  ""error"": {
    ""title"": ""Forbidden"",
    ""message"": ""You do not have access to this page. Please contact the account owner of this help desk for further help.""
  }
}
"
9901,ERROR,"403 Forbidden: {
  ""error"": {
    ""title"": ""Forbidden"",
    ""message"": ""You do not have access to this page. Please contact the account owner of this help desk for further help.""
  }
}
"
9911,ERROR,"403 Forbidden: {
  ""error"": {
    ""title"": ""Forbidden"",
    ""message"": ""You do not have access to this page. Please contact the account owner of this help desk for further help.""
  }
}
"
9913,ERROR,"403 Forbidden: {
  ""error"": {
    ""title"": ""Forbidden"",
    ""message"": ""You do not have access to this page. Please contact the account owner of this help desk for further help.""
  }
}
"
9898,ERROR,"403 Forbidden: {
  ""error"": {
    ""title"": ""Forbidden"",
    ""message"": ""You do not have access to this page. Please contact the account owner of this help desk for further help.""
  }
}
"
9923,ERROR,"403 Forbidden: {
  ""error"": {
    ""title"": ""Forbidden"",
    ""message"": ""You do not have access to this page. Please contact the account owner of this help desk for further help.""
  }
}
"
9924,ERROR,"403 Forbidden: {
  ""error"": {
    ""title"": ""Forbidden"",
    ""message"": ""You do not have access to this page. Please contact the account owner of this help desk for further help.""
  }
}
"
9926,ERROR,"403 Forbidden: {
  ""error"": {
    ""title"": ""Forbidden"",
    ""message"": ""You do not have access to this page. Please contact the account owner of this help desk for further help.""
  }
}
"
9934,ERROR,"403 Forbidden: {
  ""error"": {
    ""title"": ""Forbidden"",
    ""message"": ""You do not have access to this page. Please contact the account owner of this help desk for further help.""
  }
}
"
9919,ERROR,"403 Forbidden: {
  ""error"": {
    ""title"": ""Forbidden"",
    ""message"": ""You do not have access to this page. Please contact the account owner of this help desk for further help.""
  }
}
"
9947,ERROR,"403 Forbidden: {
  ""error"": {
    ""title"": ""Forbidden"",
    ""message"": ""You do not have access to this page. Please contact the account owner of this help desk for further help.""
  }
}
"
9938,ERROR,"403 Forbidden: {
  ""error"": {
    ""title"": ""Forbidden"",
    ""message"": ""You do not have access to this page. Please contact the account owner of this help desk for further help.""
  }
}
"
9916,ERROR,"403 Forbidden: {
  ""error"": {
    ""title"": ""Forbidden"",
    ""message"": ""You do not have access to this page. Please contact the account owner of this help desk for further help.""
  }
}
"
9971,ERROR,"403 Forbidden: {
  ""error"": {
    ""title"": ""Forbidden"",
    ""message"": ""You do not have access to this page. Please contact the account owner of this help desk for further help.""
  }
}
"
9825,ERROR,"403 Forbidden: {
  ""error"": {
    ""title"": ""Forbidden"",
    ""message"": ""You do not have access to this page. Please contact the account owner of this help desk for further help.""
  }
}
"
9967,ERROR,"403 Forbidden: {
  ""error"": {
    ""title"": ""Forbidden"",
    ""message"": ""You do not have access to this page. Please contact the account owner of this help desk for further help.""
  }
}
"
9951,ERROR,"403 Forbidden: {
  ""error"": {
    ""title"": ""Forbidden"",
    ""message"": ""You do not have access to this page. Please contact the account owner of this help desk for further help.""
  }
}
"
9984,ERROR,"403 Forbidden: {
  ""error"": {
    ""title"": ""Forbidden"",
    ""message"": ""You do not have access to this page. Please contact the account owner of this help desk for further help.""
  }
}
"
9826,ERROR,"403 Forbidden: {
  ""error"": {
    ""title"": ""Forbidden"",
    ""message"": ""You do not have access to this page. Please contact the account owner of this help desk for further help.""
  }
}
"
9988,ERROR,"403 Forbidden: {
  ""error"": {
    ""title"": ""Forbidden"",
    ""message"": ""You do not have access to this page. Please contact the account owner of this help desk for further help.""
  }
}
"
9997,ERROR,"403 Forbidden: {
  ""error"": {
    ""title"": ""Forbidden"",
    ""message"": ""You do not have access to this page. Please contact the account owner of this help desk for further help.""
  }
}
"
9945,ERROR,"403 Forbidden: {
  ""error"": {
    ""title"": ""Forbidden"",
    ""message"": ""You do not have access to this page. Please contact the account owner of this help desk for further help.""
  }
}
"
9969,ERROR,"403 Forbidden: {
  ""error"": {
    ""title"": ""Forbidden"",
    ""message"": ""You do not have access to this page. Please contact the account owner of this help desk for further help.""
  }
}
"
9937,ERROR,"403 Forbidden: {
  ""error"": {
    ""title"": ""Forbidden"",
    ""message"": ""You do not have access to this page. Please contact the account owner of this help desk for further help.""
  }
}
"
10011,ERROR,"403 Forbidden: {
  ""error"": {
    ""title"": ""Forbidden"",
    ""message"": ""You do not have access to this page. Please contact the account owner of this help desk for further help.""
  }
}
"
10029,ERROR,"403 Forbidden: {
  ""error"": {
    ""title"": ""Forbidden"",
    ""message"": ""You do not have access to this page. Please contact the account owner of this help desk for further help.""
  }
}
"
9955,ERROR,"403 Forbidden: {
  ""error"": {
    ""title"": ""Forbidden"",
    ""message"": ""You do not have access to this page. Please contact the account owner of this help desk for further help.""
  }
}
"
10020,ERROR,"403 Forbidden: {
  ""error"": {
    ""title"": ""Forbidden"",
    ""message"": ""You do not have access to this page. Please contact the account owner of this help desk for further help.""
  }
}
"
10019,ERROR,"403 Forbidden: {
  ""error"": {
    ""title"": ""Forbidden"",
    ""message"": ""You do not have access to this page. Please contact the account owner of this help desk for further help.""
  }
}
"
10024,ERROR,"403 Forbidden: {
  ""error"": {
    ""title"": ""Forbidden"",
    ""message"": ""You do not have access to this page. Please contact the account owner of this help desk for further help.""
  }
}
"
9994,ERROR,"403 Forbidden: {
  ""error"": {
    ""title"": ""Forbidden"",
    ""message"": ""You do not have access to this page. Please contact the account owner of this help desk for further help.""
  }
}
"
10036,ERROR,"403 Forbidden: {
  ""error"": {
    ""title"": ""Forbidden"",
    ""message"": ""You do not have access to this page. Please contact the account owner of this help desk for further help.""
  }
}
"
9526,ERROR,"403 Forbidden: {
  ""error"": {
    ""title"": ""Forbidden"",
    ""message"": ""You do not have access to this page. Please contact the account owner of this help desk for further help.""
  }
}
"
10043,ERROR,"403 Forbidden: {
  ""error"": {
    ""title"": ""Forbidden"",
    ""message"": ""You do not have access to this page. Please contact the account owner of this help desk for further help.""
  }
}
"
10042,ERROR,"403 Forbidden: {
  ""error"": {
    ""title"": ""Forbidden"",
    ""message"": ""You do not have access to this page. Please contact the account owner of this help desk for further help.""
  }
}
"
10046,ERROR,"403 Forbidden: {
  ""error"": {
    ""title"": ""Forbidden"",
    ""message"": ""You do not have access to this page. Please contact the account owner of this help desk for further help.""
  }
}
"
10045,ERROR,"403 Forbidden: {
  ""error"": {
    ""title"": ""Forbidden"",
    ""message"": ""You do not have access to this page. Please contact the account owner of this help desk for further help.""
  }
}
"
10081,ERROR,"403 Forbidden: {
  ""error"": {
    ""title"": ""Forbidden"",
    ""message"": ""You do not have access to this page. Please contact the account owner of this help desk for further help.""
  }
}
"
10086,ERROR,"403 Forbidden: {
  ""error"": {
    ""title"": ""Forbidden"",
    ""message"": ""You do not have access to this page. Please contact the account owner of this help desk for further help.""
  }
}
"
10100,ERROR,"403 Forbidden: {
  ""error"": {
    ""title"": ""Forbidden"",
    ""message"": ""You do not have access to this page. Please contact the account owner of this help desk for further help.""
  }
}
"
10109,ERROR,"403 Forbidden: {
  ""error"": {
    ""title"": ""Forbidden"",
    ""message"": ""You do not have access to this page. Please contact the account owner of this help desk for further help.""
  }
}
"
10118,ERROR,"403 Forbidden: {
  ""error"": {
    ""title"": ""Forbidden"",
    ""message"": ""You do not have access to this page. Please contact the account owner of this help desk for further help.""
  }
}
"
10134,ERROR,"403 Forbidden: {
  ""error"": {
    ""title"": ""Forbidden"",
    ""message"": ""You do not have access to this page. Please contact the account owner of this help desk for further help.""
  }
}
"
10140,ERROR,"403 Forbidden: {
  ""error"": {
    ""title"": ""Forbidden"",
    ""message"": ""You do not have access to this page. Please contact the account owner of this help desk for further help.""
  }
}
"
10148,ERROR,"403 Forbidden: {
  ""error"": {
    ""title"": ""Forbidden"",
    ""message"": ""You do not have access to this page. Please contact the account owner of this help desk for further help.""
  }
}
"
10150,ERROR,"403 Forbidden: {
  ""error"": {
    ""title"": ""Forbidden"",
    ""message"": ""You do not have access to this page. Please contact the account owner of this help desk for further help.""
  }
}
"
10093,ERROR,"403 Forbidden: {
  ""error"": {
    ""title"": ""Forbidden"",
    ""message"": ""You do not have access to this page. Please contact the account owner of this help desk for further help.""
  }
}
"
10164,ERROR,"403 Forbidden: {
  ""error"": {
    ""title"": ""Forbidden"",
    ""message"": ""You do not have access to this page. Please contact the account owner of this help desk for further help.""
  }
}
"
10172,ERROR,"403 Forbidden: {
  ""error"": {
    ""title"": ""Forbidden"",
    ""message"": ""You do not have access to this page. Please contact the account owner of this help desk for further help.""
  }
}
"
10131,ERROR,"403 Forbidden: {
  ""error"": {
    ""title"": ""Forbidden"",
    ""message"": ""You do not have access to this page. Please contact the account owner of this help desk for further help.""
  }
}
"
10083,ERROR,"403 Forbidden: {
  ""error"": {
    ""title"": ""Forbidden"",
    ""message"": ""You do not have access to this page. Please contact the account owner of this help desk for further help.""
  }
}
"
10062,ERROR,"403 Forbidden: {
  ""error"": {
    ""title"": ""Forbidden"",
    ""message"": ""You do not have access to this page. Please contact the account owner of this help desk for further help.""
  }
}
"
10146,ERROR,"403 Forbidden: {
  ""error"": {
    ""title"": ""Forbidden"",
    ""message"": ""You do not have access to this page. Please contact the account owner of this help desk for further help.""
  }
}
"
10197,ERROR,"403 Forbidden: {
  ""error"": {
    ""title"": ""Forbidden"",
    ""message"": ""You do not have access to this page. Please contact the account owner of this help desk for further help.""
  }
}
"
10204,ERROR,"403 Forbidden: {
  ""error"": {
    ""title"": ""Forbidden"",
    ""message"": ""You do not have access to this page. Please contact the account owner of this help desk for further help.""
  }
}
"
10220,ERROR,"403 Forbidden: {
  ""error"": {
    ""title"": ""Forbidden"",
    ""message"": ""You do not have access to this page. Please contact the account owner of this help desk for further help.""
  }
}
"
10054,ERROR,"403 Forbidden: {
  ""error"": {
    ""title"": ""Forbidden"",
    ""message"": ""You do not have access to this page. Please contact the account owner of this help desk for further help.""
  }
}
"
10227,ERROR,"403 Forbidden: {
  ""error"": {
    ""title"": ""Forbidden"",
    ""message"": ""You do not have access to this page. Please contact the account owner of this help desk for further help.""
  }
}
"