equipment_key,equipment_uuid,internal_id,client_key,equipment_type,source_system,updated_at
FIELDBEAT_EQUIPMENT|21db9a96-4135-450c-a056-099bcfb0112d|APOTECA-CHEMO,21db9a96-4135-450c-a056-099bcfb0112d,APOTECA-CHEMO,FIELD_BEAT_CLIENT|70377400-8|FUNDACION ARTURO LOPEZ PEREZ,,FIELDBEAT,2026-08-06T15:18:59.172Z
FIELDBEAT_EQUIPMENT|acd8e7d8-3050-473b-a516-a10d9f0f66ec|Linac-153935,acd8e7d8-3050-473b-a516-a10d9f0f66ec,Linac-153935,FIELD_BEAT_CLIENT|81.698.900-0|UC CHRISTUS - CECA,LINAC,FIELDBEAT,2026-08-06T15:18:59.172Z
FIELDBEAT_EQUIPMENT|8569b998-f5a4-405d-8bcb-2fd208570906|LINAC-153038,8569b998-f5a4-405d-8bcb-2fd208570906,LINAC-153038,FIELD_BEAT_CLIENT|70377400-8|FUNDACION ARTURO LOPEZ PEREZ,LINAC,FIELDBEAT,2026-08-06T15:18:59.172Z
FIELDBEAT_EQUIPMENT|99471dac-02f2-4be3-b6cd-0ca2f0f1d383|APOTECA-PS,99471dac-02f2-4be3-b6cd-0ca2f0f1d383,APOTECA-PS,FIELD_BEAT_CLIENT|70377400-8|FUNDACION ARTURO LOPEZ PEREZ,,FIELDBEAT,2026-08-06T15:18:59.172Z
FIELDBEAT_EQUIPMENT|dc36d94e-e0b1-470d-9000-bc8566f22d87|Linac-201110,dc36d94e-e0b1-470d-9000-bc8566f22d87,Linac-201110,FIELD_BEAT_CLIENT|76.746.730-3|CLÍNICA SANATORIO ALEMÁN (ONCORAD),LINAC,FIELDBEAT,2026-08-06T15:18:59.172Z
FIELDBEAT_EQUIPMENT||153038,,153038,FIELD_BEAT_CLIENT|61.606.500-9|ACME,,FIELDBEAT,2026-08-06T15:18:59.172Z
FIELDBEAT_EQUIPMENT|a42edbe1-2603-4ba4-b22f-35b213087dc1|Linac-154325,a42edbe1-2603-4ba4-b22f-35b213087dc1,Linac-154325,FIELD_BEAT_CLIENT|61.606.500-9|HOSPITAL CARLOS VAN BUREN (SSVSA),LINAC,FIELDBEAT,2026-08-06T15:18:59.172Z
FIELDBEAT_EQUIPMENT|733e2e48-14b8-404a-bba4-9a7bab024c64|153038,733e2e48-14b8-404a-bba4-9a7bab024c64,153038,FIELD_BEAT_CLIENT|61.606.500-9|ACME,,FIELDBEAT,2026-08-06T15:18:59.172Z
FIELDBEAT_EQUIPMENT|db404b6d-d8df-4035-a2fc-0c17c30cee82|Linac-105277,db404b6d-d8df-4035-a2fc-0c17c30cee82,Linac-105277,FIELD_BEAT_CLIENT|76.105.383-3|TORRE MÉDICA - RANCAGUA,LINAC,FIELDBEAT,2026-08-06T15:18:59.172Z
FIELDBEAT_EQUIPMENT||Linac-153038,,Linac-153038,FIELD_BEAT_CLIENT||FUNDACION ARTURO LOPEZ PEREZ,LINAC,FIELDBEAT,2026-08-06T15:18:59.172Z
FIELDBEAT_EQUIPMENT|dbe9605b-e77d-48dc-b6bf-412f8857866e|2286,dbe9605b-e77d-48dc-b6bf-412f8857866e,2286,FIELD_BEAT_CLIENT|76.089.058-8|EYG MEDICAL SYSTEMS LTDA.,,FIELDBEAT,2026-08-06T15:18:59.172Z
FIELDBEAT_EQUIPMENT|565f60ac-7261-446e-a9bd-fbbaf0b78493|Linac-151673,565f60ac-7261-446e-a9bd-fbbaf0b78493,Linac-151673,FIELD_BEAT_CLIENT|96.770.100-9|CLINICA ALEMANA DE SANTIAGO,LINAC,FIELDBEAT,2026-08-06T15:18:59.172Z
FIELDBEAT_EQUIPMENT|8aedc5fd-0ea3-46ad-997c-25716de85bf8|Linac-201073,8aedc5fd-0ea3-46ad-997c-25716de85bf8,Linac-201073,FIELD_BEAT_CLIENT|96.606.750-0|CLÍNICA ALEMANA DE TEMUCO,LINAC,FIELDBEAT,2026-08-06T15:18:59.172Z
FIELDBEAT_EQUIPMENT||TPS-HCVB,,TPS-HCVB,FIELD_BEAT_CLIENT||HOSPITAL CARLOS VAN BUREN (SSVSA),,FIELDBEAT,2026-08-06T15:18:59.172Z
FIELDBEAT_EQUIPMENT|79344240-59be-4d93-a69a-0f5618066558|Linac-201172,79344240-59be-4d93-a69a-0f5618066558,Linac-201172,FIELD_BEAT_CLIENT|96.757.430-9|INRAD,LINAC,FIELDBEAT,2026-08-06T15:18:59.172Z
FIELDBEAT_EQUIPMENT||Linac-152171,,Linac-152171,FIELD_BEAT_CLIENT||CLINICA ALEMANA DE SANTIAGO,LINAC,FIELDBEAT,2026-08-06T15:18:59.172Z
FIELDBEAT_EQUIPMENT||TPS-FALP,,TPS-FALP,FIELD_BEAT_CLIENT|70377400-8|FUNDACION ARTURO LOPEZ PEREZ,,FIELDBEAT,2026-08-06T15:18:59.172Z
FIELDBEAT_EQUIPMENT||LIAC-FALP,,LIAC-FALP,FIELD_BEAT_CLIENT|70377400-8|FUNDACION ARTURO LOPEZ PEREZ,,FIELDBEAT,2026-08-06T15:18:59.172Z
FIELDBEAT_EQUIPMENT|c67ffc1d-0363-43ac-b80c-43911a8b53eb|Linac-152280,c67ffc1d-0363-43ac-b80c-43911a8b53eb,Linac-152280,FIELD_BEAT_CLIENT|61.607.901-8|SERVICIO DE SALUD DE MAGALLANES,LINAC,FIELDBEAT,2026-08-06T15:18:59.172Z
FIELDBEAT_EQUIPMENT|4ceb1f88-b175-4aad-9e6a-7f673aa237e4|TPS-HCVB,4ceb1f88-b175-4aad-9e6a-7f673aa237e4,TPS-HCVB,FIELD_BEAT_CLIENT|61.606.500-9|HOSPITAL CARLOS VAN BUREN (SSVSA),,FIELDBEAT,2026-08-06T15:18:59.172Z
FIELDBEAT_EQUIPMENT|0f2acfc5-d1ed-486c-a5dd-70b423158057|Linac-152171,0f2acfc5-d1ed-486c-a5dd-70b423158057,Linac-152171,FIELD_BEAT_CLIENT|96.770.100-9|CLINICA ALEMANA DE SANTIAGO,LINAC,FIELDBEAT,2026-08-06T15:18:59.172Z
FIELDBEAT_EQUIPMENT||OIS-FALP,,OIS-FALP,FIELD_BEAT_CLIENT|70377400-8|FUNDACION ARTURO LOPEZ PEREZ,,FIELDBEAT,2026-08-06T15:18:59.172Z
FIELDBEAT_EQUIPMENT|45f0341d-0583-44f2-85e9-19a9a09905dc|PANASONIC-ISP,45f0341d-0583-44f2-85e9-19a9a09905dc,PANASONIC-ISP,FIELD_BEAT_CLIENT|61.605.000-1|INSTITUTO DE SALUD PUBLICA (ISP),,FIELDBEAT,2026-08-06T15:18:59.172Z
FIELDBEAT_EQUIPMENT||Linac-151673,,Linac-151673,FIELD_BEAT_CLIENT||CLINICA ALEMANA DE SANTIAGO,LINAC,FIELDBEAT,2026-08-06T15:18:59.172Z
FIELDBEAT_EQUIPMENT|6b1c91f9-0f80-4ea2-937e-2f2c3cbe3387|OIS-HCVB,6b1c91f9-0f80-4ea2-937e-2f2c3cbe3387,OIS-HCVB,FIELD_BEAT_CLIENT|61.606.500-9|HOSPITAL CARLOS VAN BUREN (SSVSA),,FIELDBEAT,2026-08-06T15:18:59.172Z
FIELDBEAT_EQUIPMENT|3e5f26be-284b-4a99-a5b4-21dbef17daa0|Linac-151238,3e5f26be-284b-4a99-a5b4-21dbef17daa0,Linac-151238,FIELD_BEAT_CLIENT|79.560.900-8|RADIO NUCLEAR,LINAC,FIELDBEAT,2026-08-06T15:18:59.172Z
FIELDBEAT_EQUIPMENT|e574006d-2657-4c2b-9ccf-99c578b6b909|HDR_10806,e574006d-2657-4c2b-9ccf-99c578b6b909,HDR_10806,FIELD_BEAT_CLIENT|76.746.730-3|CLÍNICA SANATORIO ALEMÁN (ONCORAD),,FIELDBEAT,2026-08-06T15:18:59.172Z
FIELDBEAT_EQUIPMENT||Linac-152280,,Linac-152280,FIELD_BEAT_CLIENT||SERVICIO DE SALUD DE MAGALLANES,LINAC,FIELDBEAT,2026-08-06T15:18:59.172Z
FIELDBEAT_EQUIPMENT||Linac-154325,,Linac-154325,FIELD_BEAT_CLIENT||HOSPITAL CARLOS VAN BUREN (SSVSA),LINAC,FIELDBEAT,2026-08-06T15:18:59.172Z
FIELDBEAT_EQUIPMENT|9870f78c-2ead-468b-bef5-882180a5b706|SIM-HCM,9870f78c-2ead-468b-bef5-882180a5b706,SIM-HCM,FIELD_BEAT_CLIENT|61.607.901-8|SERVICIO DE SALUD DE MAGALLANES,,FIELDBEAT,2026-08-06T15:18:59.172Z
FIELDBEAT_EQUIPMENT||Linac-153935,,Linac-153935,FIELD_BEAT_CLIENT||UC CHRISTUS - CECA,LINAC,FIELDBEAT,2026-08-06T15:18:59.172Z
FIELDBEAT_EQUIPMENT||OIS-HCVB,,OIS-HCVB,FIELD_BEAT_CLIENT||HOSPITAL CARLOS VAN BUREN (SSVSA),,FIELDBEAT,2026-08-06T15:18:59.172Z
FIELDBEAT_EQUIPMENT||TPS-INRAD,,TPS-INRAD,FIELD_BEAT_CLIENT||INRAD,,FIELDBEAT,2026-08-06T15:18:59.172Z
FIELDBEAT_EQUIPMENT|4e69f507-9eb6-40da-babe-3ef68a3a7656|TPS-UC,4e69f507-9eb6-40da-babe-3ef68a3a7656,TPS-UC,FIELD_BEAT_CLIENT|81.698.900-0|UC CHRISTUS - CECA,,FIELDBEAT,2026-08-06T15:18:59.172Z
FIELDBEAT_EQUIPMENT|0d5d3c9c-1b27-44ee-b82c-5e41bc11dfa3|OIS-ONCORAD,0d5d3c9c-1b27-44ee-b82c-5e41bc11dfa3,OIS-ONCORAD,FIELD_BEAT_CLIENT|76.746.730-3|CLÍNICA SANATORIO ALEMÁN (ONCORAD),,FIELDBEAT,2026-08-06T15:18:59.172Z
FIELDBEAT_EQUIPMENT|24174a40-8e5e-4df7-9bfa-61b92b89337e|TPS-CAS,24174a40-8e5e-4df7-9bfa-61b92b89337e,TPS-CAS,FIELD_BEAT_CLIENT|96.770.100-9|CLINICA ALEMANA DE SANTIAGO,,FIELDBEAT,2026-08-06T15:18:59.172Z
FIELDBEAT_EQUIPMENT||APOTECA-CHEMO,,APOTECA-CHEMO,FIELD_BEAT_CLIENT|70377400-8|FUNDACION ARTURO LOPEZ PEREZ,,FIELDBEAT,2026-08-06T15:18:59.172Z
FIELDBEAT_EQUIPMENT||Linac-201172,,Linac-201172,FIELD_BEAT_CLIENT|96.757.430-9|INRAD,LINAC,FIELDBEAT,2026-08-06T15:18:59.172Z
FIELDBEAT_EQUIPMENT||OIS-CAS,,OIS-CAS,FIELD_BEAT_CLIENT||CLINICA ALEMANA DE SANTIAGO,,FIELDBEAT,2026-08-06T15:18:59.172Z
FIELDBEAT_EQUIPMENT||OIS-INRAD,,OIS-INRAD,FIELD_BEAT_CLIENT|96.757.430-9|INRAD,,FIELDBEAT,2026-08-06T15:18:59.172Z
FIELDBEAT_EQUIPMENT|bf9cbaae-e273-4fde-86df-5e062cdacc1a|TPS-FALP,bf9cbaae-e273-4fde-86df-5e062cdacc1a,TPS-FALP,FIELD_BEAT_CLIENT|70377400-8|FUNDACION ARTURO LOPEZ PEREZ,,FIELDBEAT,2026-08-06T15:18:59.172Z
FIELDBEAT_EQUIPMENT|aaa26f80-9a9c-4479-bf2d-d41f404d5847|LAP-Laser_HRT,aaa26f80-9a9c-4479-bf2d-d41f404d5847,LAP-Laser_HRT,FIELD_BEAT_CLIENT|61.606.901-2|HOSPITAL REGIONAL DE TALCA,,FIELDBEAT,2026-08-06T15:18:59.172Z
FIELDBEAT_EQUIPMENT||LAP-Laser_HRT,,LAP-Laser_HRT,FIELD_BEAT_CLIENT||HOSPITAL REGIONAL DE TALCA,,FIELDBEAT,2026-08-06T15:18:59.172Z
FIELDBEAT_EQUIPMENT||TPS-CAS,,TPS-CAS,FIELD_BEAT_CLIENT||CLINICA ALEMANA DE SANTIAGO,,FIELDBEAT,2026-08-06T15:18:59.172Z
FIELDBEAT_EQUIPMENT|4154b9b9-d33b-422b-a2bc-59978cefe5ed|HDR-FT00056,4154b9b9-d33b-422b-a2bc-59978cefe5ed,HDR-FT00056,FIELD_BEAT_CLIENT|96.757.430-9|INRAD,,FIELDBEAT,2026-08-06T15:18:59.172Z
FIELDBEAT_EQUIPMENT|f5dce296-2510-4bcf-8fc8-01c1ece7268e|LIAC-FALP,f5dce296-2510-4bcf-8fc8-01c1ece7268e,LIAC-FALP,FIELD_BEAT_CLIENT|70377400-8|FUNDACION ARTURO LOPEZ PEREZ,,FIELDBEAT,2026-08-06T15:18:59.172Z
FIELDBEAT_EQUIPMENT||Linac-201110,,Linac-201110,FIELD_BEAT_CLIENT||CLÍNICA SANATORIO ALEMÁN (ONCORAD),LINAC,FIELDBEAT,2026-08-06T15:18:59.172Z
FIELDBEAT_EQUIPMENT||TPS-ONCORAD,,TPS-ONCORAD,FIELD_BEAT_CLIENT||CLÍNICA SANATORIO ALEMÁN (ONCORAD),,FIELDBEAT,2026-08-06T15:18:59.172Z
FIELDBEAT_EQUIPMENT|56ed4812-6a78-4da3-8aa7-5c55abed868e|OIS-FALP,56ed4812-6a78-4da3-8aa7-5c55abed868e,OIS-FALP,FIELD_BEAT_CLIENT|70377400-8|FUNDACION ARTURO LOPEZ PEREZ,,FIELDBEAT,2026-08-06T15:18:59.172Z
FIELDBEAT_EQUIPMENT|69e1cd08-9b45-4a60-9f67-0e3b9ad45c4e|LAP-Dorado_C01,69e1cd08-9b45-4a60-9f67-0e3b9ad45c4e,LAP-Dorado_C01,FIELD_BEAT_CLIENT|70377400-8|FUNDACION ARTURO LOPEZ PEREZ,,FIELDBEAT,2026-08-06T15:18:59.172Z
FIELDBEAT_EQUIPMENT|28f051f1-9b4c-44d2-907b-3c4eb46280c7|HDR-FT07026,28f051f1-9b4c-44d2-907b-3c4eb46280c7,HDR-FT07026,FIELD_BEAT_CLIENT|70377400-8|FUNDACION ARTURO LOPEZ PEREZ,,FIELDBEAT,2026-08-06T15:18:59.172Z
FIELDBEAT_EQUIPMENT|c6454d79-5d62-4b29-9320-d1f8bcf38345|OIS-UC,c6454d79-5d62-4b29-9320-d1f8bcf38345,OIS-UC,FIELD_BEAT_CLIENT|81.698.900-0|UC CHRISTUS - CECA,,FIELDBEAT,2026-08-06T15:18:59.172Z
FIELDBEAT_EQUIPMENT|d6005c44-e53f-47b8-9b59-bf6026a355fa|LAP-LASER-HCVB,d6005c44-e53f-47b8-9b59-bf6026a355fa,LAP-LASER-HCVB,FIELD_BEAT_CLIENT|61.606.500-9|HOSPITAL CARLOS VAN BUREN (SSVSA),,FIELDBEAT,2026-08-06T15:18:59.172Z
FIELDBEAT_EQUIPMENT|eca0a3bb-8d52-4889-912f-a736fbf6738d|OIS-CAT,eca0a3bb-8d52-4889-912f-a736fbf6738d,OIS-CAT,FIELD_BEAT_CLIENT||CLÍNICA ALEMANA DE TEMUCO,,FIELDBEAT,2026-08-06T15:18:59.172Z
FIELDBEAT_EQUIPMENT|c74730c1-b646-4f33-bd05-db7d3891facf|OIS-INRAD,c74730c1-b646-4f33-bd05-db7d3891facf,OIS-INRAD,FIELD_BEAT_CLIENT|96.757.430-9|INRAD,,FIELDBEAT,2026-08-06T15:18:59.172Z
FIELDBEAT_EQUIPMENT|66b3d167-64bc-4ab3-9c07-cd1e1694ee2f|OIS-CAS,66b3d167-64bc-4ab3-9c07-cd1e1694ee2f,OIS-CAS,FIELD_BEAT_CLIENT|96.770.100-9|CLINICA ALEMANA DE SANTIAGO,,FIELDBEAT,2026-08-06T15:18:59.172Z
FIELDBEAT_EQUIPMENT|b049c5ee-3adc-489c-b507-8aa5b7c5150c|TPS-INRAD,b049c5ee-3adc-489c-b507-8aa5b7c5150c,TPS-INRAD,FIELD_BEAT_CLIENT|96.757.430-9|INRAD,,FIELDBEAT,2026-08-06T15:18:59.172Z
FIELDBEAT_EQUIPMENT|9aad6d5f-e741-4703-884e-b72fbe2c35c8|TPS-ONCORAD,9aad6d5f-e741-4703-884e-b72fbe2c35c8,TPS-ONCORAD,FIELD_BEAT_CLIENT||CLÍNICA SANATORIO ALEMÁN (ONCORAD),,FIELDBEAT,2026-08-06T15:18:59.172Z
FIELDBEAT_EQUIPMENT||Linac-201073,,Linac-201073,FIELD_BEAT_CLIENT||CLÍNICA ALEMANA DE TEMUCO,LINAC,FIELDBEAT,2026-08-06T15:18:59.172Z
FIELDBEAT_EQUIPMENT|c9ed7826-3025-410d-8a4b-a98a1c3a7148|OIS-HCM,c9ed7826-3025-410d-8a4b-a98a1c3a7148,OIS-HCM,FIELD_BEAT_CLIENT|61.607.901-8|SERVICIO DE SALUD DE MAGALLANES,,FIELDBEAT,2026-08-06T15:18:59.172Z
FIELDBEAT_EQUIPMENT|f4e55c45-46c5-44aa-92b9-ba60f9969b40|INC-INFINITY01,f4e55c45-46c5-44aa-92b9-ba60f9969b40,INC-INFINITY01,FIELD_BEAT_CLIENT|61.608.404-6|Instituto Nacional del Cáncer (INC),,FIELDBEAT,2026-08-06T15:18:59.172Z
FIELDBEAT_EQUIPMENT|861e4185-f24c-405d-a946-5f7766a3b5e0|LAP-Laser-INC,861e4185-f24c-405d-a946-5f7766a3b5e0,LAP-Laser-INC,FIELD_BEAT_CLIENT|61.608.404-6|Instituto Nacional del Cáncer (INC),,FIELDBEAT,2026-08-06T15:18:59.172Z
FIELDBEAT_EQUIPMENT|3c9f783f-6509-4275-971a-89025836a048|Linac-105157,3c9f783f-6509-4275-971a-89025836a048,Linac-105157,FIELD_BEAT_CLIENT|76.105.383-3|TORRE MÉDICA - RANCAGUA,LINAC,FIELDBEAT,2026-08-06T15:18:59.172Z
FIELDBEAT_EQUIPMENT|f7ffa79d-5744-4230-8d57-9eac97412018|Linac-109256,f7ffa79d-5744-4230-8d57-9eac97412018,Linac-109256,FIELD_BEAT_CLIENT|81.698.900-0|UC CHRISTUS - SCA,LINAC,FIELDBEAT,2026-08-06T15:18:59.172Z
FIELDBEAT_EQUIPMENT|11ac69d8-c778-4cc6-bc66-6cc0da123a97|CLC-2,11ac69d8-c778-4cc6-bc66-6cc0da123a97,CLC-2,FIELD_BEAT_CLIENT|93.930.000-7|CLÍNICA LAS CONDES,,FIELDBEAT,2026-08-06T15:18:59.172Z
FIELDBEAT_EQUIPMENT|bdb16d7c-da1f-4ecf-bf59-944156e74a19|CLC-1,bdb16d7c-da1f-4ecf-bf59-944156e74a19,CLC-1,FIELD_BEAT_CLIENT|93.930.000-7|CLÍNICA LAS CONDES,,FIELDBEAT,2026-08-06T15:18:59.172Z
FIELDBEAT_EQUIPMENT|e3943749-ad75-40a6-8ccf-490a6062d80d|RT-2062DS,e3943749-ad75-40a6-8ccf-490a6062d80d,RT-2062DS,FIELD_BEAT_CLIENT|61.606.500-9|ACME,,FIELDBEAT,2026-08-06T15:18:59.172Z
FIELDBEAT_EQUIPMENT|b0844209-0341-439d-9ae6-7332a0030108|Linac-156187,b0844209-0341-439d-9ae6-7332a0030108,Linac-156187,FIELD_BEAT_CLIENT|76.746.730-3|RADIO ONCOLOGÍA DEL SUR,LINAC,FIELDBEAT,2026-08-06T15:18:59.172Z
FIELDBEAT_EQUIPMENT|3f637496-cf7c-4740-89dd-e8276a90f37b|Linac-109374,3f637496-cf7c-4740-89dd-e8276a90f37b,Linac-109374,FIELD_BEAT_CLIENT|81.698.900-0|UC CHRISTUS - CECA,LINAC,FIELDBEAT,2026-08-06T15:18:59.172Z
FIELDBEAT_EQUIPMENT||TPS-UC,,TPS-UC,FIELD_BEAT_CLIENT|81.698.900-0|UC CHRISTUS - CECA,,FIELDBEAT,2026-08-06T15:18:59.172Z
FIELDBEAT_EQUIPMENT||Linac-151238,,Linac-151238,FIELD_BEAT_CLIENT|79.560.900-8|RADIO NUCLEAR,LINAC,FIELDBEAT,2026-08-06T15:18:59.172Z
FIELDBEAT_EQUIPMENT||INC-INFINITY01,,INC-INFINITY01,FIELD_BEAT_CLIENT|61.608.404-6|Instituto Nacional del Cáncer (INC),,FIELDBEAT,2026-08-06T15:18:59.172Z
FIELDBEAT_EQUIPMENT|TPS-CAS|TPS-CAS,TPS-CAS,TPS-CAS,FIELD_BEAT_CLIENT|96.770.100-9|CLINICA ALEMANA DE SANTIAGO,,FIELDBEAT,2026-08-06T15:18:59.172Z
FIELDBEAT_EQUIPMENT|INC-INFINITY01|INC-INFINITY01,INC-INFINITY01,INC-INFINITY01,FIELD_BEAT_CLIENT|61.608.404-6|Instituto Nacional del Cáncer (INC),,FIELDBEAT,2026-08-06T15:18:59.172Z
FIELDBEAT_EQUIPMENT|882f7044-5efa-41cf-810c-1830f06e76c2|Linac-109452,882f7044-5efa-41cf-810c-1830f06e76c2,Linac-109452,FIELD_BEAT_CLIENT|61.607.901-8|SERVICIO DE SALUD DE MAGALLANES,LINAC,FIELDBEAT,2026-08-06T15:18:59.172Z
FIELDBEAT_EQUIPMENT|4cf4ce3e-4e42-412a-a3f9-64b856a4b5d2|Linac-01,4cf4ce3e-4e42-412a-a3f9-64b856a4b5d2,Linac-01,FIELD_BEAT_CLIENT|Licitación 1057499-21-LR24-HEGC|HOSPITAL EXEQUIEL GONZÁLEZ CORTÉS,LINAC,FIELDBEAT,2026-08-06T15:18:59.172Z
FIELDBEAT_EQUIPMENT|9986f1f7-f113-484e-8ced-befc4628135c|TPS-HCM,9986f1f7-f113-484e-8ced-befc4628135c,TPS-HCM,FIELD_BEAT_CLIENT|61.607.901-8|SERVICIO DE SALUD DE MAGALLANES,,FIELDBEAT,2026-08-06T15:18:59.172Z
FIELDBEAT_EQUIPMENT|138cc2fe-4e63-4517-a754-2c22dc6747c4|INC-156473,138cc2fe-4e63-4517-a754-2c22dc6747c4,INC-156473,FIELD_BEAT_CLIENT|61.608.404-6|Instituto Nacional del Cáncer (INC),,FIELDBEAT,2026-08-06T15:18:59.172Z
FIELDBEAT_EQUIPMENT|32f7fbb1-9555-4727-b82a-53ba6294fe5c|Linac-109496,32f7fbb1-9555-4727-b82a-53ba6294fe5c,Linac-109496,FIELD_BEAT_CLIENT|96.770.100-9|CLINICA ALEMANA DE SANTIAGO,LINAC,FIELDBEAT,2026-08-06T15:18:59.172Z
FIELDBEAT_EQUIPMENT|cadc3a62-64d8-4d17-81ce-b3a7fb722b2c|HDR-FT02181,cadc3a62-64d8-4d17-81ce-b3a7fb722b2c,HDR-FT02181,FIELD_BEAT_CLIENT|76.746.730-3|RADIO ONCOLOGÍA DEL SUR,,FIELDBEAT,2026-08-06T15:18:59.172Z
FIELDBEAT_EQUIPMENT|09509602-cd76-44e3-837c-c21d82d7572c|K-ARL-M3,09509602-cd76-44e3-837c-c21d82d7572c,K-ARL-M3,FIELD_BEAT_CLIENT|96.843.010-6|Tecnoimagen S.A.,,FIELDBEAT,2026-08-06T15:18:59.172Z
FIELDBEAT_EQUIPMENT|567f934d-daa7-44e2-a59b-ea5a09c4c55d|HDR-FT02211,567f934d-daa7-44e2-a59b-ea5a09c4c55d,HDR-FT02211,FIELD_BEAT_CLIENT|81.698.900-0|UC CHRISTUS - CECA,,FIELDBEAT,2026-08-06T15:18:59.172Z
FIELDBEAT_EQUIPMENT|59db367f-ab8f-45d0-b0aa-1a5d810ebba2|SIM-1,59db367f-ab8f-45d0-b0aa-1a5d810ebba2,SIM-1,FIELD_BEAT_CLIENT|61602280-6|Hospital Regional de Coyhaique,,FIELDBEAT,2026-08-06T15:18:59.172Z