normalized_part_identifier,raw_part_identifier,part_name,occurrences,matched_count,placeholder_count,no_match_count,ambiguous_count,dolibarr_refs,dolibarr_product_ids,match_statuses,match_methods,needs_manual_review
NA,NA|N/A|n/a|n/A|na|Na,"NA|N/C|N/A|no hay|Disco duro de Sequencer Mosaiq|Tapete de identificación de viales|Tapete de identificación viales|Base soporte jeringa 50ml|Soporte de Jeringa 50ml|n/a|Fuse 10A 32V|Mónaco 5.51.10 upgrade kit|Halógeno lamp 8V 50W|Cintas de respaldo Nr 8|Grasa Ep2
Limpia contactos|UPS AP|Rodillo
Base de cuchilla|NR 04 RUEDAS 125/35|Módulo térmico de impresión|Insumos:  grasa EP2
                   W40
|Microswicht Enable de camilla|Grasa Ep2|Hub USB 4 puertos|na|CCTV|NS|Cable extensores 4.5 m Cant: 2|Protection Glass for Panasonic UD-716 Reader|Cable señales y alimentacion de movimientos  mesa|Lámparas UV (6 unidades)|Pin guía para bomba succión|Modulo térmico ZD620|NO Hay|Na|FUSIBLE 8 AM|Isolator 300 W|Isolator 600 W|Térmico impresora Zebra|Fuente de Iridium 192|Lubricante W40
Paños de fibra sin residuos
Aire comprimido |Cable de HT reutilizado|Cable de alta no original|Aire comprimido -corones de limpieza|nuez de agility|No hay|Wd40
paños multifibras
aceite lubricante|Micro|DIODO IN 5822|Prefiltro Transparente Bomba De reposición Linac|Fusible de 1,6 Amp|No|Grasa EP-2, paños de limpieza, amarras plásticas,wd-40 para Mantenimiento.|No.|filtro y bamba de condensado.",289,0,289,0,0,,,PLACEHOLDER_VALUE,PLACEHOLDER_REJECTED,true
(vacio),---|.......,"DLG PCB  SN 1538489 / 1 Tornillo-Nuez-Motor Agility Banco Y2|Fusible de retardo de 10 amp.|Sesión Webex
|4 Nueces-Tornillos-Motor|N/C|Ampolleta Halogen 12V / 75w|aceite multisuso|Gun Filament PSU|Luz alternativa de 12v.
Fusible de 250 v/ 8A.
|Assembly usados|Un extensor USB. 
Un extensor VGA + USB.  
Dos mouse  Genius. 
Dos teclados Genius.  
Un concentrador USB.  
Un soporte de monitor.  
Un monitor 22"" Hp.  
Dos cables red Cat5,  30 metros. 
|Bomba Turbo|1 HD 146 gb HP para Servidor Proliant 653950-001
2 UPSs Eaton y APC|Fuente de Poder Bonbas Ionicas|2 filtros de agua|FUSIBLE DE 10 AMP. 250 Volts|Grasa Especial para Agility|Generador 400 v para XVI|Fuse 32V 10A|Gun and Filament Assembly|Kit de FCO, Grasa, Cotones.|cable UTP cat 5 - 100 metros|Sistema de extensión USB cat 5|Leaf Motor|3 Nueces|fusible
|Cable de potenciómetros laterales SK5|2 NR PCB leaf motor drive 
2 NR kit de motor leaf.
|fusible de retardo de 250 VAC 10 Amp.|Fuse 32 mm FS76A|Unidad de Cinta LTO 6 HPE|Fusible|Fusible de 10 A|Freno DLG Y2|Espejo Mylar|Ensamble Cañon|Fusible de 10Amp|3 kit de tornillos motores nueces de agility|Fuente iridio|Baterías x2|Fusible 20A|Base de soporte jeringa 50ml|2 Filtros de Agua 5 micrones Elekta|Ampolleta ODI|fusible de 10A/32vp|Fusible 10A|fusible 10 A  32 V pp|HDD para NSS|Fusible 10A Thyratron Supply|Contenedor depósito de líquido de sueros|Fusible 10A 250V|fusible 10A 32VP|Bateria Litio CR2032|Conjunto de Potenciometros de Gantry.|Luz Halogena 12V 75W|Kit de bomba Bluephantom|frenos de diafragmas|Fusible 10A/32Vp|Filtro principal Canister|Filtro de bomba succión de sueros|Nuez|2 x Panqueques, 1 Kit telemetro, 1 DLG PCB, 1 DIE RHB |Monitor ViewSonic|Tapete antiresbalante de identificación|Grasa EP2, paños de limpieza. |(1) Diaphragms Brake|(2) Leaf Motor, Kit|kits upgrade monaco 5.51.10|Disco duro|Soporte de Jeringa 50ml|kits upgrade monaco|elementos de limpieza en sitio|Fusible de 10A/32Vp|Servidor Direct Storage y LTO de cinta|kits upgrade nss e integrity|Grasa Ep2
Limpia Contacto
Aire Comprimido|Filtros de agua circuito interno|1- Panel Xvi (nueva generación)
2- Generador XRays
3- Mk6
4- 2 baterias para UPS EIM
5- Tarjeta PCB microsiwtch dd movimiento longitudinal XVi
6- motor movimiento longitudinal XVi
7- freno movimiento longitudinal XVi|fusible  10A / 32V|6 Lámparas UV|Balanza Metler Toledo|Bomba de extracción sueros|Tapate de identificación|1 Filtro 520|1 Filtro Canister|4 Filtros 519|PCB2 Assembly Side A and B|isos Mónaco 6|Baterías|iso windows xp|iso Mónaco 6|Pasta de pulir vidrio|Pegamento Loctite vidrio|barcode e impresoras|Fuente de Ir-192|Breaker CB9 Schneider D2|Aire comprimido
limpia contacto
wd40|vidrio protector - proveededor local|micro switch de touchguard|pantalla de 24 pulgadas, marca View Sonic |grasa ep2
wd40
alcohol
paños de limpieza|disco hdd rtp99|fusible 5 amp/ 250 vol|Monitor LG 27""|(2) Tornillos Allen|piola lado A del panel iView|grasa ep2
wd40
paños de microfibra|Grasa ep2
wd40
aceite lubricante triflow
paños|Fusible de 32V/10 A|baterías de unidad TDU del Flexitron|kits de instalación Mónaco|acronis|isos Mónaco 6.1.1|grasa ep2
paños
alchool
wd40
amarras plásticas|grasa ep2
paños microfibras
wd40
amarras plásticas|grasa ep2
paños microfibras
wd40
aciete lubricante triflow|Kit conversión Viaflex|Clamp Viaflex|grasa ep2
aire comprimido
paños|grasa ep2
aire comprimido
paños microfibras|lubricante W40, limpiador de contacto electrónico, paños de limpieza, lubricante mecánico, amarras plásticas, filtro de agua de 5 micra del chiller |grasa EP2, lubricante W40, limpia contacto, amarras plásticas, lubricante en aceite, paños de limpieza.|grasa ep2, wd-40|kits de Mónaco 6.1.2|paños de limpieza, aceites lubricantes, amarras plásticas|grasa ep2
wd40
paños multifibra|grasa ep2
wd40
aceite triflow
paños multifibra|fusibles|PC FUJITSU  Y PCB INTERLOCK POWER BOX HEXAPOD|paños de limpieza, W40, |grasa ep2
wd40
paños
alcohol|paños
wd40
grasa ep2
multimetro|nuez de motor|filtro|grasa ep2
wd40
paños multifibras
alcohol|pedir a elekta|aire comprimido (vacio), limpia contacto, W40 (vacio), aceite trifolio (vacio) |cambio de filtro para chiller|6 mtrs de cable CAT5|Cable DVI 5mts|Alcohol
Wd40
aceite lubricante triflow
grasa Ep2
paños microfibras
aceite de caja mécanica|(05) nueces cortas|Tarjeta PCB de telemetro|paños microfibras
alcohol
wd40
aceite lubricante
spray especial para sistema óptico|Grasa ep2
wd40
alcohol
triflow
paños|loctite|potenciometro coarse
potenciometro fine|Tapete de identificación viales|paños microfibras
alcohol 70%
wd40
aceite triflow|paños microfibras
wd40
aceite triflow
aceite para caja de motor
alcohol 70%
baterias 12V cant 2
|panel Xvi|W40, paños de limpiezas, limpia contacto, etc |potenciometros coarse y check
movimiento lateral|GUN PSU
MAGNETRON TUNNING DRIVE ASSY|baterias 12V cant=2|N/A|KVM D-link|grasa ep2
wd40
paños multifibras

reponer wd40 para CAS|fusible 3.15A|n/a|ampolleta, foto en adjunto|No.Hay|NA|No hay|no aplica|FUSE 10A / 250V|paños y lubricante|410337 - projection lamp|Paños y lubricantes|Interruptor de último Hombre en mal estado.|Acrílico protector de viales|Resorte y sujetador dosificador|baterias 12v 7,2 ah|Batería de 12 VDC 7.2 AH|thyratron|Aire comprimido y sistemas de limpieza|No.|Disco Duro WesternDigital 1TB|no hay|monitor ea193MI-BK|Aire comprimido y carro de transporte|Aire comprimido|Trapos de limpieza de microfibra|Limpia contacto|Guantes de latex|Lubricante Triflow|Microswitch panel iviewGT|Cable de alimentación 220V PC Tipo C13|Microfono Treatment room|WAY BRUSH BLOCK SIGNAL|BRUSH TIP REPLACEMENT KIT|b|Bomba de condensado|placa madre y fuente de poder.|Generador SHFR 400",288,0,288,0,0,,,PLACEHOLDER_VALUE,PLACEHOLDER_REJECTED,true
NOHAY,No hay|No hay.|no hay|No hay.|No Hay|NO HAY,"No hay|Brocha y aspiradora.|no hay|No hay.|Grasa. WD40. Paños de limpieza.|insumos WD40 y Limpia contacto y elementos de limpieza de optica.|Grasa EP2, aceite liviano y paños limpieza.|Limpiacontacto, paños de limpieza y grasa EP2.|No Hay.|Amarras plásticas.
Enchufes machos.
Huincha aisladora.|Grasa EP2. Aceite liviano. WD40.|- Grasa Ep2  - Paños de limpieza. - WD40. - Alcohol isopropilico.|Wd40. Paños de limpieza.|Fusible 3 Amperes|Grasa EP2|No hay
|Alcohol Isopropilico.

Paños de limpieza. |Grasa.  WD40.  Aceite de máquina.|No hay. 
|Repiza metálica de 60 x 23,5 Cm

Pack teclado y mouse. Marca Ultra.

Tornillos rosca. 

Tarugos de volcanita. 

Amarras plásticas.  

|Golilla segers. 
|Golilla segers|No hay. 
 |Puente de diodos KBPC5010. 
Transistores Phillips BU508V. 
Fusibles 2A 250V. |Aceite de lubricación.

Limpia contactos.

Paño de limpieza.

Grasa EP2.

|Grasa EP2. Paños de limoieza.|Limpia contactos.|WD40, limpia contactos y grasa EP2|WD40, limpia contactos y grasa EP2.|Cable coaxial de RF|Wd-40.  Grasa Ep2.  Limpia contactos.|Grasa EP2, limpiacontactos y paños de limpieza. |Grasa, limpia contactos, WD40. |Limpia contactos, WD40 y paños de limpieza. |Ampolleta halógena 12 V / 75 W.|na hay|No Hay|Caja de control desarrollada por empresa, semáforo y switches. |Caja de control desarrollada por empresa,  semáforo  y switches. |Grasa EP2, aceite liviano. |Grasa EP2, Paños de limpieza. |Grasa Ep2.|Grasa EP2, aceite liviano y paños de limpieza|Fusible rápido miniatura 4 amperes|No aplica|no aplica",169,0,169,0,0,,,PLACEHOLDER_VALUE,PLACEHOLDER_REJECTED,true
1534958,1534958.|1534958,"Kit, spares leaf motor.|kit Spares Leaf motor|Leaf motor spare kit.|kit, spare, leaf MO|Kit, Soares, leaf MO|1 Nr Leaf Motor Spares Kit.|10 x Kit leaf motor screw and nut|kit motor|(8) Kit, Spares, Leaf Motors|Leaf Motor|kit motor spares|Kit, spares leaf motor|Kit, spares Leaf motor|(2) Kit, separes Leaf motor|kit, sapres, leaf motor cantidad 1|Leaf motor|Kit leaf motor Cant: 2|kik, spare, leaf motor cantidad 1|kit, spares, leaf motor cantidad = 1|kit spares leaf motor|(4) Kit, Leaf Spare Motor|kit, spares, leaf |MOTOR NUEZ Y TORNILLO|Leaf Motor spares kit (50)|Kit, Spares Leaf Motor|Kit Spare Leaf MO  Cant: 1|kit, spares, leaf motor|(03) Kit, Spare, Leaf Motor|kir, spare, leaf motor cantidad 2|KIT, spares, leaf motor |Kit Spare leaf Motor|Kit Spares, Leaf Motor|kit, spares, leaf|kit Spares, leaf motor|ki, spares, leaf motor|KIT, SPARES, LEAF MOTOR|KIT, SPARE, LEAF MOTOR DRIVE|Kit, spares, leaf motor|kit, spares leaf motor |kit, spare, leaf motor |kit spares, leaf motor |leaf motor|KET, SPARE, LEAF MOTOR|KIT, SPARES LEAF MO|kit, spares, leaf motor |KIT LEAF MOTOR|KIT, SPARE, LEAF MOTOR|kit spare leaf motor|Kit Leaf Motor|Kit Spares Leaf Motor|LEAF MOTOR SPARES KIT|KIT, SPARES, LEAF MO|Kit, Spare, Leaf Motor|KIT SPARE LEAF MOTOR|Kit Spares leaf|kit, spare leaf motor|KIT SPARES LEAF MOTOR DRIVE|spares, Leaf Motor, kit |Kit spare Leaf Motor|leaft motor kit|KIT, SPARES, LEAF MO (CO)",83,83,0,0,0,1534958,11034,MATCHED,REF_NORMALIZED_EXACT|REF_EXACT,false
SN,SN|s/n|sn|S/N,"NA|no hay|N/C|NC|nc|NO HAY|fusible.de 10.amp.|No aplica|teclado HP y mouse|NO APLICA|FUSIBLE DE RETARDO 10 AMP. 250 VAC.|Agua Bidestilada, 2 filtros de agua|N/A|Fusible de retardo 10 Amperes|fusible de 10 amp|Integrado IC 5V|fusible 10 amp. 250Volt|fusible D2 10A/320/ NR2 Diodos de Poder|baterias de 12 VDC|fusible 0,5 amp.|PCB TELEMETRO|UNIDAD DE CINTA|Tarjeta control ODI|Rodillo impresora|potenciometros|BOMBA CIRCUITO INTERNO DEL.LINAC|Grasa EP2, ACEITE 220|Chip controlador PCB ODI|No hay|Kit soporte de bolsas",65,0,65,0,0,,,PLACEHOLDER_VALUE,PLACEHOLDER_REJECTED,true
NC,NC|nc|N/C|n/c,"NC|sin repuesto|Sin repuesto|nc|Alcohol toallas de.limpieza espuma de.limpieza, buzos de limpieza.|N/C|n/c|Low voltaje halogen lamp marca Philips de 13,8 V - 50W |Grasa Multiuso EP-2,alcohol isopropilico, wd-40, limpia contacto, paños de limpieza.|Wd-40 ; grasa multiuso, alcohol isopropilico, limpia contacto, paños de limpieza. |espera de repuesto|Grasa EP-2, wd-40, limpia contacto, paños de limpieza, alcohol isopropilico.|KVM, teclado, Mouse, cable Cat5 con conector rj45.|Se utiliza Grasa EP2, limpia Contacto.|Ampolleta  Halogena 12v 75w|Caja black box (02)
cables de conexiones  (02)
Monitor 22"" (01)
Teclado (01)
Mouse (01)|ampolleta Osram  de 12v 75w|n/C|Grasa EP-2, limpia contacto, wd-40|Limpia contacto, wd-40, grasa EP-2|kitsch upgrade monaco 5.51.10|fusible de 32V-10A|ampolleta de 12v|grasa ep-2, wd-40, limpia contactos, sprau de aire comprimido.|wd-40, spray de aire comprimido. grasa ep-2, limpia contactos|grasa ep-2
wd-40
aire comprimido 
limpia contacto",63,0,63,0,0,,,PLACEHOLDER_VALUE,PLACEHOLDER_REJECTED,true
1564298,1564298,"(02) PCB Assy, DLG, Diaphragms|PCB DLG and DIAPHRAGM|pcb assy, DLG and Diaphragm  drive |pcb dlg/diafragmas cant 1|PCB Assy, DLG and Diaphragm|Diaphragm/DLG PCB|pcb assy, dlg, diaphragm|pcb assy, dlg and diaphragm|PCB dlg/diaphragm drive|PCB assy, DLG Diaphragm drive|DLG AND DIAPHRAGM DRIVE|pcb assy, dlg, diaphragm drive|PCB ASSY, DLG AND DIAPHRAGM|PCB ASSY, DLG AND DIAPHRAGM DRIVE|PCB assy DLG Diaphragm Drive|pcb assy, dlg and diaphragm |PCB ASSY, DLG AND DIAPHRAGM DRIVE |diaphragm / DLG PCB|PCB Assy, DLG and DIAPHRAGM Drive|PCB DLG Drive|PCB ASSYS, DLG AND DIAPHRAGM DRIVE|Diaphragm /DLG PCB|DLG / Diafragma PCB|PCB ASSY, DLG, DIAPHRAGM DRIVE",35,35,0,0,0,1564298,11039,MATCHED,REF_EXACT,false
1517657,1517657|1517657.,"Leaf Motor Drive Board de Banco Y12|2 PCB Leaf Motor Drive|PCB Drive motors.|PCB Assy, Leaf motor drive|1 Pc  leaf motor drive Y2|PCB leaf motor drive Cant: 2 NR| PCB Assy, Leaf Motor Drive|PCB assy leaf motor drive|PCB Assy, Leaf Motor Drive |PCB assy, Leaf Motor  cant 3|PCB ASSY, LEAF MOTOR DRIVE|PCB LEAF MOTOR DRIVE|PCB assy, Leaf Motor Drive|pcb assy, leaf motor drive|PCB ASSY,  LEAF MOTOR DRIVE|PCB assy Leaf Motor Drive|PCB, Assy, Leaf Motor Drive |PCB ASSY, LEAF MOTOR DRIVE |PCB, LEAF MOTOR DRIVE|pcb assy, Leaf Motor Drive|pcb assy leaf motor driver",28,28,0,0,0,1517657,10701,MATCHED,REF_EXACT|REF_NORMALIZED_EXACT,false
1502613,1502613,"Laser ODI|laser ODI lamp|mod kit, láser odi lamp|telemetro laser|Telemetro Laser|Mod Kit, Laser ODI Lamp|Mod Kit, Laser ODI Lamp |mod kit, laser odi lamp - cant =1|MOD KIT, LASER ODI LAMP|Láser ODI Spare KIT|Laser ODI Spares Kit|Spares Kit, distance meter|mod kit, láser ODI lámp |Spares Kit, distance|Distance Meter|mod kit, láser ODI lamp |spare kit, distance meter |MOD kit, Láser ODI Lámp|mot kit, laser ODI Lamp|láser ODI kit",26,26,0,0,0,1502613,10994,MATCHED,REF_EXACT,false
45133304800,4513 330 4800|45133304800,Electron Gun Assy|Gun assy|Electron Gun.  Número de serie 0247768.|ELECTRON GUN ASSY      (1)|Electron gun subassembly.|Gun Assy|Electrón Gun Assy|electron Gun Assy cantidad 1|electrón gun assy (cantidad 1)|ElectronGun Assy|Electron GUN Assy|electron gun assy|Electrón Gun Haz|Electron Gun|ELECTRON GUN ASSY|Electron GUN subassembly|SL ELECTRON GUN ASSY,23,23,0,0,0,45133304800,10375,MATCHED,REF_NORMALIZED_EXACT|REF_EXACT,false
1538489,1538489,"Diaphragms PCB|PCB diaphragm drive|PCB assy, DLG and Diaphragm drive|DLg PCB Drive|PCB ASSY, DLG AND DIAPHRAGM DRIVE|PCB assy, DLG and Diaphragm Drive|Sur: Pcb assy, dlg and diaphragm drive cant 1|PCB Assy, DLG and Diaphragm Drive|Diaphragm/DLG PCB|DLG, PCB|DLG AND DIAPHRAGM PCB|PCB assy, DLG and DIAPHRAGM Drive|PCB assy, DLG and DIAFRAGM drive (cantidad 2)|pcb assy, dlg and diaphragm drive cant 1|PCB Assy, DLG and Diaphrams Drive|DLG/Diaphrams Drive PCB|PCB Assy, DLG and Diaphragms Drive|pcb assy, dlg and diaphragm drive cantidad =1|PCB assy, DLG & Diaph  cant 1|PCB Assy, DLG/Diaphragms (2)|Diaphragm / DLG PCB",22,0,0,22,0,,,NO_MATCH,NONE,true
1018265,1018265,Fru Z MTR brush Set|FRU Z Motor Brush SET (electrocraft)|FRU Z motor brush set|Fru Z mtr brush set|Fru Z motor brush set ( electrocraft) cant=1|FRU Z MOTOR BRUSH SET|Fru Z Motor Brush|FRU Z motor Brush set|FRU Z Motor Brush  Set|FRU Z MOTOR BRUSH SET (Electrocraft)|FRU Z MTR BRUSH SET|fru z motor brush set (electrocraft)|kit carbones de motor Z|fru Z motor brush set|Z drive motor brush,20,20,0,0,0,1018265_proveedor_local,11961,MATCHED,REF_LIKE,true
1515098,1515098.|1515098,"Ionic Pum|Gun. Ion pum Spare|bomba Ionica|ion pump spare cant =2|Ion Pump Spare|Ion Pump - Spare|IonPump (lado target)|ion pump - spare|Bomba ionica , sello 114 mm cobre|bombas ionica|ION PUMP|ION PUMP SPARE|ION Pump spare|ION PUMP - SPARE|ION PUMP SPARE KIT INCLUDES COPPER SEAL",18,18,0,0,0,1515098,10374,MATCHED,REF_NORMALIZED_EXACT|REF_EXACT,false
1010848,1010848,"Espejo Mylar|Mirror Assembly, opt|mirror assembly optics|mirror asaembly opt|Mirror Assembly, OPT.  Cant: 1|MYLAR|Mylard Mirror Assembly|Mirror Assembly, optics (Agility)|Mirror Assembly|mirror assembly, optics (mylar)|mirror assembly, óptics |MIRROR ASSEMBLY, OPTIC|MIRROR ASSEMBLY, OPT|Mirro|Mirror assembly, optics (Agility)|MIRROR ASSEMBLY, OPTICS",18,18,0,0,0,1010848,11037,MATCHED,REF_EXACT,false
NO,no.|No|NO|no,no se utilizaron.|No|no|No.,17,0,17,0,0,,,PLACEHOLDER_VALUE,PLACEHOLDER_REJECTED,true
1018559,1018559,"4 Ventiladores para Bancos de Láminas.|(2) ASSY, BRACKET & FAN|(2) FAN dobles para PCB Motor Drive|(2) LMD Fan and braket|fans assy|(02) Assy, Bracket & Fan|LMD fan and bracket|assy, bracket & fan |ASSY, BRACKET & FAN|LMD Fan and Breaket|LMD FAN AND BRACKET",17,17,0,0,0,1018559,10724,MATCHED,REF_EXACT,false
1527044,1527044,"programmed PCB assy, Router|programmed pcb assy, router|Programmed PCB assy, router|Programmed PCB Assy ROUTER|programmed pcb assy, router |programmed pcb assy, router cant 1|Programmed PCB ASSY  cant 1|Programmed PCB Assy, Router|Router PCB|programmed pcb assy router|PROGRAMMED PCB ASSY, ROUTE",15,0,0,15,0,,,NO_MATCH,NONE,true
1024939,1024939,"Assy 40x40x10mm LED Projector FAN Heatsink|Así, 40x40x10mm Fan|assy, 40x40x10mm Fan cant 1|assy,40x40x10 mm fan cant 1|Assy, 40x40x10 Fan|Assy 40x40x10mm Led Projector Fan, Heatsink|assy, 40x40x10mm Fan|ASSY, 40X40X10MM FAN|assy 40 x 40 x 10 mm fan|LED projector fan|ASSY, 40X40X10MM FAN, HEATSINK|sssy 40 x 40 x 10 mm fan, heatsink |fan led proyector|40x40x10 mm FAN, heatsink |Assy 40x40x10 mm FAN",15,15,0,0,0,1024939,10776,MATCHED,REF_EXACT,false
1541718,1541718,"(Cantidad=2)Fru, Pancake Motor Assembly|2 FRU, Pancake motor assembly|Motor Panqueque|Pancake Motor Cant: 02|fru, pancake motor assembly cant=2|fru, pancake motor assembly |fru, pancake motor assembly|FRU Pancake Motot Assembly|FRU, PANCAKE MOTOR ASSEMBLY|pancake motor assembly|Fru, pancake motor assembly |Pancake Motor",14,14,0,0,0,1541718,11595,MATCHED,REF_EXACT,false
1006737,1006737,PCB SIB|SIB PCB|PCB Assy Sib|pcb sib|PCB ASSY SIB|SERVO INPUT BOARD (SIB)|PCB Assy SIB|Pcb Sib,13,13,0,0,0,1006737_usado,12071,MATCHED,REF_LIKE,true
821321900352,8213-219-00352|821321900352|8213 219 00352,"Fuse 10A - 250V|Fuse 10A 32 Vac, time delay, glass cartridge 32mm x 6,3 mm (FS32E).|Fusible FS 32 V. 10 AMP.|fusible de retardo 10 A|fusible FS 32 V. 10 Amp|Fusible 10 amp.|Fusible 10 Amperes 32V con retardo.|Fusible 32V-10A|Fusible de retardo,  10 Amp. 32 Vac. (FS32E)  |Fusible de reterardo 10 amperios.|Fuse 10 A 32 VAC",12,12,0,0,0,821321900352,11061,MATCHED,REF_NORMALIZED_EXACT|REF_EXACT,false
1016474,1016474,"1 Freno DLG|2 Unidades - DLG Brake|Frenos de DLG|Frenos DLG x2|2x DLG Brake Spare|2 dlg brake|(2) DLG Brake|Nor: Kit, spares, dlg brake cant:2|(2) DLG Brakes|kit, Spares, DLG Brake (dos unidades)|DLG brake Cant: 2",11,11,0,0,0,1016474_usado,11873,MATCHED,REF_LIKE,true
1527814,1527814,"Fuente de Poder bombas Ionicas IPCU CTRL ELEKTA|Ion Pump IPCU|Ion Pump PSU    cant 1|PSU Ion Pump|IPCU, PSU Ion Pump|Ion pump PSU (IPCU)|PSU, ION PUMP|Fuente de poder IPCU|PSU, ion PUMP ",11,11,0,0,0,1527814,11929,MATCHED,REF_EXACT,false
1556292,1556292,"kit spare, dlg brake      cantidad 2|(2) Kit DLG, Brakes |kit, spares, dlg brakes    cant =2|(2) Kit, Spares, DLG Brake|kit spares DLG brake cantidad =2|2 NR frenos de Dlg's|Kit, Spares, DLG Brake  cant 2|kit, spares, DLG brake (X2)|kit spare DLG brake (2 unidades)|Kit, Spares, DLG Brake|DLG brake spares kit",11,0,0,11,0,,,NO_MATCH,NONE,true
SINNUMERO,sin numero|Sin numero|Sin número|Sin número.,"no hay|Conector Rs|lwd 40. grasa EP2|Grasa EP2. Lubricante WD40|wd40 . limpia contacto . paños de limpieza|sin repuesto|Grasa Ep2.  
Limpia contacto. 
Paños de limpieza.  
Alcohol isopropilico. 
|2 Nr. Baterías UPS proporcionadas por clínica.  CJ12-7,2. |paños de limpieza , pinceles suaves|Fuente de Poder KVM",10,0,10,0,0,,,PLACEHOLDER_VALUE,PLACEHOLDER_REJECTED,true
45133165177,45133165177,"Thyratron e2v. CX1154L  Teledyne

S/N 39855|Válvula Electrónica de Alta Tensión - Tiratrón|thyratron|thyratron número de serie :39631|Thyatron Cant: 1|thyratron, hydtogen|Thyratron e2V CX1154L|Thyratron, hydrogen|THYRATRON, GL1551A|Thyratron",10,10,0,0,0,45133165177,10716,MATCHED,REF_EXACT,false
1016476,1016476,"4 Motores agility|2 x Kit Tornillo, Motor y Nuez de Lámina Agility|4 x Kit Tornillo Nuez y Motor|2 conjuntos de Tornillo Nuez y Motor de Agility|4 kit leaf motor|kit, Soares leaf motor |Kit motor MLC|Leaf Motor Spares Kit|Kit de motor leaf|leaf motor separes kit",10,10,0,0,0,1016476,10913,MATCHED,REF_EXACT,false
4513316442301M,4513316442301M,"Water Filter Element 5 Micron (2)|Filter Element 5 Micron|water filter cant 2|(02) Water Filter|water filter. cant = 2
wd40
aceite triflow
grasa ep2|Water Filter Element 5Micron|water filter|filter element 5 micra|Filter element 5 micron|Filter Element 5 microm",10,10,0,0,0,4513316442301M,10312,MATCHED,REF_EXACT,false
NOAPLICA,no aplica|No aplica|NO APLICA,no aplica|no hay|Limpia Contacto|Insumo|NO APLICA|No aplica|No hay,9,0,9,0,0,,,PLACEHOLDER_VALUE,PLACEHOLDER_REJECTED,true
1017632,1017632,"pcb assy, camera CCU|CCU PCB|PCB assy, camera CCU|PCB Assy Camers CCU|PCB Assy, Camera CCU|PCB ASSY CAMERA CCU",8,8,0,0,0,1017632_usado,11872,MATCHED,REF_LIKE,true
1500954,1500954,"Tarjeta Controladora de Voltaje|PCB controladora de Telemetro "" VOLTAGE REGULATOR PCB ASSY""|Z-Laser voltage regulator, PCB Assy|voltage regulador, pcb assy.|Voltage Regulator PCB Assy|voltaje regulator, pcb assy |VOLTAGE REGULATOR, PCB ASSY",8,0,0,8,0,,,NO_MATCH,NONE,true
1556287,1556287,"(2) Kit spares, Diaphrams Brake|(02) Kit, spares, Diaphragms Brake|KIT SPARES DIAPHRAGM BRAKE Cant: 2|kit, spare, diaphrag|KIT, SPARES, DIAPHRAGM BRAKE BATCH|KIT, SPARES, DIAPHRAGM BRAKE BATCH NR W0616|Diaphragm brakes spare kit",8,8,0,0,0,1556287,12261,MATCHED,REF_EXACT,false
1564169,1564169,"pcb assy, LED control |kit led proyector|kit, luminoso proj assy and pcb assy, led control|KIT, LUMINOS PROJ ASSY AND PCB ASSY, LED CONTROL|KIT LUMINUS PROJ ASSY AND PCB ASSY, CONTROL LED|KIT, LUMINOUS PRO ASSY AND PCB ASSY, LED CONTROL|kit, luminus proj assy and pcb assy, led control |KIT LUMINOUS PROJ ASSY",8,8,0,0,0,1564169,12262,MATCHED,REF_EXACT,false
1531145,1531145,"Assy, Fan 70x70x15mm|ASSY, FAN 70X70X15MM |assy, fan 70x70x15mm|Router PCB Cage fan|ASSY, FAN 70X70X15MM|assy, fan 70x70x15 mm",7,7,0,0,0,1531145,11145,MATCHED,REF_EXACT,false
1538261,1538261,"FRU Kit, Flight tube drive asssy |Fru kit, flight tube assembly|(30) FRU Kit. Flight tube Drive|FRU KIT, FLIGHT TUBE DRIVE ASSY|FRU KIT FLIGHT TUBE DRIVE",7,7,0,0,0,1538261,11854,MATCHED,REF_EXACT,false
1547237,1547237,"kit, luminus proj assy and pcb led control|Kit, Luminus Proj Assy an PCB |Kit, Luminus Proj Assy and PCB, Assy Led Control|kit, luminus proj assy and PCB assy, LED CONTROL |kit, luminus proj assy and PCB assy, LED control|KIT, LUMINUS PORJ ASSY AND PCB ASSY, LED CONTROL|KIT, LUMINUS PROJ ASSY AND PCB ASSY, LED CONTROL",7,0,0,0,7,,,AMBIGUOUS_MATCH,REF_LIKE,true
1557545,1557545,"Camera, DX9|CAMERA DX9|CAMARA, DX9|camera|Camera DX9|CAMERA, DX9",7,7,0,0,0,1557545,12192,MATCHED,REF_EXACT,false
1565836,1565836,"kit spares, DLG brake|kit spare dlg braker|kit spare DLG brake|Kit spares, DLG Brake |KIT, SPARES, DLG BRAKE|kit spares DLG brakert|KIT, SPARE DLG BRAKE",7,7,0,0,0,1565836,10983,MATCHED,REF_EXACT,false
1568178,1568178,"Programmed, pcb assy,sib|PROGRAMED, PCB ASSY, SIB|SIB PCB|PROGRAMMED PCB ASSY, SIB|Programmed, PCB ASSY,   SIB|SIB pcb|PROG,PCB ASSY,SIB",7,7,0,0,0,1568178,10821,MATCHED,REF_EXACT,false
1014474,1014474,Cable asst Sw1/Sw2 to Sk13A7|cable assy sw1/sw2|CABLE ASSY SW1/SW2|cable assy SW1 SW2|Cable assy sw1/sw2|cable assy sw1/sw2 to sk13A7,6,6,0,0,0,1014474,11677,MATCHED,REF_EXACT,false
1015076,1015076,"Cable Rectractile SK26B|cable retractile|Cable, retractile, MLC (SK25BB-SK26B)|cable, retráctile, MLC sk25bb - sk26b|CABLE RETRACTILE (SK25BB-SK26B)|cable retractile, (SK25BB-SK26B)",6,6,0,0,0,1015076,10957,MATCHED,REF_EXACT,false
1015075,1015075,"Cable Retractile SK26A|cable retractile|Cable, retractile, MLC (SK25AA-SK26A)|cable, retráctile  MLC sk25aa - sk26a |CABLE RETRACTILE (SK25AA-SK26A)|Cable, retractile MLC (SK25AA-SK26A)",6,6,0,0,0,1015075,10958,MATCHED,REF_EXACT,false
4513341184601H,4513341184601H,"cable assy, pl5 to S  (1)|Cable Assy PL5|Cable Assy, PL5 to SK5A|cable assy, PL5 to SK5A|cable assy, pl5 to sk5A|CABLE ASSY, PL5 TO SK5A",6,6,0,0,0,45133411846,11694,MATCHED,REF_LIKE,true
1022378,1022378,"diode assembly, fru cantidad 1|DIODE ASSEMBLY, FRU|Assy diode reverse|DIODE (SEMIKRON)",6,6,0,0,0,1022378,11627,MATCHED,REF_EXACT,false
1522567,1522567,RF output windows cant=1|Output Window|RF OUTPUT Window|RF OUTPUT WINDOW|RF OUTPUT WINDOWS|RF Output Window,6,6,0,0,0,1522567,12044,MATCHED,REF_EXACT,false
1565768,1565768,"pcb assy camera ccu|PCB ASSY, CAM AGILITY |pcb assy can|pcb CCU|PCB ASSY, CAM CID8726DX9|camera CCU PCB",6,6,0,0,0,1565768,10151,MATCHED,REF_EXACT,false
COMPLETARSOLOPORINGENIERODESERVICIO,completar solo por ingeniero de servicio.,completar solo por ingeniero de servicio.,6,0,0,6,0,,,NO_MATCH,NONE,true
1564361,1564361,"programemed pcb assy router|programmed PCB assy Router|PROGRAMMED PCB ASSY, ROUTER|PROGRAMED PCB ASSY, ROUTER|PROGRAMMED PCB ASSY, ROUTE",6,6,0,0,0,1564361,11038,MATCHED,REF_EXACT,false
4714201102,4714201102.|4714201102,"Magnetròn MG5193.|Magnetron MG5193 
S/N 22390742G|MAGNETRON MG5193|Magnetron|Magnetròn  MG5193 Serie 25458133G",5,5,0,0,0,4714201102,11286,MATCHED,REF_NORMALIZED_EXACT|REF_EXACT,false
45133502026,45133502026|45133502026.,"X RAY TUBE Assembly|X Ray tube.|Assembly, Xray Tube|assembly, xrays tube|Tubo de RX",5,5,0,0,0,45133502026_usado,12138,MATCHED,REF_LIKE,true
SINNUMERODEPARTE,Sin número de parte|sin número de parte,Soldadura de estaño y componente Wulf|Seguro Zagers de 10 mm|Sin repuesto|Cable alternativo de HT,5,0,0,5,0,,,NO_MATCH,NONE,true
4513341185001U,4513341185001U,"Cable  Assy, Pl9 to S|Cable Assy PL9|cable assy, PL9 to SK9A 1/2 |CABLE ASSY, PL9 TO SK9A1/2",5,5,0,0,0,4513341185001U,11682,MATCHED,REF_EXACT,false
1011030,1011030,"Lens, Collimator|lens, collimator|LENS, COLLIMATOR|Les",5,5,0,0,0,1011030,11035,MATCHED,REF_EXACT,false
1541744,1541744,"FRU Kit, Hand Held Controller |HAND HELD CONTROLLER|Fru Kit VersaHD HHC|Handheld IviewGT|Hand Held Controller",5,5,0,0,0,1541744,11817,MATCHED,REF_EXACT,false
1564281,1564281,"pcb assy, wedge cont |PCB, assy, wedge control |PCB ASSY, WEDGE CONTROL|wedge board",5,5,0,0,0,1021309___1564281,10764,MATCHED,REF_LIKE,true
1549950,1549950,HHC KIT SYBERGY/INFINITY|HHC KIT SYNERGY / INFINITY|HHC KIT SINERGY/INFINITY|HHC KIT SYNERGY/INFINITY,5,5,0,0,0,1549950,12134,MATCHED,REF_EXACT,false
1565835,1565835,"Kit spare, Diaphragm Brake |kit spares diaphragm brake|KIT, SPARE DIAPHRAGM BRAKE",5,5,0,0,0,1565835,11031,MATCHED,REF_EXACT,false
45133308530,45133308530,Magnetron MG6370E.  Serie 18088055|magnetron|new fast tune magnetron - número de serie:17337594|Magnetron  MG6370,4,4,0,0,0,45133308530,11007,MATCHED,REF_EXACT,false
923931518204,9239 315 18204,"Ampolleta PHILLIPS 13,8V50W.  GX5.3.    N/P. 13289.|Projector halogen bulb|Ampolleta PHILLIPS",4,4,0,0,0,923931518204,11448,MATCHED,REF_NORMALIZED_EXACT,false
NONE,None|none,None|none,4,0,4,0,0,,,PLACEHOLDER_VALUE,PLACEHOLDER_REJECTED,true
1502964,1502964,"Kit de luz de campo LED|Spare kit Led Field lamp|Kit led|Spare kit, Led Field Lamp",4,4,0,0,0,1502964,10892,MATCHED,REF_EXACT,false
45133326854,45133326854|45133326854.,mylar|Mirror assembly (Mylar).|Mirror assembly (Mylar)|MOUNT MIRROR,4,0,0,0,4,,,AMBIGUOUS_MATCH,REF_LIKE,true
1016472,1016472,"diaphragm brake x 2 unidades|2x Diaphragms Brake Spare|kit, spares, diaphragm brake  cant(2)|2 Kit spares, Diaphragms brake ",4,4,0,0,0,1016472_usado,11874,MATCHED,REF_LIKE,true
1516727,1516727,"Beam Mu Dose Module|kit, beam mu dose module |KIT, BEAM MU DOSE MODULE",4,4,0,0,0,1516727,18,MATCHED,REF_EXACT,false
1016478,1016478,"1Nr. Leaf key spares long.|(1) Kit, Spares, Moduled|Kit, Spares moulded keys  cant 1|Kit, Spares, Moulded (03)",4,4,0,0,0,1016478,10946,MATCHED,REF_EXACT,false
45133164423,45133164423,Filtre Element|2 unidades Water filter|filter element (x2)|Filter element Cant: 2,4,4,0,0,0,4513316442301M,10312,MATCHED,REF_LIKE,true
45133164421,45133164421.|4513 316 4421|45133164421,"Potentiometer,  20K, 10 turns.|Potentiomete, 20K, 10 Turns.|1 NR Potenciometro 20 K, 10 turns|POTENCIOMETER 20K",4,4,0,0,0,4513316442101T,10986,MATCHED,REF_LIKE,true
1007288,1007288,"PCB DCB|PCB KV DCB|PROG ASSY, KV DCB",4,4,0,0,0,1007288,10721,MATCHED,REF_EXACT,false
019149,019149,Canister Filter|Filtro Canister|Filtro canister|Filtro Canistar,4,4,0,0,0,019149,11225,MATCHED,REF_EXACT,false
1511862,1511862,"AI12 PCB|PCB ASSY, AI12 BIT, PROGRAMMED|(4) AI12 PCB|pcb assy ai12 bit",4,4,0,0,0,1511862,10121,MATCHED,REF_EXACT,false
45133164412,45133164412,"Potentiometer, 20k, 1 turn Fine(1)|Potenciómetro single turn 66575-ZUP-203|Fine potetiometer, 20k, si gle turno|POTENCIOMETER, 20K, SINGLE",4,4,0,0,0,4513316441202U,10990,MATCHED,REF_LIKE,true
1549816,1549816,LOWARA PUMP FRU|Bomba de Agua LOWARA|LOWARA PUMP|Lowara Pump,4,4,0,0,0,1549816,10416,MATCHED,REF_EXACT,false
1501074,1501074,"PCB Assembly, Dosimetry B|PCB ASSEMBLY, DOSIMETRY B (DOSE-B)|PCB ASSY, DOSIMETRY B|DOS B",4,4,0,0,0,1501074,11487,MATCHED,REF_EXACT,false
1551103,1551103,"mod kit/03 disc spring|mod kit, disc spring cant=2|mod kit, disc spring|Mod kit /03 DISC SPRING",4,4,0,0,0,1551103,12147,MATCHED,REF_EXACT,false
4513316442101T,4513316442101T,"Potentiometer 20K, 10T|Potenciometro 20K|potentiometer, 20k,10T|POTENCIOMETER, 20K, 10T",4,4,0,0,0,4513316442101T,10986,MATCHED,REF_EXACT,false
1548845,1548845,"Assembly, Xray tube varex|X-RAY TUBE ASSEMBLY|X-Ray Tube|Assembly, X-RAY tube Varex",4,4,0,0,0,1548845,10615,MATCHED,REF_EXACT,false
1550513,1550513,"extended imaging module XIM|extenderd imaging module ( xim)|EXT. IMAG. MOD (XIM), ASSY|EXT. IMAG. MOD. (XIM), ASSY",4,4,0,0,0,1550513,11029,MATCHED,REF_EXACT,false
1531790,1531790,"X Y Check or coarse Potentiometer|FRU X, Y, ISO CHECK PO|coarse potenciometer eje longitudinal camilla|check potenciometer eje longitudinal camilla",4,4,0,0,0,1531790,11015,MATCHED,REF_EXACT,false
1023530,1023530,Arm control board.|Arm Control Board - IviewGT|arm control board,3,3,0,0,0,1023530,10389,MATCHED,REF_EXACT,false
NOHSY,no hsy|No hsy,no hsy|No hay|no hay,3,0,0,3,0,,,NO_MATCH,NONE,true
1018874,1018874,"Diode SI 1N416CM-D023|DIODE, SI 1N416CM-D023",3,3,0,0,0,1018874,11757,MATCHED,REF_EXACT,false
45133308790,4513 330 8790|45133308790,Transformador del Gun|transformer gun|Transformador.del gun,3,3,0,0,0,45133308790,10970,MATCHED,REF_NORMALIZED_EXACT|REF_EXACT,false
1500998,1500998,Projector Led Assy Led|LED Projector|Led UV AGILITY,3,3,0,0,0,1500998,10769,MATCHED,REF_EXACT,false
BJ485322202,BJ4853.222.02,Cable assy  SK25E.|Cable Assy SK25E.|Cable Assy SK25E,3,3,0,0,0,BJ4853.222.02,11072,MATCHED,REF_EXACT,false
BJ485322302,BJ4853.223.02.|BJ4853.223.02,Cable assy SK25F.|Cable Assy SK25F.|Cable Assy SK25F,3,3,0,0,0,BJ4853.223.02,11073,MATCHED,REF_NORMALIZED_EXACT|REF_EXACT,false
45133411850,45133411850,"cable PL9|Cable Assy, PL9 to SK9|cable assy PL9 to SK9A1/2",3,0,0,0,3,,,AMBIGUOUS_MATCH,REF_LIKE,true
1535987,1535987,"tarjeta Dose Board|FRU, DOSE BOARD|1 NR Dose Board",3,3,0,0,0,1535987,11480,MATCHED,REF_EXACT,false
451362610003J,451362610003J,"(cantidad=2) BELT, TIMING, S/SIDED|belt, timing, s/sided cant=2|BELT, TIMING, S/SIDED",3,3,0,0,0,451362610003J,10998,MATCHED,REF_EXACT,false
1016518,1016518,Detector Panel PSU (XRD -EPS)|Detector Panel PSU (XRD- EPS)|detector panel PSU,3,3,0,0,0,1016518,11006,MATCHED,REF_EXACT,false
1532627,1532627,FRU GUN FILAMENT PSU,3,3,0,0,0,1532627,11681,MATCHED,REF_EXACT,false
039991290,03-999-1290,"Hexa POD, Handheld Controller|Handheld hexapod (TM)|HEXAPOD HANDHELD",3,3,0,0,0,03-999-1290,12067,MATCHED,REF_EXACT,false
1505856,1505856,KV generation|X-Ray Generator|MRT 23871 KV GENERATOR 400V,3,3,0,0,0,1505856,12120,MATCHED,REF_EXACT,false
0000,0000,Copla Festo|PCB alimentacion filamento magnetron|Cable de red CAT6,3,0,0,0,3,,,AMBIGUOUS_MATCH,REF_LIKE,true
1505146,1505146,"pcb assembly citb|CITB|PCB ASSEMBLY, CITB",3,3,0,0,0,1505146,10203,MATCHED,REF_EXACT,false
1546731,1546731,"contactor 24 vol 50 Hz 50 amp (con A)|Contactor, 24v, 50hz, 50A, siemens 3rt CON A|CONTACTOR CON A",3,3,0,0,0,1546731,12016,MATCHED,REF_EXACT,false
1024545,1024545,User Interface Side B|USER INTERFACE SIDE B FRU,3,3,0,0,0,1024545,11812,MATCHED,REF_EXACT,false
1526644,1526644,"PCB Assy, Wedge Control |pcb assy, Wedge control |PCB Wedge Control",3,0,0,3,0,,,NO_MATCH,NONE,true
1014204,1014204,Ion Chember Assembly s/n: 07201000163175-2|ion chamber assembly|ION CHAMBER ASSEMBLY,3,3,0,0,0,1014204,10952,MATCHED,REF_EXACT,false
1507972,1507972,Voltaje Regulator PCB|Voltage regulator pcb Assy|Voltage Regulator PCB,3,3,0,0,0,1507972,11308,MATCHED,REF_EXACT,false
080140,080140,FIBER OPTIC FOR INDEXER|Fiber Optic,3,3,0,0,0,080140,12197,MATCHED,REF_EXACT,false
1027687,1027687,detector imaging panel (ap)|Detector imaging panel (AP)|xrd 1642 ap3 kv panel,3,3,0,0,0,1027687,12201,MATCHED,REF_EXACT,false
1553878,1553878,"Z motor abd Brake|Z motor and brake|FRU, Z DRIVE MOTOR/BRAKE ASSEMBLY",3,0,0,0,3,,,AMBIGUOUS_MATCH,REF_LIKE,true
1509023,1509023,"cable assembly, area 60 to area 70|cable assembly, area 60 to 16|cable assembly, area 60 ",3,3,0,0,0,1509023,12216,MATCHED,REF_EXACT,false
1007099,1007099,Longitudinal PCB limit switch assembly|ASSEMBLY LIMIT SWITCH|assembly limit swich,3,3,0,0,0,1007099,11641,MATCHED,REF_EXACT,false
4513341220301G,4513341220301G,"CABLE, T-GUARD AND LAT MOTOR|Cable, T - Guard and L|cable T-GUARD and LAT motor",3,3,0,0,0,4513341220301G,11693,MATCHED,REF_EXACT,false
1569678,1569678,"solenoid m switch kit, arm assy|SOLENOID MICROSWITCH KIT, ARM ASSEMBLY|FCO hardware modkit (solenpid microswitch for imaging Arms",3,3,0,0,0,1569678,12244,MATCHED,REF_EXACT,false
1556286,1556286,diaphragm brakes spare kit|FRU Assembly wegde|Fru assembly Wedge,3,0,0,3,0,,,NO_MATCH,NONE,true
1572991,1572991,FRU Z MTR BRUSH SET (E CRAFT)|FRU Z MOTOR BRUSH SET,3,3,0,0,0,1572991,10978,MATCHED,REF_EXACT,false
0,0,no|no.|N/A,3,0,0,3,0,,,NO_MATCH,NONE,true
1531853,1531853,"FRU X, Y FINE POT.MET|Fine potenciometer eje longitudinal camilla precise|fine potenciometer eje longitudinal camilla precise",3,3,0,0,0,1531853,11014,MATCHED,REF_EXACT,false
1007545,1007545|1007545.,MLC reflector spares kit|Dos reflectores láminas Y1-1 y Y2-1.,2,2,0,0,0,1007545,11569,MATCHED,REF_EXACT|REF_NORMALIZED_EXACT,false
1010495,1010495|1010495.,Camera mirror assemb|Camera mirror,2,2,0,0,0,1010495,11570,MATCHED,REF_EXACT|REF_NORMALIZED_EXACT,false
45133327662,45133327662|45133327662.,Beam Splitter mirror|Beam splitter mirror.,2,2,0,0,0,45133327662,11571,MATCHED,REF_EXACT|REF_NORMALIZED_EXACT,false
1026565,1026565,Temp Controller NSerie 900658090004|Temperature Controler,2,2,0,0,0,1026565,11028,MATCHED,REF_EXACT,false
653950001,653950-001,Disco HP 146GB 15K 6G SFF DÍAS x1|Disco HP 146GB 15K 6G SSF SAS HDD,2,2,0,0,0,653950,11296,MATCHED,REF_LIKE,true
1516753,1516753,"Tarjeta Electrónica Tiratrón Pulser|PCB ASSY, THYRATRON PULSE",2,2,0,0,0,1516753,10793,MATCHED,REF_EXACT,false
1510260,1510260,KV Panel Detector|panel XVI,2,0,0,0,2,,,AMBIGUOUS_MATCH,REF_LIKE,true
1510260R,1510260R,KV Detector Panel|KV Detector Panel (XVI),2,2,0,0,0,1510260R,10703,MATCHED,REF_EXACT,false
13289,13289,Ampolleta Halogena 13.8v 50W|Ampolleta halógeno,2,0,0,2,0,,,NO_MATCH,NONE,true
1507089,1507089,PCB Router|Router PCB,2,2,0,0,0,1507089,11644,MATCHED,REF_EXACT,false
45133501070,45133501070,Pendant - Handheld Controller|hand held controller,2,2,0,0,0,45133501070,10566,MATCHED,REF_EXACT,false
R1510260,R1510260,Panel XVI|Panel de XVi,2,2,0,0,0,R1510260,11815,MATCHED,REF_EXACT,false
45133305658,4513 330 5658|45133305658,Multiplex Terminal Unit (MTU).  N/S 2115995|Multiplex Terminal Unit (MTU) - Cantidad 2,2,2,0,0,0,45133305658_usado,11864,MATCHED,REF_LIKE,true
4513332644304F,4513332644304F,01 Motor Assembly|01 motor Assembly,2,2,0,0,0,4513332644304F,10304,MATCHED,REF_EXACT,false
8113024252101J,8113024252101J,01 Lead Screw Assembly|01 leadscrew assy,2,2,0,0,0,8113024252101J,10325,MATCHED,REF_EXACT,false
1022096,1022096,FAN ASSY 70X70X15MM|Fan Assy 70x70,2,2,0,0,0,1022096,10775,MATCHED,REF_EXACT,false
553290240040,55.32.9.024.0040.|55.32.9.024.0040,Relay Finder 24 Vdc. (proporcionado por clinica)|3 Relayes Finder 24 Vdc.,2,0,0,2,0,,,NO_MATCH,NONE,true
1015493,1015493,Expansión  pressure Vessel|Expansión Vessel,2,2,0,0,0,1015493,12045,MATCHED,REF_EXACT,false
45133411788,45133411788,Longitudinal brake assembly|Brake Assembly,2,2,0,0,0,45133411788,11049,MATCHED,REF_EXACT,false
1532432,1532432.|1532432,Gun filament PSU. N/S 153243219020.|GUN FILAMENT PSU,2,0,0,2,0,,,NO_MATCH,NONE,true
1018121,1018121,Motor de movimiento vertical de camilla|FRU Z Drive,2,0,0,2,0,,,NO_MATCH,NONE,true
45133302802,45133302802,"Motor Assembly, Panc (cantidad 2)|motor assembly, pancake",2,2,0,0,0,45133302802,10997,MATCHED,REF_EXACT,false
2327189,2327189,6 Lámparas UV|Lámparas UV,2,2,0,0,0,2327189,11193,MATCHED,REF_EXACT,false
BJ5590002,BJ5590.002.|BJ5590.002,Ion Chamber. Numero de serie CHA0544.|ION CHAMBER,2,0,0,2,0,,,NO_MATCH,NONE,true
SPN,S/P.N.|S/PN,Cable PL5|Graphite Nut,2,0,0,2,0,,,NO_MATCH,NONE,true
NOUTILIZADO,No utilizado,No utilizado,2,0,0,2,0,,,NO_MATCH,NONE,true
45133416574,45133416574,Microswitch Plunger Assembly|tarjeta micro swich,2,0,0,0,2,,,AMBIGUOUS_MATCH,REF_NORMALIZED_EXACT,true
4513332644381130242521,"45133326443
81130242521","motor assembly
leadscrew assy|MotorAssenbly
Leadscrew Assy",2,0,0,2,0,,,NO_MATCH,NONE,true
45133400146,45133400146,"Slittless flight tube, service spare kit|Slitless flight tube kit",2,2,0,0,0,45133400146,11837,MATCHED,REF_EXACT,false
1023830,1023830,"Assembly, 160MLC PSU, UR SOLUTION|160 MLC PSU",2,0,0,2,0,,,NO_MATCH,NONE,true
45133411940,45133411940,Long (upper) roller-blind assembly (1)|Roller Superior,2,0,0,2,0,,,NO_MATCH,NONE,true
1050661,1050661,detector cable A (C)|Iviewc Cable Cable Detector,2,2,0,0,0,1050661,11379,MATCHED,REF_EXACT,false
1531848,1531848,FRU X Driver (D Shape)|FRU X DRIVE ASSEMBLY (EJE LONGITUDINAL),2,2,0,0,0,1531848,12092,MATCHED,REF_EXACT,false
45133318457,45133318457,"FRU EIM ltu pcb|FRU, RIM LTU PCB",2,2,0,0,0,45133318457,11011,MATCHED,REF_EXACT,false
45133903544,4513 390 3544,SIB PCB,2,2,0,0,0,45133903544_Iss.04,10935,MATCHED,REF_LIKE,true
CF25HA1,CF25HA-1,Obturador de Camara de Video (FUJIFILM)|Obturador de cámara de video (Fujifilm),2,0,0,2,0,,,NO_MATCH,NONE,true
1535807,1535807,"Mod Kit, Transformer, cantidad 1|Mod kit, Transformer thyratron T2 and NTC thermistor",2,2,0,0,0,1535807,11525,MATCHED,REF_EXACT,false
1514986,1514986,Diaphragm PCB|Assy Diaphragms and DLG PCB,2,2,0,0,0,1514986,10131,MATCHED,REF_EXACT,false
1534191,1534191,"PCB 2, Side A, Assembly|PCB 2 SIDE A, Assembly.   Cant: 1",2,2,0,0,0,1534191,11018,MATCHED,REF_EXACT,false
1016984,1016984,Iso Rotation brake|Freno Isorot,2,2,0,0,0,1016984,10906,MATCHED,REF_EXACT,false
P1094996,P1094996,Módulo de Corte de etiquetas|Modulo de corte Zebra Printer,2,0,0,2,0,,,NO_MATCH,NONE,true
45133308034,45133308034,Magnetròn usado MG6363.|MAGNETRON MG6363,2,2,0,0,0,45133308034,12128,MATCHED,REF_EXACT,false
1509024,1509024,"cable assy, Area 60 to plgipi|cable assy, area 60 to PLGIPI1 ",2,2,0,0,0,1509024,12212,MATCHED,REF_EXACT,false
T0001098801NR2,T00010988-01-NR2|T00010988-01-NR-2,Soporte Jeringa 20ml|Soporte de jeringa 50ml,2,2,0,0,0,T00010988-01-NR2,11900,MATCHED,REF_EXACT|REF_NORMALIZED_EXACT,false
BJ3324003,BJ3324.003,Guía de Onda|G/O TB-6U,2,0,0,2,0,,,NO_MATCH,NONE,true
1554784,1554784,camera cable,2,2,0,0,0,1554784,11159,MATCHED,REF_EXACT,false
45133308244,45133308244,"CABLE ASSEMBLY|Cable, Varían IPCU to Varían ion pump",2,2,0,0,0,45133308244,12053,MATCHED,REF_EXACT,false
45133308730,45133308730,HH RECEIVER UNIT|H.H.C RECIEVER UNIT Mk2,2,2,0,0,0,45133308730,12139,MATCHED,REF_EXACT,false
45133318990,45133318990,FRU X-BRAKE|FRU - BRAKE ASSY - x,2,2,0,0,0,45133318990,11161,MATCHED,REF_EXACT,false
45133302612,45133302612,"gearbox & brake, fru |GEARBOX AND BRAKE FRU (REAR)",2,2,0,0,0,45133302612,10995,MATCHED,REF_EXACT,false
1515997,1515997,Thyratron|Thyratron GL1551A,2,2,0,0,0,1515997,12245,MATCHED,REF_EXACT,false
261308039505,261308039505,seal,2,2,0,0,0,261308039505,11840,MATCHED,REF_EXACT,false
1515219,1515219,Gasket 70mm falange copper|gasket 70mm flange,2,2,0,0,0,1515219,11752,MATCHED,REF_EXACT,false
1532592,1532592,BMDM spares kit|BMDM fru kit,2,2,0,0,0,1532592,12268,MATCHED,REF_EXACT,false
45133326590,45133326590,CAMERA LENS ASSEMBLY|Camera Lens Assembly,2,2,0,0,0,45133326590,11568,MATCHED,REF_EXACT,false
1567203,1567203,"Prog. PCB ASSY MTU|PROGRAMMED ASSY, MTU",2,2,0,0,0,1567203,11005,MATCHED,REF_EXACT,false
1569146,1569146,"PCB ARM CONTROLBOARD|Fru, KV ACB programmed ",2,2,0,0,0,1569146,10386,MATCHED,REF_EXACT,false
1070431110777111,"107043-11
107771-11","Computador TCS HP 5810 RP5
DVD instalación y Servicio Oncentra TCS",1,1,0,0,0,107043,11724,MATCHED,REF_LIKE,true
451333326854,451333326854,"Mout, mirror (mylar)",1,0,0,1,0,,,NO_MATCH,NONE,true
4513332766303F,4513332766303F,proyector mirror Assy,1,1,0,0,0,4513332766303F,11567,MATCHED,REF_EXACT,false
155579,155579,Lens Ricoh FL-Bc1218A,1,0,0,1,0,,,NO_MATCH,NONE,true
MOTORES451333264430TORNILLO8113024252101,"motores: 451333264430
tornillo: 8113024 2521_01",03 motores y 01 tornillo.,1,0,0,1,0,,,NO_MATCH,NONE,true
1347987,1347987,pcb motor drive,1,0,0,1,0,,,NO_MATCH,NONE,true
1018268,1018268,"FRU MOTOR BRUSH SET (ELECTROCRAFT).
",1,0,0,1,0,,,NO_MATCH,NONE,true
669324B21,669324-B21,Memoria HP 8GB PC3-12600 DDR3 ECC x64,1,1,0,0,0,669324-B21,11303,MATCHED,REF_EXACT,false
45143326854451333276624513332766245133164412,"4514 332 6854
4513 332 7662
4513 332 7662
4513 316 4412","Mirror Assembly
Beam Spitter Mirror Assy
Beam Spitter Mirror
Fine Pot 20K ",1,1,0,0,0,45133327662,11571,MATCHED,REF_LIKE,true
CAFE2335689,cafe 2335689,Escobas huaipe,1,0,0,1,0,,,NO_MATCH,NONE,true
647907B21,647907-B21,HP 4GB 2RX8 PC3L-10600E MEMORY MODULE (1X4GB),1,0,0,1,0,,,NO_MATCH,NONE,true
C7975A,C7975A,HPE Ultrium LTO-5 3TB RW Data Tape,1,0,0,1,0,,,NO_MATCH,NONE,true
45133318864,4513 331 8864,Potenciometro Check,1,1,0,0,0,45133318864,10981,MATCHED,REF_NORMALIZED_EXACT,false
1505720,1505720,PCB Detector Control Board (DCB),1,1,0,0,0,1505720,10393,MATCHED,REF_EXACT,false
100000001,100000001,barros luco,1,0,0,1,0,,,NO_MATCH,NONE,true
T21321900352,T21321900352,fusible de retardo 10 amp.,1,0,0,1,0,,,NO_MATCH,NONE,true
1526647,1526647,DLG PCB,1,0,0,1,0,,,NO_MATCH,NONE,true
RELAYSINNUMEROMAGNETRONMG5193,"Relay sin numero.

Magnetron MG5193","Relay de 24 Vdc.

Magnetron e2V Teledyne  Número serie 18351056C",1,0,0,1,0,,,NO_MATCH,NONE,true
45133502668102493901,45133502668 / 1024939 01,resorte y ventilador,1,0,0,0,1,,,AMBIGUOUS_MATCH,REF_LIKE,true
451533048000,4515 330 48000,GUN ASSY,1,0,0,1,0,,,NO_MATCH,NONE,true
451333117858,4513 331 17858,FRU ISO ROTATION,1,0,0,1,0,,,NO_MATCH,NONE,true
1017392,1017392,Kit arm actuator,1,1,0,0,0,1017392,11552,MATCHED,REF_EXACT,false
SN91951712,S/N 91951712,Thales TH 7195 B,1,0,0,1,0,,,NO_MATCH,NONE,true
10000956417,1000095641/7,Service Slitless Flight,1,0,0,1,0,,,NO_MATCH,NONE,true
451333041000Y,451333041000Y,Drift Tube,1,1,0,0,0,45133304100,11839,MATCHED,REF_LIKE,true
2456,2456,hhhh,1,0,0,1,0,,,NO_MATCH,NONE,true
1501062,1501062,Pcb logical control unit,1,0,0,1,0,,,NO_MATCH,NONE,true
45133904974,45133904974,PCB2 Thumbwheel Table User Interface Side A,1,0,0,1,0,,,NO_MATCH,NONE,true
160406,160406,Tarjeta Electrónica Generadora de Pulsos PPG,1,0,0,1,0,,,NO_MATCH,NONE,true
01OFELK28113024252101J,01 OF ELK2 / 8113 024 252101j,motor 01of  ELK2 / Tornillo,1,1,0,0,0,8113024252101J,10325,MATCHED,REF_LIKE,true
1509981NUMEROSERIE150998117084,"1509981

Numero Serie 150998117084.",Gun Filament Power Supply.,1,0,0,1,0,,,NO_MATCH,NONE,true
CX1154L,CX1154L,Válvula Electrónica Tiratrón marca Elekta Nro de Serie 38884 (nueva),1,0,0,1,0,,,NO_MATCH,NONE,true
1509981ISS02SN150998117091,1509981. ISS 02.   S/N 150998117091,Gun Filament Power Supply,1,0,0,1,0,,,NO_MATCH,NONE,true
MODELO5295001R001,modelo 5295001R001,Fuente de Bonbas de Vacio,1,0,0,1,0,,,NO_MATCH,NONE,true
TRANSISTORESC3907,Transistores C3907,"Fusible 2Amp. 250V.

4 transistores de potencia. ",1,0,0,1,0,,,NO_MATCH,NONE,true
039991204,03-999-1204,Calibration Tool SN: 2016030911,1,1,0,0,0,03-999-1204,11995,MATCHED,REF_EXACT,false
HNM101MBBZ4,HN-M101MBB/Z4,HDD Samsung 1TB,1,0,0,1,0,,,NO_MATCH,NONE,true
VARTA36VDC150MAH,Varta 3.6 vdc 150mAh,Bateria LCD Dose,1,0,0,1,0,,,NO_MATCH,NONE,true
1007897,1007897,"Spare Kit, cathode filament carrier assy.  ",1,1,0,0,0,1007897,10784,MATCHED,REF_EXACT,false
4513316484002R,4513316484002R,Fusible de 10 amp,1,1,0,0,0,4513316484002R,11977,MATCHED,REF_EXACT,false
12P754WZ058,12P754WZ058,Valvula motora circuito interno de agua,1,0,0,1,0,,,NO_MATCH,NONE,true
IONCHAMBER101420408SIB1006737,"Ion Chamber. 1014204-08

SIB. 1006737","Ion Chamber. Serie 07181000106B40-8

Signal Input Board PCB. Serie 2488895. 
",1,1,0,0,0,1014204,10952,MATCHED,REF_LIKE,true
5295001R001,5295001R001,Ipcu 2 ch  positive,1,0,0,1,0,,,NO_MATCH,NONE,true
1020850SERIALNRO2109688,1020850 serial nro.2109688,Programmed PCB (PPG),1,1,0,0,0,1020850,11004,MATCHED,REF_LIKE,true
1516940,1516940,2 x Leaf Motor Drive Module PCB,1,0,0,1,0,,,NO_MATCH,NONE,true
45133308710,45133308710,Fuente de Poder,1,0,0,1,0,,,NO_MATCH,NONE,true
101674,101674,"2 Nr. Kit spares, DLG Brake. ",1,0,0,1,0,,,NO_MATCH,NONE,true
1015459,1015459,Tarjeta electrónica Linac Interface Board (LIB),1,0,0,1,0,,,NO_MATCH,NONE,true
ATA3004,at-a3004,Filament Driver,1,1,0,0,0,SAT-A3004-10,12080,MATCHED,REF_LIKE,true
153848,153848,"PCB ASSY, DLG AND DIAPHRAGM DRIVE",1,0,0,1,0,,,NO_MATCH,NONE,true
1510261,1510261,Panel MV,1,1,0,0,0,1510261,11553,MATCHED,REF_EXACT,false
LEAD8113024252101JMOTOR4513332644304F,"Lead 8113024252101J. 
Motor 4513332644304F.","Motor Assy.
Lead Screw Assemly. ",1,0,0,0,1,,,AMBIGUOUS_MATCH,REF_LIKE,true
THKAFBLF70,THK AFB-LF+70,Grasa de propósito general.,1,0,0,1,0,,,NO_MATCH,NONE,true
45133315188,45133315188,"2Nr. Strut, gas modified. ",1,1,0,0,0,45133315188,10956,MATCHED,REF_EXACT,false
RG8U,RG8U,Cable coaxial,1,0,0,1,0,,,NO_MATCH,NONE,true
ZN11E9RZ,ZN11E9RZ,Disco Duro Seagates 1TB Barracuda,1,0,0,1,0,,,NO_MATCH,NONE,true
SS,S/S,Halogen Optic Lamp 12V-75W,1,0,0,1,0,,,NO_MATCH,NONE,true
A300410NSS1522PRP,A3004-10.   N/S S1522 PRP,PCB Filament Drive.,1,0,0,1,0,,,NO_MATCH,NONE,true
T821321900352,T 821321900352,Fuse 32 x 6.  10A,1,1,0,0,0,821321900352,11061,MATCHED,REF_LIKE,true
T821321900352Y821321900350,"T 821321900352
Y 821321900350","Fuse 32V/10A
Fuse 250V/500mA",1,1,0,0,0,821321900352,11061,MATCHED,REF_LIKE,true
32V10A,32V10A,Fusible retardo 10A,1,0,0,1,0,,,NO_MATCH,NONE,true
465111028,465111028,OSRAM Lamp 48870 WFL ES,1,0,0,1,0,,,NO_MATCH,NONE,true
WD10EZEX,WD10EZEX,Disco Duro Western digital 1TB,1,0,0,1,0,,,NO_MATCH,NONE,true
CX1154L45133165177,CX 1154L 45133165177,Thyratron.,1,1,0,0,0,45133165177,10716,MATCHED,REF_LIKE,true
4513332764704C,4513332764704c,Fan Sub Assy,1,1,0,0,0,45133327647,12247,MATCHED,REF_LIKE,true
45133326275,45133326275,Screen Assembly,1,0,0,0,1,,,AMBIGUOUS_MATCH,REF_LIKE,true
10LITROS,10 Litros,Agua Bidestilada,1,0,0,1,0,,,NO_MATCH,NONE,true
5333541,533-3541,LM2594HVN,1,0,0,1,0,,,NO_MATCH,NONE,true
F8915,F8915,"4 Transistores de potencia BU508V F8915, SELLO DE CAÑERÍAS, teflón ",1,0,0,1,0,,,NO_MATCH,NONE,true
2622855188381015076,"-262285518838
-1015076","-DRIVE BELT
-CABLE RETRACTIL SK2",1,1,0,0,0,1015076,10957,MATCHED,REF_LIKE,true
2231762,2231762,Balanza Metler Toledo 6002,1,1,0,0,0,2231762,12311,MATCHED,REF_EXACT,false
55329024004RELEAUXSERIE552P10ABOB24VDC,"55.32.9.024. 004 Rele Aux. serie ""55"" 2P. 10 A.  Bob 24 Vdc.",Relay Finder,1,0,0,1,0,,,NO_MATCH,NONE,true
UUY,uuy,jj,1,0,0,1,0,,,NO_MATCH,NONE,true
1532434ISS01,"1532434  Iss. 01
","Vacuum pump PSU.

S/N 153243417003.
",1,0,0,1,0,,,NO_MATCH,NONE,true
4513330824301,45133308243 01,cable de alta tension Bomba ionica,1,1,0,0,0,45133308243_01,11246,MATCHED,REF_NORMALIZED_EXACT,false
45133902234,4513 390 2234.,PCB Driver 33B.,1,0,0,1,0,,,NO_MATCH,NONE,true
KBC500850AMP,KBC 5008 (50 Amp.),Puente rectificador.,1,0,0,1,0,,,NO_MATCH,NONE,true
1015229,1015229,nueces cortas de laminas,1,0,0,1,0,,,NO_MATCH,NONE,true
SN040104285,SN: 040104285,Laser Sagital,1,0,0,1,0,,,NO_MATCH,NONE,true
SN002148002,SN: 002148-002,Laser Fijo lado B,1,0,0,1,0,,,NO_MATCH,NONE,true
SN002148001,SN: 002148-001,Laser Fijo lado A,1,0,0,1,0,,,NO_MATCH,NONE,true
SN029488019,SN: 029488-019,Control de Mando de Laser,1,0,0,1,0,,,NO_MATCH,NONE,true
1008587,1008587,MLC Electrónic Assy.,1,1,0,0,0,1008587,11122,MATCHED,REF_EXACT,false
677,677,bbb,1,0,0,1,0,,,NO_MATCH,NONE,true
150044502,1500445 02,DLG PCB,1,1,0,0,0,1500445,10253,MATCHED,REF_LIKE,true
NOTIENE,No tiene,"Acido EDTA, tetrasodico.",1,0,1,0,0,,,PLACEHOLDER_VALUE,PLACEHOLDER_REJECTED,true
45133904984,45133904984,PCB SIDE B mesa precise,1,0,0,1,0,,,NO_MATCH,NONE,true
420017,420017,Smart Clamp Fresenius Freeflex,1,1,0,0,0,420017,11126,MATCHED,REF_EXACT,false
4B1915P25633,4B1915P25633,UPS APC 959VA,1,0,0,1,0,,,NO_MATCH,NONE,true
153360401151183302151160601,"1533604-01
1511833-02
1511606-01","Transformador de pulso
cable de Alta tension de modulador
resistencia Transformador de pulso.",1,0,0,0,1,,,AMBIGUOUS_MATCH,REF_LIKE,true
300GB,300gb,Disco Duro HP,1,1,0,0,0,SKM_300_GB_128D,12018,MATCHED,REF_LIKE,true
LASERODIKIT,Laser ODI KIt,1502613,1,0,0,1,0,,,NO_MATCH,NONE,true
45133304800SERIE2676,4513 330 4800 serie 2676,Gun Assy,1,1,0,0,0,45133304800,10375,MATCHED,REF_LIKE,true
1502964REPUESTODECLIENTE,1502964 (repuesto de cliente),repuesto de CLIENTE,1,1,0,0,0,1502964,10892,MATCHED,REF_LIKE,true
2466801,2466801,cable espiral robot,1,1,0,0,0,2466801,11245,MATCHED,REF_EXACT,false
130144,130144,Canister filter bag,1,0,0,1,0,,,NO_MATCH,NONE,true
1021026,1021026,"Assy, Ruby. ",1,0,0,1,0,,,NO_MATCH,NONE,true
BJ59481681026469,BJ5948.168. (1026469),Dose board.,1,0,0,1,0,,,NO_MATCH,NONE,true
1534598,1534598,Kit de leaf motor,1,0,0,1,0,,,NO_MATCH,NONE,true
4513390489402,4513390489402,"PCB1, SIDE A, ASSEMBLY",1,1,0,0,0,45133904894,12325,MATCHED,REF_LIKE,true
1007288SERIE2308926,1007288 serie: 2308926,Detector Control Board,1,1,0,0,0,1007288,10721,MATCHED,REF_LIKE,true
BJ6219002,BJ6219.002,Arm Cable-B,1,1,0,0,0,BJ6219.002.02,11311,MATCHED,REF_LIKE,true
4714501006,4714501006.,Thyratron CX1551.,1,1,0,0,0,4714501006,11282,MATCHED,REF_NORMALIZED_EXACT,false
B625655182,B625655182,Balanza Metler Toledo WM6002,1,0,0,1,0,,,NO_MATCH,NONE,true
262285518838K,262285518838K,Drive Belts,1,1,0,0,0,262285518838K,10836,MATCHED,REF_EXACT,false
1525500,1525500.,Assy Rubí,1,1,0,0,0,1525500,11033,MATCHED,REF_NORMALIZED_EXACT,false
45133317840,45133317840,Check / Coarse Pot and Cable 2 Unidades,1,1,0,0,0,45133317840,11162,MATCHED,REF_EXACT,false
45133317881,45133317881,Fine Pot and Cable,1,1,0,0,0,45133317881,11606,MATCHED,REF_EXACT,false
45133411848,45133411848,cable Sk7A,1,0,0,1,0,,,NO_MATCH,NONE,true
CABLESUSTITUTO,Cable sustituto.,_ Cable de HT.,1,0,0,1,0,,,NO_MATCH,NONE,true
45133327663,45133327663.,Projector mirror.,1,1,0,0,0,4513332766303F,11567,MATCHED,REF_LIKE,true
C7976A,C7976A,Kit de Cintas LTO6,1,1,0,0,0,C7976A,11307,MATCHED,REF_EXACT,false
244120001143,244120001143,Gabinete Iview MK-6,1,0,0,1,0,,,NO_MATCH,NONE,true
1519103REV02,1519103_Rev02,Dosimetry Board A Programmed,1,1,0,0,0,1519103,11588,MATCHED,REF_LIKE,true
45133304326,45133304326,Output Windows Serie 1000109300,1,1,0,0,0,45133304326,10458,MATCHED,REF_EXACT,false
1501074REV02,1501074 Rev. 02,"PCB ASSEMBLY, DOSIMETRY B",1,1,0,0,0,1501074,11487,MATCHED,REF_LIKE,true
1016850,1016850,MLC Camera Cable,1,0,0,1,0,,,NO_MATCH,NONE,true
45133302156,45133302156,gearbox,1,0,0,1,0,,,NO_MATCH,NONE,true
1517618,1517618,control FKP,1,0,0,1,0,,,NO_MATCH,NONE,true
ZQEXBEH8TE46GHJK2EXZX8CVBNMQQ2,"zQeXBE,H8):Te'46ghjk2(Exzx8cvbnmqq2]","No Corresponde, sólo caracterización de Nva. Licencia y configuraciones del especialista.",1,0,0,1,0,,,NO_MATCH,NONE,true
PN45133308530,PN  4513 330 8530,Magnetron e2V MG6370E.  Número de serie  18388765.,1,1,0,0,0,45133308530,11007,MATCHED,REF_LIKE,true
1516728VS02,1516728 vs 02,BMDM - DVD Update de FCO IGUIDE,1,0,0,1,0,,,NO_MATCH,NONE,true
1010461,1010461,Cab Assy,1,0,0,1,0,,,NO_MATCH,NONE,true
BJ9100009,BJ9100.009,"Fru, Ion Chamber",1,1,0,0,0,BJ9100.009,11173,MATCHED,REF_EXACT,false
P01366B21,P01366-B21,HPE 96W Smart storege battery,1,0,0,1,0,,,NO_MATCH,NONE,true
749796,749796,"HPE SMART ARRAY, adtive raid on",1,1,0,0,0,749796-001,11305,MATCHED,REF_LIKE,true
45133318950,4513 331 8950,Freno X Longitudinal de camilla,1,0,0,1,0,,,NO_MATCH,NONE,true
BJ598905143924011013627401103,"BJ5989.051
4392401101
3627401103","95 mm Flexible RF
R.F. Seal 6268
O-ring 101x75 FPM",1,0,0,0,1,,,AMBIGUOUS_MATCH,REF_LIKE,true
45133412203ISSUE01,45133412203 issue 01,"Sk19 - sk13A - sk3(A,B,C,D)",1,0,0,1,0,,,NO_MATCH,NONE,true
232266153211,2322 661 53211,Thermistor PTC TH1,1,0,0,1,0,,,NO_MATCH,NONE,true
1538489REV02,1538489 REv 02,PCB Video XVI y PCB DLG's,1,0,0,1,0,,,NO_MATCH,NONE,true
1022595,1022595,2 Way Water Valve Replacement mod kit,1,1,0,0,0,1022595,11805,MATCHED,REF_EXACT,false
PN1015075PN1015076PN8113024252101J,"P/N 1015075
P/N 1015076
P/N 8113024252101J","01 cinta SK25AA
01 cints SK25BB
01 leadscrew assembly",1,0,0,0,1,,,AMBIGUOUS_MATCH,REF_LIKE,true
451339090254513332644304F,"45133909025
4513332644304F","02 Motor Driver Board
06 Motor Assembly",1,0,0,0,1,,,AMBIGUOUS_MATCH,REF_LIKE,true
45133502668,45133502668,Spring,1,1,0,0,0,45133502668,10704,MATCHED,REF_EXACT,false
45133412203,45133412203,Cable SK19 Touchguard para Panel KV,1,1,0,0,0,4513341220301G,11693,MATCHED,REF_LIKE,true
1016246,1016246,Assy Leafbank Flex Circuit,1,1,0,0,0,1016246,10773,MATCHED,REF_EXACT,false
4513390460,4513390460,Tarjeta de control de IviewGt,1,0,0,1,0,,,NO_MATCH,NONE,true
4513390560,4513390560,Tarjeta dd mando Iviewgt,1,0,0,1,0,,,NO_MATCH,NONE,true
1516657,1516657,Lesf Motor Drive PCB,1,0,0,1,0,,,NO_MATCH,NONE,true
1010460,1010460,cable assy,1,0,0,1,0,,,NO_MATCH,NONE,true
NU,N/U,N/U,1,0,0,1,0,,,NO_MATCH,NONE,true
NUTILIZADO,N/ utilizado,N/ utilizado,1,0,0,1,0,,,NO_MATCH,NONE,true
WATERVALVE1022595FRUXYDRIVEUNIT45133318440,"water Valve 1022595
Fru XY drive Unit 45133318440","water Valve - 1
Fru XY drive Unit - 1

",1,0,0,0,1,,,AMBIGUOUS_MATCH,REF_LIKE,true
F153053FV,F153053FV,copla FESTO RACOR RAPIDO ROSC.QSL-3/8-12,1,1,0,0,0,F153053FV,11825,MATCHED,REF_EXACT,false
45133318440,45133318440,Fru XY Drive Unit(1),1,1,0,0,0,45133318440,11651,MATCHED,REF_EXACT,false
45133317157,45133317157,"timing belt 16T5 DL, 1263mm(1)",1,1,0,0,0,45133317157,11046,MATCHED,REF_EXACT,false
101647415384891527044,"1016474
1538489
1527044","kit, spares, dlg bra (2)
pcb assy, dlg and diaphram drive (1)
programmed pcb assy, router (1)
",1,0,0,1,0,,,NO_MATCH,NONE,true
45133317815,45133317815,csk scr m4 (tornillo)  cant 1,1,1,0,0,0,45133317815_01,11456,MATCHED,REF_LIKE,true
REEMPLAZOPORUNOSIMILARCARACTERISTICASPERNERIA,Reemplazo por uno similar características perneria.,Perno Hex. 5/8 Grado 8,1,0,0,1,0,,,NO_MATCH,NONE,true
128345,128345,Motor de identificación de viales,1,1,0,0,0,128345,12310,MATCHED,REF_EXACT,false
BJ621900102,BJ6219.001.02,Arm brake cable-A.,1,1,0,0,0,BJ6219.001.02,11310,MATCHED,REF_EXACT,false
MG6070ESERIE21051168,MG6070E SERIE: 21051168,Magnetron,1,0,0,1,0,,,NO_MATCH,NONE,true
8113024252145133326443,"81130242521
45133326443","leadscrew Assy
motor assembly",1,0,0,1,0,,,NO_MATCH,NONE,true
XD12038A2HS,XD12038A2HS,4 Ventiladores de 220V/50Hz,1,0,0,1,0,,,NO_MATCH,NONE,true
1021309,1021309,Wedge PCB,1,1,0,0,0,1021309___1564281,10764,MATCHED,REF_LIKE,true
31800000643,31800000643,Filtro superior DUG B SP 519 H14,1,0,0,1,0,,,NO_MATCH,NONE,true
1541653,1541653,"Drift tube assembly , FRU viton",1,1,0,0,0,1541653,11855,MATCHED,REF_EXACT,false
22222,22222,Repuesto 1,1,0,0,1,0,,,NO_MATCH,NONE,true
SINPARTNUMBER,Sin part number,Insumo,1,0,0,1,0,,,NO_MATCH,NONE,true
1533330,1533330,"Fru, Z motor brush Set",1,0,0,1,0,,,NO_MATCH,NONE,true
1500443,1500443,LED PCB Rev. 2,1,1,0,0,0,1500443_02,11164,MATCHED,REF_LIKE,true
BJ485322801,BJ4853.228.01,Cable X30B-X43,1,1,0,0,0,BJ4853.228.01,11851,MATCHED,REF_EXACT,false
45133904034,45133904034,PCB Assy motor therm,1,1,0,0,0,45133904034,10399,MATCHED,REF_EXACT,false
1006860153836145133400146,"1006860
1538361
45133400146","Dos Bombas Ionicas
Un Drift Tube 
un Fly Tube
sellos de Drift Tube",1,0,0,0,1,,,AMBIGUOUS_MATCH,REF_LIKE,true
4513335408510084614513390804410154591013485,"45133354085
1008461
45133908044
1015459
1013485","Mother board
Control Processor PCB
Serial link Isolation PCB
Linac Interface PCB
Cable Sata",1,0,0,0,1,,,AMBIGUOUS_MATCH,REF_LIKE,true
1016641,1016641,"ASSY, ACCESORY PCB & BRACKET",1,1,0,0,0,1016641,10762,MATCHED,REF_EXACT,false
10150751015076,1015075 / 1015076,(2) CABLE RETRACTILE SK25A Y SK25B,1,0,0,0,1,,,AMBIGUOUS_MATCH,REF_LIKE,true
CR2032,CR2032,(2) Pilas,1,0,0,1,0,,,NO_MATCH,NONE,true
45133307890,45133307890,IPCU,1,1,0,0,0,45133307890,10423,MATCHED,REF_EXACT,false
EL469506,EL469506,Framegrabber for Iview,1,0,0,1,0,,,NO_MATCH,NONE,true
NUMERODEPARTEDELREPUESTO,numero de parte del repuesto,nombre del repuesto usado,1,0,0,1,0,,,NO_MATCH,NONE,true
DIODE1018874,Diode 1018874.,2 diodos de Rf. Thyratron usada.   PCB SIB usada.,1,1,0,0,0,1018874,11757,MATCHED,REF_LIKE,true
MG6363,MG6363.,Magnetron usado.,1,0,0,1,0,,,NO_MATCH,NONE,true
128284,128284,Cable Profibus de Motor Jeringa,1,1,0,0,0,128284,11849,MATCHED,REF_EXACT,false
1020890,1020890,Motor Drive PSU Assy,1,0,0,1,0,,,NO_MATCH,NONE,true
SNPARTE,S/N Parte.,CARBONES PARA MOTOR,1,0,0,1,0,,,NO_MATCH,NONE,true
1540453,1540453,BMDM Upgrade KIT,1,0,0,1,0,,,NO_MATCH,NONE,true
4513332647545133326443041015075101507681130242521451333178814513331886445133316442301,"4513 332 6475
4513 332 644304
1015075
1015076
81130242521
4513 331 7881
4513 331 8864
4513 331 6442301","nut: 04
motor assembly: 04
cable retráctil sk26A: 01
cable retráctil sk26B: 01
tornillo leadscrew: 04
pot fine: 02
pot checo and coarse: 08
filtro de Agua: 02
grasa EP2
wd-40
Aire comprimido.
",1,0,0,0,1,,,AMBIGUOUS_MATCH,REF_LIKE,true
1540383,1540383,"spare kit, BMDM update",1,1,0,0,0,1540383,11733,MATCHED,REF_EXACT,false
45133302611,45133302611,(2) Gear Box,1,1,0,0,0,45133302611,10996,MATCHED,REF_EXACT,false
13101900,13101900,"PCB ASSY, WEDGE CONTROL ",1,0,0,1,0,,,NO_MATCH,NONE,true
1536393,1536393,emergency down drive module,1,1,0,0,0,1536393,12037,MATCHED,REF_EXACT,false
1010925,1010925,"screen assy, head   (crosswire)",1,1,0,0,0,1010925_usado,12034,MATCHED,REF_LIKE,true
151169302,1511693 02,FRU CHARGING HIGH VOLTAGE CAB,1,1,0,0,0,1511693,11489,MATCHED,REF_LIKE,true
151971001,1519710 01,FRU FIR HT CABLE,1,1,0,0,0,1519710,11574,MATCHED,REF_LIKE,true
45133298035,45133298035,cable modulator/gun,1,1,0,0,0,45133298035,11128,MATCHED,REF_EXACT,false
351372100645P,351372100645P,resistor 330R +/- 5%,1,1,0,0,0,351372100645P,12010,MATCHED,REF_EXACT,false
1011035,1011035,Motor Z Precise Table,1,0,0,1,0,,,NO_MATCH,NONE,true
451362610002,451362610002,Longitudinal drive belt  (2),1,1,0,0,0,451362610002L,11043,MATCHED,REF_LIKE,true
1531852,1531852,FRU XY Drive Unit,1,1,0,0,0,1531852,10372,MATCHED,REF_EXACT,false
64607EFM,64607 EFM,NR 2 LAMPARAS HALOGENO 8V 50 W OSRAM,1,0,0,1,0,,,NO_MATCH,NONE,true
1502738,1502738,"Fru, thumbwheels pwb",1,1,0,0,0,1502738,11107,MATCHED,REF_EXACT,false
1502740,1502740,"fru, thumbwheel side B",1,1,0,0,0,1502740,11554,MATCHED,REF_EXACT,false
1022473,1022473,Bending Magnet Assembly Repair Kit,1,1,0,0,0,1022473,11983,MATCHED,REF_EXACT,false
103868401,1038684 01,"PCB ASSY, BACKPLANE",1,0,0,1,0,,,NO_MATCH,NONE,true
451333265901010495845133327663451333276624513332644381130242521,"4513 332 6590
10104958
4513 332 7663
4513 332 7662
4513 332 6443
81130242521","01 cámara lens
01 cámara mirror
01 proyector mirror
01 bean Spitzer mirror
01 motor assembly (lámina 17) 
01 tornillo leadscrew (lámina 17)
kit de limpieza para optica
grasa Ep2

",1,0,0,0,1,,,AMBIGUOUS_MATCH,REF_LIKE,true
4513317881,4513317881,Potenciometros camilla Lado A,1,0,0,1,0,,,NO_MATCH,NONE,true
1534959,1534959,"Kit, spares, Leaf motor ",1,0,0,1,0,,,NO_MATCH,NONE,true
MIRRORASSEMBLY,Mirror Assembly,1010848,1,0,0,1,0,,,NO_MATCH,NONE,true
45133909025,4513 390 9025,tarjeta electrónica motor drive,1,1,0,0,0,45133909025,10944,MATCHED,REF_NORMALIZED_EXACT,false
THYRATRONDECLINICA,thyratron de clínica,N/A tipo (CX1154L) Serial number: 42100,1,0,0,1,0,,,NO_MATCH,NONE,true
1531851,1531851,1u Fru XY drive (motor lateral de camilla),1,0,0,1,0,,,NO_MATCH,NONE,true
451333164424513331644245133317881,"4513 331 6442
4513 331 6442
4513 331 7881","01 Potenciómetro Coarse
01 Potenciometro Check
01 Potenciometro Fine
Grasa EP2
limpia contactos 
aire comprimido 
amarras plásticas ",1,1,0,0,0,45133317881,11606,MATCHED,REF_LIKE,true
45133904654ISS02,4513 390 4654 Iss. 02,"PCB Leaf motor drive, reparada por cliente. ",1,1,0,0,0,45133904654,12095,MATCHED,REF_LIKE,true
RECTIFIERMODULEPCB,rectifier module PCB,45133904214,1,0,0,1,0,,,NO_MATCH,NONE,true
AS2106193185AS2106193161,AS2106193185 / AS2106193161,2 NR UPS 1Kva 230v,1,0,0,1,0,,,NO_MATCH,NONE,true
1538685,1538685,FRU power supply assembly,1,1,0,0,0,1538685,12099,MATCHED,REF_EXACT,false
1537080,1537080,"FRU, EIM Logic Control",1,0,0,1,0,,,NO_MATCH,NONE,true
PNBJ7099001PN1006059,"P/N BJ7099.001
P/N 1006059","02 Ion Chamber
02 BMEI Dose Board",1,1,0,0,0,1006059,11172,MATCHED,REF_LIKE,true
1538,1538,PCB DLG motor drive,1,0,0,0,1,,,AMBIGUOUS_MATCH,REF_LIKE,true
45133317850,45133317850,"Fru pwb 812, 825A cantidad 2",1,1,0,0,0,45133317850,11249,MATCHED,REF_EXACT,false
1584,1584,"Kit, motor lámina",1,0,0,1,0,,,NO_MATCH,NONE,true
1549509,1549509,mod kit integrity R4.0.0,1,1,0,0,0,1549509_FCO,12055,MATCHED,REF_LIKE,true
1539233,1539233,"software medi kit, NSS 4.0",1,1,0,0,0,1539233_FCO,11143,MATCHED,REF_LIKE,true
45133326443081130242521,"451333264430
8113024_2521","01- motor assembly
01- leadscrew Assy",1,0,0,1,0,,,NO_MATCH,NONE,true
45133412013,45133412013,Detector Sync,1,0,0,1,0,,,NO_MATCH,NONE,true
101672,101672,"Kit, spares Diaphragms Brakes (r)",1,0,0,1,0,,,NO_MATCH,NONE,true
1018599,1018599,lmd fan and bracket (cantidad =2),1,0,0,1,0,,,NO_MATCH,NONE,true
1535958,1535958,Motor de Kit Leaf Spare,1,0,0,1,0,,,NO_MATCH,NONE,true
BJ5948071,BJ5948.071,TARJETA DCMD-3,1,0,0,1,0,,,NO_MATCH,NONE,true
4513331845003,4513331845003,fru stop motor switch.    cantidad=2,1,1,0,0,0,45133318450,11019,MATCHED,REF_LIKE,true
6064008SERIENEB077,"6064.008 
Serie N: EB 077",Magnetron Tuning Drive Assembly,1,0,0,1,0,,,NO_MATCH,NONE,true
2178574,2178574,Termo Radiador,1,0,0,1,0,,,NO_MATCH,NONE,true
1534195,1534195,"PCB 2, Side B, Assembly",1,1,0,0,0,1534195,11022,MATCHED,REF_EXACT,false
45133903384,45133903384,"PCB Assembly, Auxiliar ",1,1,0,0,0,45133903384,11003,MATCHED,REF_EXACT,false
1511326SNEB247,"1511326
s/n EB247",Magnetron Tuning Drive Assy,1,0,0,1,0,,,NO_MATCH,NONE,true
1020469SERIES51220205217363,"1020469
series 5122020 - 5217363",Dose Board,1,1,0,0,0,1020469,12257,MATCHED,REF_LIKE,true
BJ5590002SERIESCHA0731CHA0750,"BJ 5590.002
series:
CHA0731
CHA0750",Ion Chamber,1,0,0,1,0,,,NO_MATCH,NONE,true
1511693,1511693,Charging High Voltage Cab,1,1,0,0,0,1511693,11489,MATCHED,REF_EXACT,false
1024129,1024129,agility pixel calibration,1,1,0,0,0,1024129,10908,MATCHED,REF_EXACT,false
45136261003J,45136261003J,Belt timing s/sided Cant: 02,1,0,0,1,0,,,NO_MATCH,NONE,true
4513341184645133412203,45133411846/45133412203,"cable touchguard , cable lateral pots",1,1,0,0,0,45133411846,11694,MATCHED,REF_LIKE,true
451333165177,451333165177,Thyratron,1,0,0,1,0,,,NO_MATCH,NONE,true
SAT53418049,SAT-53418049.,Power Supply.,1,0,0,1,0,,,NO_MATCH,NONE,true
1538094,1538094.,"Control Board, Kv GEN, SHFR400.",1,1,0,0,0,1538094,12137,MATCHED,REF_NORMALIZED_EXACT,false
45133318520,45133318520,FRU SWITCH PWB SIDE,1,1,0,0,0,45133318520,10950,MATCHED,REF_EXACT,false
1541653151509845133304800PSU10238301525429,"1541653
1515098
45133304800

psu (1023830 - 1525429)","drift tube assembly cant 1
ion pump                    cant 1
electro gun assy.      cant 1
sellos de cobre.        cant 4
assembly,160 mlc psu.  cant 1",1,0,0,0,1,,,AMBIGUOUS_MATCH,REF_LIKE,true
1504866,1504866,FRU SKT840B - SKT850E,1,1,0,0,0,1504866,12143,MATCHED,REF_EXACT,false
100880440,100880440,"voltage regulador, PCB assy",1,0,0,1,0,,,NO_MATCH,NONE,true
1542467,1542467,"PCB ASSY, LED Control",1,0,0,1,0,,,NO_MATCH,NONE,true
45133407315,45133407315,"Monitor de 19"" TFT monitor NEC",1,1,0,0,0,45133407315,10611,MATCHED,REF_EXACT,false
45133317849451333178501016984451333179024513331784045133318462451333184854513331848645133318488,"45133317849
45133317850
1016984
45133317902
45133317840
45133318462
45133318485
45133318486
45133318488","PCB Interconnect PCB 811
PCB Interconnect PCB 812
ISO Rotation Brake
Fine potentiometer
Check and coarse potentiometer 2 NR
Power supply EIM
Base to EIM cable SKT810A-PL801A
Base to EIM cable SKT810B-PL801B
Base to EIM cable SKT810E-PL801E",1,0,0,0,1,,,AMBIGUOUS_MATCH,REF_LIKE,true
261308039505J,261308039505J,Flightube Orings,1,1,0,0,0,261308039505J,11748,MATCHED,REF_EXACT,false
1513849,1513849,"Sapare Kit, RF Input",1,1,0,0,0,1513849,11642,MATCHED,REF_EXACT,false
4513330223101R,4513330223101R,Gauge Pressure,1,1,0,0,0,4513330223101R,12149,MATCHED,REF_EXACT,false
ASSY40X40X10MMFAN,"assy, 40x40x10mm fan",1024939,1,0,0,1,0,,,NO_MATCH,NONE,true
AMBOSREPUESTOSDECLINICA,ambos repuestos de clínica,"pcb leaf motor drive
motor ",1,0,0,1,0,,,NO_MATCH,NONE,true
45133326443,45133326443,Motor Assembly,1,1,0,0,0,4513332644304F,10304,MATCHED,REF_LIKE,true
00000,00000,Freno lateral de camilla,1,0,0,0,1,,,AMBIGUOUS_MATCH,REF_LIKE,true
151186215336571535807,"1511862
1533657
1535807","06 tarjetas AI-12
01 mod kit integrity R4.0.0 con patch 4.0.4
01 mod kit Transformador T2 thyratron y thermistor",1,0,0,0,1,,,AMBIGUOUS_MATCH,REF_LIKE,true
1511862100503210050334513330757703L,"1511862
1005032
1005033
4513330757703L","pcb assy, ai12 bit cant =2
signal condition RHCA-A cant=1
signal condition RHCA-B cant=1
cable assembly cant=2",1,0,0,0,1,,,AMBIGUOUS_MATCH,REF_LIKE,true
10693100,106931-00,0pto Interface Board,1,1,0,0,0,106931-00,12171,MATCHED,REF_EXACT,false
153458,153458,"Kit, Spares, Leaf Motor  cant 4",1,1,0,0,0,1534583,12265,MATCHED,REF_LIKE,true
2279013,2279013,pistola lectora,1,1,0,0,0,2279013,11223,MATCHED,REF_EXACT,false
039991141,03-999-1141,iGUIDE Reference Frame Clamp Modification,1,1,0,0,0,03-999-1141,11993,MATCHED,REF_EXACT,false
ZD6A14332EL02EZ,ZD6A143-32EL02EZ,Impresora Zebra ZD621,1,0,0,1,0,,,NO_MATCH,NONE,true
355370,355370,Gun Filament,1,0,0,1,0,,,NO_MATCH,NONE,true
1015403,1015403,vessel,1,0,0,1,0,,,NO_MATCH,NONE,true
1534908,1534908,Y1 TGT Drive Module Main Assembly,1,1,0,0,0,1534908,12185,MATCHED,REF_EXACT,false
R1510261,R1510261,"Detector, Xrdm 1640",1,1,0,0,0,R1510261,12186,MATCHED,REF_EXACT,false
1010260,1010260,"Mirror, Beam Spliter",1,1,0,0,0,1010260,10176,MATCHED,REF_EXACT,false
15341911534195,"1534191
1534195","Fru pcb, side A cant=1
Fru pcb, side B cant =2",1,0,0,0,1,,,AMBIGUOUS_MATCH,REF_LIKE,true
1512130,1512130,"pcb, assy, relay out",1,1,0,0,0,1512130,10122,MATCHED,REF_EXACT,false
1008517,1008517,"programmed assy, MTU",1,1,0,0,0,1008517,11592,MATCHED,REF_EXACT,false
451333268543501HBYL203L,"45133326854
3501H-BYL-203L","Mout Mirror 
potenciometro check 10 turns",1,0,0,1,0,,,NO_MATCH,NONE,true
1504218,1504218,medical ethernet iso,1,1,0,0,0,1504218,12202,MATCHED,REF_EXACT,false
1543958,1543958,Leaf Mo.  Cant: 2,1,0,0,1,0,,,NO_MATCH,NONE,true
45133502026150261315058911538094,"45133502026
1502613
1505891
1538094","x-rays tube
laser ODI spares kit
spec, sfhr400, kv gen
control board, kv gen",1,0,0,0,1,,,AMBIGUOUS_MATCH,REF_LIKE,true
1019597,1019597,pci frame grabber,1,1,0,0,0,1019597,10973,MATCHED,REF_EXACT,false
1523707,1523707,pci lib,1,1,0,0,0,1523707,12000,MATCHED,REF_EXACT,false
1509604,1509604,"Kit,  Spares, Horiz Adjuster",1,1,0,0,0,1509604,12152,MATCHED,REF_EXACT,false
1024183,1024183,Water Pump,1,1,0,0,0,1024183,12209,MATCHED,REF_EXACT,false
451333178494513331785010169844513331848545133318486451333184884513331848745133318489,"45133317849
45133317850
1016984
45133318485
45133318486
45133318488
45133318487
45133318489","PCB 811 INTERCONNECT LADO B
PCB 812 INTERCONNECT LADO A
ISO ROTATION BRAKE
CABLE SKT 810A-PL801A
CABLE SKT 810B-PL801B
CABLE SKT 810E-PL801E
CABLE SKT 810C-PL802C
CABLE SKT 810F-PL802F",1,0,0,0,1,,,AMBIGUOUS_MATCH,REF_LIKE,true
2246067,2246067,Printer SII Smart Label Printer 650,1,1,0,0,0,2246067,11190,MATCHED,REF_EXACT,false
4513341185001U4513341184601U,"4513341185001U
4513341184601U",cable PL9 y PL5,1,0,0,0,1,,,AMBIGUOUS_MATCH,REF_LIKE,true
26786,26786,jfkgkgkf,1,0,0,1,0,,,NO_MATCH,NONE,true
3678,3678,bfjkfkf,1,0,0,1,0,,,NO_MATCH,NONE,true
256774,256774,jfifkfof,1,0,0,1,0,,,NO_MATCH,NONE,true
45133412189,45133412189,"lever assembly
spares linear actuator",1,1,0,0,0,45133412189,12211,MATCHED,REF_EXACT,false
T0001098601L1,T00010986-01-L1,Soporte Jeringa 5ml,1,0,0,1,0,,,NO_MATCH,NONE,true
1234567890,1234567890,Sensor viales,1,0,0,1,0,,,NO_MATCH,NONE,true
123456,123456,Repuesto,1,0,0,1,0,,,NO_MATCH,NONE,true
1519103,1519103,pcb dose A,1,1,0,0,0,1519103,11588,MATCHED,REF_EXACT,false
1013865,1013865,PCB ASSY DECODE,1,1,0,0,0,1013865,12221,MATCHED,REF_EXACT,false
1500613,1500613,x-ray window assy,1,1,0,0,0,1500613,12226,MATCHED,REF_EXACT,false
153185815318551531854,"1531858
1531855
1531854","fru Z mov. coarse pot
fru Z mov. check pot
fru Z mov. fine pot",1,0,0,0,1,,,AMBIGUOUS_MATCH,REF_LIKE,true
HANDHELDCONTROLLER,Hand Held Controller,1009089,1,0,0,1,0,,,NO_MATCH,NONE,true
2222,2222,sib pcb,1,0,0,1,0,,,NO_MATCH,NONE,true
1508955,1508955,Camera Lens/ Assy,1,1,0,0,0,1508955,11555,MATCHED,REF_EXACT,false
1521192,1521192,"KIT, TOUCHGUARD MECHANISM ASSEMBLY, M4",1,0,0,1,0,,,NO_MATCH,NONE,true
1521162,1521162,"KIT, TOUCHGUARD MECHANISM ASSEMBLY, mM4",1,1,0,0,0,1521162,12206,MATCHED,REF_EXACT,false
106053,106053,tarjeta SMC,1,0,0,1,0,,,NO_MATCH,NONE,true
L13896001,L13896-001,HP Z2 Ventilador GPU,1,0,0,1,0,,,NO_MATCH,NONE,true
45133328445,4513 332 8445,Remote BLD Camera Thermo Electrón (MR),1,1,0,0,0,45133328445,12248,MATCHED,REF_NORMALIZED_EXACT,false
C06534100608,C065341-00608,PCB CONTROL DE ODI,1,0,0,1,0,,,NO_MATCH,NONE,true
420,420,UPS Smart APC,1,0,0,1,0,,,NO_MATCH,NONE,true
8010000596,8010-00059-6,TPUS AUTOSCAN PROBE,1,1,0,0,0,8010-00059-6,12238,MATCHED,REF_EXACT,false
750,750,UPS APC,1,0,0,1,0,,,NO_MATCH,NONE,true
C135670,C135670,HANDHELD CONTROL HEXAPOD,1,0,0,1,0,,,NO_MATCH,NONE,true
1111,1111,clamps,1,0,0,1,0,,,NO_MATCH,NONE,true
5555,5555,,1,0,0,1,0,,,NO_MATCH,NONE,true
128338,128338,Filtro 519 H14,1,1,0,0,0,128338,11194,MATCHED,REF_EXACT,false
2455263,2455263,Filter Bag (Canister),1,1,0,0,0,2455263,11937,MATCHED,REF_EXACT,false
129530,129530,Elastic Belt for Air Filter,1,1,0,0,0,129530,11198,MATCHED,REF_EXACT,false
45133902974,45133902974,"PCB ASSY, MOVEMENTS ENABLE",1,1,0,0,0,45133902974,10837,MATCHED,REF_EXACT,false
4513316441202U,4513316441202U,"Potentiometer, 20K, Single",1,1,0,0,0,4513316441202U,10990,MATCHED,REF_EXACT,false
1023531,1023531,programed KV ACB,1,0,0,1,0,,,NO_MATCH,NONE,true
45133308259,45133308259,GEARBOX Y BREAKE,1,0,0,1,0,,,NO_MATCH,NONE,true
1519710,1519710,HT Cable,1,1,0,0,0,1519710,11574,MATCHED,REF_EXACT,false
RTB889KYCF2,RT-B889KYCF2,,1,1,0,0,0,Qfix-RT-B889KYCF2,10925,MATCHED,REF_LIKE,true
1007498,1007498,Potenciómetro Longitudinal - Complete Assembly,1,1,0,0,0,1007498,12117,MATCHED,REF_EXACT,false
45133411787,45133411787,LONGITUDINAL DRIVER MOTOR AND CLUTCH ASSEMBLY,1,1,0,0,0,45133411787,11270,MATCHED,REF_EXACT,false
1004818,1004818,"ARM CONTROL BOARD PCB, KV",1,1,0,0,0,1004818,10248,MATCHED,REF_EXACT,false
137533,137533,X-RAY TUBE ASSEMBLY,1,0,0,1,0,,,NO_MATCH,NONE,true
45133327647,45133327647,FAN SUB ASSY,1,1,0,0,0,45133327647,12247,MATCHED,REF_EXACT,false
15349581517657,1534958 _1517657,Kit motor y Pcb leaf motoe Drive,1,0,0,0,1,,,AMBIGUOUS_MATCH,REF_LIKE,true
43133304800,43133304800,ELECTRON GUN ASSY,1,0,0,1,0,,,NO_MATCH,NONE,true
351372100645,351372100645,Resistor 340 ohm,1,1,0,0,0,351372100645P,12010,MATCHED,REF_LIKE,true
02870NR1,02870-NR 1,Manilla area de desechos,1,0,0,1,0,,,NO_MATCH,NONE,true
1536279,1536279,Agility MLC Leafbank PSU,1,1,0,0,0,1536279___1525429,10774,MATCHED,REF_LIKE,true
1518682,1518682,REV 04 LMDB PCBS AND FAN,1,0,0,1,0,,,NO_MATCH,NONE,true
MXL2272ZJ0,MXL2272ZJ0,Nuevo Hardware de Monaco,1,0,0,1,0,,,NO_MATCH,NONE,true
45133318459,45133318459,"PCB, Z MOTOR DRIVE CONFIGURED (Z-MD)",1,1,0,0,0,4513331845902F,10977,MATCHED,REF_LIKE,true
351372700256,351372700256,"THYRISTOR STACK MODULE (SKKT 132/08D, IN 3 POSITIONS)",1,1,0,0,0,351372700256A,12009,MATCHED,REF_LIKE,true
1020850,1020850,"PROGRAMABLE PULSE GENERATOR, PPG CVDR PCB",1,1,0,0,0,1020850,11004,MATCHED,REF_EXACT,false
351372406262,351372406262,"FUSE LINK, 25A 250V AC LET (FS13G)",1,1,0,0,0,351372406262U,12020,MATCHED,REF_LIKE,true
1535662,1535662,"CONTROL PCB, TYPE A (PCB13 C to G)",1,1,0,0,0,1535662,12263,MATCHED,REF_EXACT,false
1547675,1547675,"Screen assy, Head",1,1,0,0,0,1547675,10979,MATCHED,REF_EXACT,false
1022592,1022592,Cable PL26-C8 to PL26-Q4,1,1,0,0,0,1022592,12258,MATCHED,REF_EXACT,false
1532758,1532758,Diaphragm motor spares kit,1,1,0,0,0,1532758,11030,MATCHED,REF_EXACT,false
1022593,1022593,Cable PL26-C11 to PL26- K4,1,1,0,0,0,1022593,12259,MATCHED,REF_EXACT,false
1505938,1505938,Diaphragm intermediate PCB,1,1,0,0,0,1505938,10761,MATCHED,REF_EXACT,false
1534014,1534014,"KIT, ENHANCED, AGILITY GUIDE LUBRICATION",1,1,0,0,0,1534014,11640,MATCHED,REF_EXACT,false
1018459,1018459,MICEOSWITCH WITH LEVER,1,1,0,0,0,1018459,10989,MATCHED,REF_EXACT,false
451333327662,451333327662,Beam Splitter Mirror Assy,1,0,0,1,0,,,NO_MATCH,NONE,true
451462949000,451462949000,flow switch 10M-MS,1,0,0,1,0,,,NO_MATCH,NONE,true
1005032,1005032,signal condition pcb rhca-a,1,1,0,0,0,1005032,10942,MATCHED,REF_EXACT,false
1005033,1005033,signado condition pcb rhca-b,1,1,0,0,0,1005033,11604,MATCHED,REF_EXACT,false
1022378351372101453,1022378 / 351372101453,"Diode Semikron
Resistor 180 ohm ",1,1,0,0,0,1022378,11627,MATCHED,REF_LIKE,true
351372700257X,351372700257X,"module, semikrom skrc ",1,1,0,0,0,351372700257X,12008,MATCHED,REF_EXACT,false
1010256,1010256,12 bit analogía output pcb,1,0,0,0,1,,,AMBIGUOUS_MATCH,REF_LIKE,true
821321900373,821321900373,"FUSE LINK, 240V, 80A, U",1,1,0,0,0,821321900373H,12022,MATCHED,REF_LIKE,true
821321900359,821321900359,FUSE 32X6 8AMP,1,0,0,1,0,,,NO_MATCH,NONE,true
157657,157657,"PCB ASSY, LEAF MOTOR DRIVE",1,0,0,1,0,,,NO_MATCH,NONE,true
152664615009981024939,1526646-1500998-1024939,"PCB LED CONTROL
LED PROJECTOR
LED PROJECTOR FAN",1,0,0,0,1,,,AMBIGUOUS_MATCH,REF_LIKE,true
C428393094,C428393094,Balanza Mettler Toledo WM6002,1,0,0,1,0,,,NO_MATCH,NONE,true
45133304100,45133304100,Drif tube assembly,1,1,0,0,0,45133304100,11839,MATCHED,REF_EXACT,false
45133304200,45133304200,Target drive assembly,1,1,0,0,0,45133304200,11838,MATCHED,REF_EXACT,false
45133307849,45133307849,FRU PWB 811,1,0,0,1,0,,,NO_MATCH,NONE,true
1539682,1539682,"Function KeyPad (FkP)
",1,1,0,0,0,1539682,11662,MATCHED,REF_EXACT,false
107577442,1075774-42,Kit base viales,1,0,0,1,0,,,NO_MATCH,NONE,true
4513315442345133301412,45133154423-45133301412,"Filter Element
potentiometer 20K",1,0,0,1,0,,,NO_MATCH,NONE,true
1539679,1539679,"MRT 14791, GENERAL FKP",1,1,0,0,0,1539679___1571202,12282,MATCHED,REF_LIKE,true
1528403,1528403,BEAM MU DOSE MODULE,1,0,0,1,0,,,NO_MATCH,NONE,true
AEA006,AEA006,Cable de comunicación R485.,1,0,0,1,0,,,NO_MATCH,NONE,true
1528220,1528220,Camera CCU PCB,1,0,0,1,0,,,NO_MATCH,NONE,true
1552668,1552668,Z Motor - ElektroCraft,1,1,0,0,0,1553878___1552668,11247,MATCHED,REF_LIKE,true
4513316442301,4513316442301,5 Micron Filter CoS,1,1,0,0,0,4513316442301M,10312,MATCHED,REF_LIKE,true
451331644230M,451331644230M,FILTER ELEMENT 5 MICRON,1,0,0,1,0,,,NO_MATCH,NONE,true
2276501,2276501,Barcode Gun.,1,1,0,0,0,2276501,11227,MATCHED,REF_EXACT,false
242208610594,2422 086 10594,Fuse 32V 20A,1,0,0,1,0,,,NO_MATCH,NONE,true
1023592,1023592,"PCB, LED ASSEMBLY",1,1,0,0,0,1023592,11013,MATCHED,REF_EXACT,false
1016422,1016422,"SWITCH,MICRO,LEVEL,SS-5GL",1,1,0,0,0,1016422,11809,MATCHED,REF_EXACT,false
15349581024201,1534958-1024201,"Kit Spare leaf MO
Reflector ",1,1,0,0,0,1534958,11034,MATCHED,REF_LIKE,true
SHA12369,SHA12-369,Magnetic Contactor,1,0,0,1,0,,,NO_MATCH,NONE,true
45133317853,45133317853,"PCB INTERCONNECT PCB 840 A
RTU P/N 45133326702",1,1,0,0,0,45133317853,11016,MATCHED,REF_EXACT,false
1564279,1564279,PCB ASSY LED CONTROL,1,0,0,1,0,,,NO_MATCH,NONE,true
1572432,1572432,"FRU, PROGRAMMED, LCU",1,0,0,1,0,,,NO_MATCH,NONE,true
039991002,03-999-1002,HexaPOD Evo Controller 48V evo,1,1,0,0,0,03-999-1002,12130,MATCHED,REF_EXACT,false
45133326702,45133326702,PCB RTU,1,0,0,1,0,,,NO_MATCH,NONE,true
1565345,1565345,DLG Slide Brake,1,0,0,1,0,,,NO_MATCH,NONE,true
1565344,1565344,Diaphragm Brake,1,0,0,1,0,,,NO_MATCH,NONE,true
1567908,1567908,KV DCB programmed,1,1,0,0,0,1567908,12322,MATCHED,REF_EXACT,false
15295201527814,1529520-1527814,"Slitless Fligth Tube 
PSU Ion Pump",1,0,0,0,1,,,AMBIGUOUS_MATCH,REF_LIKE,true
2179204020870,2179204 // 020870,MANILLA ROBOT / SENSOR IR CARRUSEL,1,0,0,0,1,,,AMBIGUOUS_MATCH,REF_LIKE,true
117482,117482,"PROG ASSY, KV DCB",1,0,0,1,0,,,NO_MATCH,NONE,true
MG5193,MG5193,Magnetròn,1,0,0,1,0,,,NO_MATCH,NONE,true
LMD45133909025ME1008587,LMD. 45133909025. ME 1008587,"Leaf motor drive.

Módulo electrónico MLC",1,0,0,0,1,,,AMBIGUOUS_MATCH,REF_LIKE,true
1517098,1517098,ION PUMP - SPARE,1,0,0,1,0,,,NO_MATCH,NONE,true
1567798,1567798,DOS A,1,0,0,1,0,,,NO_MATCH,NONE,true
2467858,2467858,Zebra printer ZD620,1,1,0,0,0,2467858,11913,MATCHED,REF_EXACT,false
LT05035,LT05035,"Ampolleta Range Finder 13,5 v/50 w",1,0,0,1,0,,,NO_MATCH,NONE,true
CX1551G,CX1551G,Thyratron,1,0,0,1,0,,,NO_MATCH,NONE,true
BJ485310100,BJ4853.101.00,HT Cable,1,0,0,1,0,,,NO_MATCH,NONE,true
1531284,1531284,"Cable kit (+ve, anode)",1,1,0,0,0,1531284,12327,MATCHED,REF_EXACT,false
1531283,1531283,"Cable Kit (-ve, cathode)",1,1,0,0,0,1531283,12326,MATCHED,REF_EXACT,false
XXXXX,xxxxx,kit de ruby,1,0,0,1,0,,,NO_MATCH,NONE,true
1571202,1571202,MRT 14791 GENERAL FKP,1,1,0,0,0,1539679___1571202,12282,MATCHED,REF_LIKE,true
1530025,1530025,Switch Linksys LGS318,1,0,0,1,0,,,NO_MATCH,NONE,true
1022386,1022386,"CABLE ASSY, SK60-CAN/PL60IBA1",1,1,0,0,0,1022386,12215,MATCHED,REF_EXACT,false
1505891,1505891,"SPEC, SHFR400, KV GEN, (C)",1,1,0,0,0,1505891,12203,MATCHED,REF_EXACT,false
1513681,1513681,"MV, DCB PROGRAMMED",1,1,0,0,0,1513681,11309,MATCHED,REF_EXACT,false
1009687,1009687,"FRU, SQUIRREL FRAME GRABBER",1,1,0,0,0,1009687,11971,MATCHED,REF_EXACT,false
41133411787,41133411787,CLUTCH ASSEMBLY,1,0,0,1,0,,,NO_MATCH,NONE,true
1547676,1547676,"screen assy, head",1,0,0,1,0,,,NO_MATCH,NONE,true
TK204UK,TK204UK,KVM DVI,1,0,0,1,0,,,NO_MATCH,NONE,true
2297542,2297542,BALL RUNNER BLOCK WJ200QM-01-06,1,1,0,0,0,2297542,12335,MATCHED,REF_EXACT,false
45133302334,45133302334,"DRIVE ASSEMBLY, MAGNETRO",1,1,0,0,0,45133302334,11117,MATCHED,REF_EXACT,false
BARCODEGUN,Barcode Gun.,2483004,1,0,0,1,0,,,NO_MATCH,NONE,true
1540352,1540352,CABLE KIT (+VE ANODE),1,0,0,1,0,,,NO_MATCH,NONE,true
1540356,1540356,CABLE KIT (-VE CATHODE),1,0,0,1,0,,,NO_MATCH,NONE,true
517657,517657,"kit, spares, leaf motor ",1,0,0,0,1,,,AMBIGUOUS_MATCH,REF_LIKE,true
10108481564169,1010848-1564169,"Mirror Assembly optics
kit, luminus Proj. Assy and PCB LED Control",1,0,0,0,1,,,AMBIGUOUS_MATCH,REF_LIKE,true
1567819,1567819,"PROG, PCB ASSY, DOSE B",1,1,0,0,0,1567819,12346,MATCHED,REF_EXACT,false
1541746,1541746,Handheld  conteoller,1,0,0,1,0,,,NO_MATCH,NONE,true
45133904594,45133904594,"PCB ASSEMBLY, PRESURE SENSOR & DPT",1,1,0,0,0,45133904594,11892,MATCHED,REF_EXACT,false
45133412329,45133412329,PIN LOCKING SOLENOID,1,1,0,0,0,45133412329,11274,MATCHED,REF_EXACT,false
1505978,1505978,MRT 22011 AP25 MV PANEL,1,1,0,0,0,1505978,12338,MATCHED,REF_EXACT,false
45133411853,45133411853,cable PL12 to SK12A,1,1,0,0,0,45133411853,12345,MATCHED,REF_EXACT,false
1597814,1597814,PSU ion pump,1,0,0,1,0,,,NO_MATCH,NONE,true
SHFR400,SHFR400,Generador,1,0,0,1,0,,,NO_MATCH,NONE,true