client_name,period,total_reports,reports_with_used_parts,reports_review_required
ACME,2018-08,1,0,0
ACME,2018-10,1,1,1
ACME,2019-01,4,0,0
ACME,2019-05,2,1,1
ACME,2019-06,2,0,0
ACME,2019-08,2,0,0
ACME,2019-09,1,0,0
ACME,2019-12,2,1,1
ACME,2020-02,1,0,0
ACME,2020-03,1,0,0
ACME,2020-05,1,0,0
ACME,2020-06,1,0,0
ACME,2020-10,2,0,0
ACME,2021-06,5,3,3
ACME,2021-07,5,0,0
ACME,2022-02,1,1,1
ACME,2022-08,5,0,0
ACME,2022-11,3,0,0
ACME,2023-02,1,0,0
ACME,2023-03,5,0,0
ACME,2023-11,3,1,1
ACME,2023-12,1,1,1
ACME,2024-02,9,3,2
ACME,2024-03,2,0,0
ACME,2024-04,2,1,1
ACME,2024-05,1,1,1
ACME,2024-07,1,0,0
ACME,2024-11,1,0,0
ACME,2026-01,1,0,0
CLINICA ALEMANA DE SANTIAGO,2018-08,2,1,1
CLINICA ALEMANA DE SANTIAGO,2018-09,9,4,3
CLINICA ALEMANA DE SANTIAGO,2018-10,4,4,3
CLINICA ALEMANA DE SANTIAGO,2018-11,3,1,1
CLINICA ALEMANA DE SANTIAGO,2018-12,2,2,2
CLINICA ALEMANA DE SANTIAGO,2019-01,3,2,1
CLINICA ALEMANA DE SANTIAGO,2019-02,5,4,3
CLINICA ALEMANA DE SANTIAGO,2019-03,3,1,0
CLINICA ALEMANA DE SANTIAGO,2019-04,3,2,2
CLINICA ALEMANA DE SANTIAGO,2019-05,3,0,0
CLINICA ALEMANA DE SANTIAGO,2019-06,2,1,0
CLINICA ALEMANA DE SANTIAGO,2019-07,6,3,2
CLINICA ALEMANA DE SANTIAGO,2019-08,6,4,3
CLINICA ALEMANA DE SANTIAGO,2019-09,2,0,0
CLINICA ALEMANA DE SANTIAGO,2019-10,3,2,2
CLINICA ALEMANA DE SANTIAGO,2019-11,5,2,2
CLINICA ALEMANA DE SANTIAGO,2019-12,9,2,2
CLINICA ALEMANA DE SANTIAGO,2020-01,3,1,1
CLINICA ALEMANA DE SANTIAGO,2020-02,3,0,0
CLINICA ALEMANA DE SANTIAGO,2020-03,6,0,0
CLINICA ALEMANA DE SANTIAGO,2020-04,2,0,0
CLINICA ALEMANA DE SANTIAGO,2020-05,1,0,0
CLINICA ALEMANA DE SANTIAGO,2020-06,3,1,1
CLINICA ALEMANA DE SANTIAGO,2020-07,5,0,0
CLINICA ALEMANA DE SANTIAGO,2020-08,5,1,1
CLINICA ALEMANA DE SANTIAGO,2020-09,11,3,1
CLINICA ALEMANA DE SANTIAGO,2020-10,6,2,2
CLINICA ALEMANA DE SANTIAGO,2020-11,7,5,3
CLINICA ALEMANA DE SANTIAGO,2020-12,6,2,2
CLINICA ALEMANA DE SANTIAGO,2021-01,7,0,0
CLINICA ALEMANA DE SANTIAGO,2021-02,4,2,1
CLINICA ALEMANA DE SANTIAGO,2021-03,6,2,2
CLINICA ALEMANA DE SANTIAGO,2021-04,5,0,0
CLINICA ALEMANA DE SANTIAGO,2021-05,12,1,1
CLINICA ALEMANA DE SANTIAGO,2021-06,4,1,1
CLINICA ALEMANA DE SANTIAGO,2021-07,7,1,1
CLINICA ALEMANA DE SANTIAGO,2021-08,9,2,1
CLINICA ALEMANA DE SANTIAGO,2021-09,6,2,2
CLINICA ALEMANA DE SANTIAGO,2021-10,6,2,2
CLINICA ALEMANA DE SANTIAGO,2021-11,1,0,0
CLINICA ALEMANA DE SANTIAGO,2021-12,9,2,1
CLINICA ALEMANA DE SANTIAGO,2022-01,2,0,0
CLINICA ALEMANA DE SANTIAGO,2022-02,5,1,1
CLINICA ALEMANA DE SANTIAGO,2022-03,4,1,1
CLINICA ALEMANA DE SANTIAGO,2022-04,2,2,1
CLINICA ALEMANA DE SANTIAGO,2022-05,5,5,5
CLINICA ALEMANA DE SANTIAGO,2022-06,5,3,2
CLINICA ALEMANA DE SANTIAGO,2022-07,1,1,1
CLINICA ALEMANA DE SANTIAGO,2022-08,2,0,0
CLINICA ALEMANA DE SANTIAGO,2022-09,3,0,0
CLINICA ALEMANA DE SANTIAGO,2022-10,4,3,1
CLINICA ALEMANA DE SANTIAGO,2022-11,6,1,1
CLINICA ALEMANA DE SANTIAGO,2022-12,3,1,0
CLINICA ALEMANA DE SANTIAGO,2023-01,4,3,3
CLINICA ALEMANA DE SANTIAGO,2023-02,4,1,1
CLINICA ALEMANA DE SANTIAGO,2023-03,4,2,2
CLINICA ALEMANA DE SANTIAGO,2023-04,1,0,0
CLINICA ALEMANA DE SANTIAGO,2023-05,6,4,4
CLINICA ALEMANA DE SANTIAGO,2023-06,7,5,3
CLINICA ALEMANA DE SANTIAGO,2023-07,5,3,2
CLINICA ALEMANA DE SANTIAGO,2023-08,3,0,0
CLINICA ALEMANA DE SANTIAGO,2023-09,6,4,1
CLINICA ALEMANA DE SANTIAGO,2023-10,2,2,1
CLINICA ALEMANA DE SANTIAGO,2023-11,3,3,3
CLINICA ALEMANA DE SANTIAGO,2023-12,1,0,0
CLINICA ALEMANA DE SANTIAGO,2024-01,4,3,2
CLINICA ALEMANA DE SANTIAGO,2024-02,6,4,2
CLINICA ALEMANA DE SANTIAGO,2024-03,3,3,2
CLINICA ALEMANA DE SANTIAGO,2024-04,3,2,2
CLINICA ALEMANA DE SANTIAGO,2024-05,1,1,0
CLINICA ALEMANA DE SANTIAGO,2024-06,5,3,1
CLINICA ALEMANA DE SANTIAGO,2024-07,4,3,2
CLINICA ALEMANA DE SANTIAGO,2024-08,4,3,2
CLINICA ALEMANA DE SANTIAGO,2024-09,7,2,2
CLINICA ALEMANA DE SANTIAGO,2024-10,6,4,1
CLINICA ALEMANA DE SANTIAGO,2024-11,6,2,0
CLINICA ALEMANA DE SANTIAGO,2024-12,12,4,2
CLINICA ALEMANA DE SANTIAGO,2025-01,5,0,0
CLINICA ALEMANA DE SANTIAGO,2025-02,10,2,2
CLINICA ALEMANA DE SANTIAGO,2025-03,7,2,1
CLINICA ALEMANA DE SANTIAGO,2025-04,11,3,3
CLINICA ALEMANA DE SANTIAGO,2025-05,9,3,1
CLINICA ALEMANA DE SANTIAGO,2025-06,12,2,1
CLINICA ALEMANA DE SANTIAGO,2025-07,9,5,2
CLINICA ALEMANA DE SANTIAGO,2025-08,15,8,5
CLINICA ALEMANA DE SANTIAGO,2025-09,10,2,0
CLINICA ALEMANA DE SANTIAGO,2025-10,13,6,5
CLINICA ALEMANA DE SANTIAGO,2025-11,7,2,1
CLINICA ALEMANA DE SANTIAGO,2025-12,6,2,1
CLINICA ALEMANA DE SANTIAGO,2026-01,9,2,0
CLINICA ALEMANA DE SANTIAGO,2026-02,14,3,2
CLINICA ALEMANA DE SANTIAGO,2026-03,14,1,1
CLINICA ALEMANA DE SANTIAGO,2026-04,7,3,0
CLINICA ALEMANA DE SANTIAGO,2026-05,8,2,1
CLINICA ALEMANA DE SANTIAGO,2026-06,10,0,0
CLINICA ALEMANA DE SANTIAGO,2026-07,8,3,2
CLINICA ALEMANA DE SANTIAGO,2026-08,1,0,0
CLÍNICA ALEMANA DE TEMUCO,2018-10,1,1,0
CLÍNICA ALEMANA DE TEMUCO,2018-12,1,1,1
CLÍNICA ALEMANA DE TEMUCO,2019-01,2,2,2
CLÍNICA ALEMANA DE TEMUCO,2019-03,1,1,1
CLÍNICA ALEMANA DE TEMUCO,2019-07,1,1,1
CLÍNICA ALEMANA DE TEMUCO,2019-09,1,1,1
CLÍNICA ALEMANA DE TEMUCO,2019-11,1,1,1
CLÍNICA ALEMANA DE TEMUCO,2019-12,2,2,2
CLÍNICA ALEMANA DE TEMUCO,2020-01,1,1,1
CLÍNICA ALEMANA DE TEMUCO,2020-02,4,4,4
CLÍNICA ALEMANA DE TEMUCO,2020-03,2,1,1
CLÍNICA ALEMANA DE TEMUCO,2020-05,1,1,1
CLÍNICA ALEMANA DE TEMUCO,2020-07,2,1,1
CLÍNICA ALEMANA DE TEMUCO,2020-08,2,2,2
CLÍNICA ALEMANA DE TEMUCO,2020-09,1,1,1
CLÍNICA ALEMANA DE TEMUCO,2020-11,1,1,1
CLÍNICA ALEMANA DE TEMUCO,2020-12,1,1,1
CLÍNICA ALEMANA DE TEMUCO,2021-01,3,3,3
CLÍNICA ALEMANA DE TEMUCO,2021-03,2,2,2
CLÍNICA ALEMANA DE TEMUCO,2021-07,2,2,2
CLÍNICA ALEMANA DE TEMUCO,2021-11,1,1,1
CLÍNICA LAS CONDES,2021-09,3,2,2
CLÍNICA LAS CONDES,2022-04,3,2,1
CLÍNICA LAS CONDES,2022-05,5,1,0
CLÍNICA LAS CONDES,2022-06,2,1,1
CLÍNICA LAS CONDES,2022-07,1,0,0
CLÍNICA LAS CONDES,2022-08,4,3,2
CLÍNICA LAS CONDES,2022-09,6,1,1
CLÍNICA LAS CONDES,2022-10,2,1,0
CLÍNICA LAS CONDES,2022-11,1,0,0
CLÍNICA LAS CONDES,2022-12,2,0,0
CLÍNICA LAS CONDES,2023-01,2,1,0
CLÍNICA LAS CONDES,2023-02,1,0,0
CLÍNICA LAS CONDES,2023-03,1,1,1
CLÍNICA LAS CONDES,2023-04,9,4,4
CLÍNICA LAS CONDES,2023-05,4,1,1
CLÍNICA LAS CONDES,2023-06,2,2,1
CLÍNICA LAS CONDES,2023-07,2,2,0
CLÍNICA LAS CONDES,2023-08,1,0,0
CLÍNICA LAS CONDES,2023-09,2,1,1
CLÍNICA LAS CONDES,2023-10,3,3,3
CLÍNICA LAS CONDES,2024-02,4,4,1
CLÍNICA LAS CONDES,2024-03,1,1,1
CLÍNICA LAS CONDES,2024-07,2,0,0
CLÍNICA LAS CONDES,2024-09,4,1,1
CLÍNICA LAS CONDES,2024-11,2,0,0
CLÍNICA LAS CONDES,2024-12,2,0,0
CLÍNICA LAS CONDES,2025-02,1,0,0
CLÍNICA LAS CONDES,2025-03,1,0,0
CLÍNICA LAS CONDES,2025-04,1,1,1
CLÍNICA LAS CONDES,2025-05,9,4,2
CLÍNICA LAS CONDES,2025-06,11,5,2
CLÍNICA LAS CONDES,2025-07,8,0,0
CLÍNICA LAS CONDES,2025-08,3,0,0
CLÍNICA LAS CONDES,2025-09,2,2,1
CLÍNICA LAS CONDES,2025-11,4,0,0
CLÍNICA LAS CONDES,2025-12,3,0,0
CLÍNICA LAS CONDES,2026-01,3,0,0
CLÍNICA LAS CONDES,2026-02,2,0,0
CLÍNICA LAS CONDES,2026-03,6,1,1
CLÍNICA LAS CONDES,2026-04,4,3,2
CLÍNICA LAS CONDES,2026-05,1,0,0
CLÍNICA LAS CONDES,2026-06,1,1,1
CLÍNICA LAS CONDES,2026-07,1,1,1
CLÍNICA SANATORIO ALEMÁN (ONCORAD),2018-10,1,1,1
CLÍNICA SANATORIO ALEMÁN (ONCORAD),2018-11,3,3,3
CLÍNICA SANATORIO ALEMÁN (ONCORAD),2018-12,1,1,1
CLÍNICA SANATORIO ALEMÁN (ONCORAD),2019-01,1,1,0
CLÍNICA SANATORIO ALEMÁN (ONCORAD),2019-02,1,1,0
CLÍNICA SANATORIO ALEMÁN (ONCORAD),2019-03,5,3,3
CLÍNICA SANATORIO ALEMÁN (ONCORAD),2019-04,1,1,1
CLÍNICA SANATORIO ALEMÁN (ONCORAD),2019-05,2,2,2
CLÍNICA SANATORIO ALEMÁN (ONCORAD),2019-06,1,1,1
CLÍNICA SANATORIO ALEMÁN (ONCORAD),2019-07,1,1,1
CLÍNICA SANATORIO ALEMÁN (ONCORAD),2019-08,2,2,2
CLÍNICA SANATORIO ALEMÁN (ONCORAD),2019-09,3,3,3
CLÍNICA SANATORIO ALEMÁN (ONCORAD),2019-10,7,6,6
CLÍNICA SANATORIO ALEMÁN (ONCORAD),2019-11,4,4,4
CLÍNICA SANATORIO ALEMÁN (ONCORAD),2019-12,12,11,11
CLÍNICA SANATORIO ALEMÁN (ONCORAD),2020-01,4,4,3
CLÍNICA SANATORIO ALEMÁN (ONCORAD),2020-02,6,4,4
CLÍNICA SANATORIO ALEMÁN (ONCORAD),2020-03,3,2,2
CLÍNICA SANATORIO ALEMÁN (ONCORAD),2020-04,2,2,1
CLÍNICA SANATORIO ALEMÁN (ONCORAD),2020-06,3,2,2
CLÍNICA SANATORIO ALEMÁN (ONCORAD),2020-07,1,1,1
CLÍNICA SANATORIO ALEMÁN (ONCORAD),2020-08,4,3,3
CLÍNICA SANATORIO ALEMÁN (ONCORAD),2020-11,4,2,2
CLÍNICA SANATORIO ALEMÁN (ONCORAD),2020-12,6,5,5
CLÍNICA SANATORIO ALEMÁN (ONCORAD),2021-01,6,6,6
CLÍNICA SANATORIO ALEMÁN (ONCORAD),2021-02,2,2,2
CLÍNICA SANATORIO ALEMÁN (ONCORAD),2021-03,1,1,1
CLÍNICA SANATORIO ALEMÁN (ONCORAD),2021-04,3,3,3
CLÍNICA SANATORIO ALEMÁN (ONCORAD),2021-05,1,1,1
CLÍNICA SANATORIO ALEMÁN (ONCORAD),2021-06,1,1,1
CLÍNICA SANATORIO ALEMÁN (ONCORAD),2021-08,1,1,1
CLÍNICA SANATORIO ALEMÁN (ONCORAD),2021-09,2,2,2
CLÍNICA SANATORIO ALEMÁN (ONCORAD),2021-10,1,1,1
CLÍNICA SANATORIO ALEMÁN (ONCORAD),2021-11,4,3,3
CLÍNICA SANATORIO ALEMÁN (ONCORAD),2021-12,3,3,3
CLÍNICA SANATORIO ALEMÁN (ONCORAD),2022-02,1,1,1
CLÍNICA SANATORIO ALEMÁN (ONCORAD),2022-03,1,1,1
CLÍNICA SANATORIO ALEMÁN (ONCORAD),2022-04,3,1,1
CLÍNICA SANATORIO ALEMÁN (ONCORAD),2022-05,1,1,1
CLÍNICA SANATORIO ALEMÁN (ONCORAD),2022-06,1,1,1
CLÍNICA SANATORIO ALEMÁN (ONCORAD),2022-07,2,2,2
CLÍNICA SANATORIO ALEMÁN (ONCORAD),2022-08,2,2,2
CLÍNICA SANATORIO ALEMÁN (ONCORAD),2022-09,3,3,3
CLÍNICA SANATORIO ALEMÁN (ONCORAD),2022-11,8,8,7
CLÍNICA SANATORIO ALEMÁN (ONCORAD),2022-12,6,6,5
CLÍNICA SANATORIO ALEMÁN (ONCORAD),2023-01,3,2,2
CLÍNICA SANATORIO ALEMÁN (ONCORAD),2023-02,1,1,1
CLÍNICA SANATORIO ALEMÁN (ONCORAD),2023-03,4,2,1
CLÍNICA SANATORIO ALEMÁN (ONCORAD),2023-04,4,4,3
CLÍNICA SANATORIO ALEMÁN (ONCORAD),2023-05,4,4,4
CLÍNICA SANATORIO ALEMÁN (ONCORAD),2023-07,5,5,3
CLÍNICA SANATORIO ALEMÁN (ONCORAD),2023-09,2,2,2
CLÍNICA SANATORIO ALEMÁN (ONCORAD),2023-10,1,1,1
CLÍNICA SANATORIO ALEMÁN (ONCORAD),2023-11,2,2,2
CLÍNICA SANATORIO ALEMÁN (ONCORAD),2024-01,5,5,5
CLÍNICA SANATORIO ALEMÁN (ONCORAD),2024-03,6,6,4
CLÍNICA SANATORIO ALEMÁN (ONCORAD),2024-04,2,2,1
CLÍNICA SANATORIO ALEMÁN (ONCORAD),2024-05,1,1,1
CLÍNICA SANATORIO ALEMÁN (ONCORAD),2024-07,2,2,1
CLÍNICA SANATORIO ALEMÁN (ONCORAD),2024-08,2,2,1
CLÍNICA SANATORIO ALEMÁN (ONCORAD),2024-10,2,2,2
CLÍNICA SANATORIO ALEMÁN (ONCORAD),2024-11,2,2,2
CLÍNICA SANATORIO ALEMÁN (ONCORAD),2024-12,2,2,2
CLÍNICA SANATORIO ALEMÁN (ONCORAD),2025-01,3,2,2
CLÍNICA SANATORIO ALEMÁN (ONCORAD),2025-02,3,3,2
CLÍNICA SANATORIO ALEMÁN (ONCORAD),2025-03,2,2,2
CLÍNICA SANATORIO ALEMÁN (ONCORAD),2025-05,5,3,1
CLÍNICA SANATORIO ALEMÁN (ONCORAD),2025-06,3,2,0
CLÍNICA SANATORIO ALEMÁN (ONCORAD),2025-07,1,1,0
CLÍNICA SANATORIO ALEMÁN (ONCORAD),2025-08,1,1,1
CLÍNICA SANATORIO ALEMÁN (ONCORAD),2025-09,2,0,0
CLÍNICA SANATORIO ALEMÁN (ONCORAD),2025-10,3,2,1
CLÍNICA SANATORIO ALEMÁN (ONCORAD),2025-12,3,1,0
CLÍNICA SANATORIO ALEMÁN (ONCORAD),2026-01,7,3,3
CLÍNICA SANATORIO ALEMÁN (ONCORAD),2026-02,3,0,0
CLÍNICA SANATORIO ALEMÁN (ONCORAD),2026-03,8,0,0
CLÍNICA SANATORIO ALEMÁN (ONCORAD),2026-04,3,1,0
CLÍNICA SANATORIO ALEMÁN (ONCORAD),2026-05,2,0,0
CLÍNICA SANATORIO ALEMÁN (ONCORAD),2026-06,1,0,0
CLÍNICA SANATORIO ALEMÁN (ONCORAD),2026-07,2,0,0
Control Dosimetrico Linac HCM,2021-03,1,1,1
EYG MEDICAL SYSTEMS LTDA.,2018-08,17,8,8
EYG MEDICAL SYSTEMS LTDA.,2020-08,1,0,0
EYG MEDICAL SYSTEMS LTDA.,2021-01,1,0,0
EYG MEDICAL SYSTEMS LTDA.,2022-09,3,0,0
EYG MEDICAL SYSTEMS LTDA.,2023-06,2,0,0
EYG MEDICAL SYSTEMS LTDA.,2025-05,1,0,0
FUNDACION ARTURO LOPEZ PEREZ,2018-08,7,3,3
FUNDACION ARTURO LOPEZ PEREZ,2018-09,10,5,5
FUNDACION ARTURO LOPEZ PEREZ,2018-10,9,5,4
FUNDACION ARTURO LOPEZ PEREZ,2018-11,12,9,8
FUNDACION ARTURO LOPEZ PEREZ,2018-12,15,8,7
FUNDACION ARTURO LOPEZ PEREZ,2019-01,7,6,4
FUNDACION ARTURO LOPEZ PEREZ,2019-02,3,1,1
FUNDACION ARTURO LOPEZ PEREZ,2019-03,11,10,8
FUNDACION ARTURO LOPEZ PEREZ,2019-04,8,5,4
FUNDACION ARTURO LOPEZ PEREZ,2019-05,7,5,5
FUNDACION ARTURO LOPEZ PEREZ,2019-06,6,3,2
FUNDACION ARTURO LOPEZ PEREZ,2019-07,14,8,7
FUNDACION ARTURO LOPEZ PEREZ,2019-08,10,7,6
FUNDACION ARTURO LOPEZ PEREZ,2019-09,11,8,8
FUNDACION ARTURO LOPEZ PEREZ,2019-10,10,3,3
FUNDACION ARTURO LOPEZ PEREZ,2019-11,8,4,3
FUNDACION ARTURO LOPEZ PEREZ,2019-12,20,12,11
FUNDACION ARTURO LOPEZ PEREZ,2020-01,15,8,7
FUNDACION ARTURO LOPEZ PEREZ,2020-02,11,7,7
FUNDACION ARTURO LOPEZ PEREZ,2020-03,7,3,2
FUNDACION ARTURO LOPEZ PEREZ,2020-04,4,3,2
FUNDACION ARTURO LOPEZ PEREZ,2020-05,3,2,2
FUNDACION ARTURO LOPEZ PEREZ,2020-06,11,5,4
FUNDACION ARTURO LOPEZ PEREZ,2020-07,7,3,1
FUNDACION ARTURO LOPEZ PEREZ,2020-08,13,6,4
FUNDACION ARTURO LOPEZ PEREZ,2020-09,16,8,6
FUNDACION ARTURO LOPEZ PEREZ,2020-10,9,3,2
FUNDACION ARTURO LOPEZ PEREZ,2020-11,16,5,4
FUNDACION ARTURO LOPEZ PEREZ,2020-12,11,5,5
FUNDACION ARTURO LOPEZ PEREZ,2021-01,9,4,4
FUNDACION ARTURO LOPEZ PEREZ,2021-02,5,3,3
FUNDACION ARTURO LOPEZ PEREZ,2021-03,15,4,3
FUNDACION ARTURO LOPEZ PEREZ,2021-04,8,3,1
FUNDACION ARTURO LOPEZ PEREZ,2021-05,7,3,2
FUNDACION ARTURO LOPEZ PEREZ,2021-06,6,1,1
FUNDACION ARTURO LOPEZ PEREZ,2021-07,7,4,3
FUNDACION ARTURO LOPEZ PEREZ,2021-08,7,2,1
FUNDACION ARTURO LOPEZ PEREZ,2021-09,14,7,5
FUNDACION ARTURO LOPEZ PEREZ,2021-10,3,1,1
FUNDACION ARTURO LOPEZ PEREZ,2021-11,7,3,3
FUNDACION ARTURO LOPEZ PEREZ,2021-12,16,5,1
FUNDACION ARTURO LOPEZ PEREZ,2022-01,16,5,3
FUNDACION ARTURO LOPEZ PEREZ,2022-02,3,2,2
FUNDACION ARTURO LOPEZ PEREZ,2022-03,9,4,2
FUNDACION ARTURO LOPEZ PEREZ,2022-04,13,6,5
FUNDACION ARTURO LOPEZ PEREZ,2022-05,8,1,1
FUNDACION ARTURO LOPEZ PEREZ,2022-06,6,2,2
FUNDACION ARTURO LOPEZ PEREZ,2022-07,5,2,1
FUNDACION ARTURO LOPEZ PEREZ,2022-08,7,4,3
FUNDACION ARTURO LOPEZ PEREZ,2022-09,8,3,0
FUNDACION ARTURO LOPEZ PEREZ,2022-10,16,7,7
FUNDACION ARTURO LOPEZ PEREZ,2022-11,12,6,1
FUNDACION ARTURO LOPEZ PEREZ,2022-12,10,5,4
FUNDACION ARTURO LOPEZ PEREZ,2023-01,8,6,5
FUNDACION ARTURO LOPEZ PEREZ,2023-02,16,5,3
FUNDACION ARTURO LOPEZ PEREZ,2023-03,18,1,1
FUNDACION ARTURO LOPEZ PEREZ,2023-04,9,3,3
FUNDACION ARTURO LOPEZ PEREZ,2023-05,14,12,8
FUNDACION ARTURO LOPEZ PEREZ,2023-06,7,3,2
FUNDACION ARTURO LOPEZ PEREZ,2023-07,8,2,0
FUNDACION ARTURO LOPEZ PEREZ,2023-08,8,2,1
FUNDACION ARTURO LOPEZ PEREZ,2023-09,10,4,3
FUNDACION ARTURO LOPEZ PEREZ,2023-10,7,4,2
FUNDACION ARTURO LOPEZ PEREZ,2023-11,6,2,2
FUNDACION ARTURO LOPEZ PEREZ,2023-12,13,5,4
FUNDACION ARTURO LOPEZ PEREZ,2024-01,12,5,2
FUNDACION ARTURO LOPEZ PEREZ,2024-02,4,2,2
FUNDACION ARTURO LOPEZ PEREZ,2024-03,7,4,3
FUNDACION ARTURO LOPEZ PEREZ,2024-04,9,0,0
FUNDACION ARTURO LOPEZ PEREZ,2024-05,15,5,4
FUNDACION ARTURO LOPEZ PEREZ,2024-06,1,0,0
FUNDACION ARTURO LOPEZ PEREZ,2024-07,10,4,0
FUNDACION ARTURO LOPEZ PEREZ,2024-08,12,4,4
FUNDACION ARTURO LOPEZ PEREZ,2024-09,6,2,1
FUNDACION ARTURO LOPEZ PEREZ,2024-10,4,2,2
FUNDACION ARTURO LOPEZ PEREZ,2024-11,10,1,0
FUNDACION ARTURO LOPEZ PEREZ,2024-12,11,1,1
FUNDACION ARTURO LOPEZ PEREZ,2025-01,23,5,4
FUNDACION ARTURO LOPEZ PEREZ,2025-02,6,3,3
FUNDACION ARTURO LOPEZ PEREZ,2025-03,12,4,3
FUNDACION ARTURO LOPEZ PEREZ,2025-04,10,1,1
FUNDACION ARTURO LOPEZ PEREZ,2025-05,11,4,2
FUNDACION ARTURO LOPEZ PEREZ,2025-06,7,4,1
FUNDACION ARTURO LOPEZ PEREZ,2025-07,17,2,1
FUNDACION ARTURO LOPEZ PEREZ,2025-08,8,0,0
FUNDACION ARTURO LOPEZ PEREZ,2025-09,2,0,0
FUNDACION ARTURO LOPEZ PEREZ,2025-10,5,1,1
FUNDACION ARTURO LOPEZ PEREZ,2025-11,5,1,0
FUNDACION ARTURO LOPEZ PEREZ,2025-12,4,0,0
FUNDACION ARTURO LOPEZ PEREZ,2026-01,1,1,0
FUNDACION ARTURO LOPEZ PEREZ,2026-02,3,0,0
FUNDACION ARTURO LOPEZ PEREZ,2026-03,10,1,0
FUNDACION ARTURO LOPEZ PEREZ,2026-04,5,1,1
FUNDACION ARTURO LOPEZ PEREZ,2026-05,1,1,1
FUNDACION ARTURO LOPEZ PEREZ,2026-06,6,0,0
FUNDACION ARTURO LOPEZ PEREZ,2026-07,9,1,0
HOSPITAL CARLOS VAN BUREN (SSVSA),2018-08,1,1,1
HOSPITAL CARLOS VAN BUREN (SSVSA),2018-09,5,5,4
HOSPITAL CARLOS VAN BUREN (SSVSA),2018-10,7,4,4
HOSPITAL CARLOS VAN BUREN (SSVSA),2018-11,6,4,3
HOSPITAL CARLOS VAN BUREN (SSVSA),2018-12,3,3,3
HOSPITAL CARLOS VAN BUREN (SSVSA),2019-01,8,7,5
HOSPITAL CARLOS VAN BUREN (SSVSA),2019-02,3,2,1
HOSPITAL CARLOS VAN BUREN (SSVSA),2019-03,6,3,3
HOSPITAL CARLOS VAN BUREN (SSVSA),2019-04,3,3,2
HOSPITAL CARLOS VAN BUREN (SSVSA),2019-05,3,3,1
HOSPITAL CARLOS VAN BUREN (SSVSA),2019-06,2,2,2
HOSPITAL CARLOS VAN BUREN (SSVSA),2019-07,4,3,3
HOSPITAL CARLOS VAN BUREN (SSVSA),2019-08,4,2,2
HOSPITAL CARLOS VAN BUREN (SSVSA),2019-09,4,4,4
HOSPITAL CARLOS VAN BUREN (SSVSA),2019-10,5,3,2
HOSPITAL CARLOS VAN BUREN (SSVSA),2019-11,2,1,1
HOSPITAL CARLOS VAN BUREN (SSVSA),2019-12,3,1,1
HOSPITAL CARLOS VAN BUREN (SSVSA),2020-01,3,3,3
HOSPITAL CARLOS VAN BUREN (SSVSA),2020-02,1,1,1
HOSPITAL CARLOS VAN BUREN (SSVSA),2020-03,4,4,3
HOSPITAL CARLOS VAN BUREN (SSVSA),2020-04,2,1,1
HOSPITAL CARLOS VAN BUREN (SSVSA),2020-05,4,4,3
HOSPITAL CARLOS VAN BUREN (SSVSA),2020-06,1,1,1
HOSPITAL CARLOS VAN BUREN (SSVSA),2020-07,4,4,3
HOSPITAL CARLOS VAN BUREN (SSVSA),2020-08,2,1,0
HOSPITAL CARLOS VAN BUREN (SSVSA),2020-09,1,1,1
HOSPITAL CARLOS VAN BUREN (SSVSA),2020-10,4,4,4
HOSPITAL CARLOS VAN BUREN (SSVSA),2020-11,5,4,4
HOSPITAL CARLOS VAN BUREN (SSVSA),2020-12,3,3,3
HOSPITAL CARLOS VAN BUREN (SSVSA),2021-01,3,1,1
HOSPITAL CARLOS VAN BUREN (SSVSA),2021-02,1,1,1
HOSPITAL CARLOS VAN BUREN (SSVSA),2021-03,4,3,2
HOSPITAL CARLOS VAN BUREN (SSVSA),2021-04,2,2,2
HOSPITAL CARLOS VAN BUREN (SSVSA),2021-05,1,1,1
HOSPITAL CARLOS VAN BUREN (SSVSA),2021-06,1,1,0
HOSPITAL CARLOS VAN BUREN (SSVSA),2021-07,1,0,0
HOSPITAL CARLOS VAN BUREN (SSVSA),2021-08,3,3,2
HOSPITAL CARLOS VAN BUREN (SSVSA),2021-09,2,2,2
HOSPITAL CARLOS VAN BUREN (SSVSA),2021-10,12,11,10
HOSPITAL CARLOS VAN BUREN (SSVSA),2021-11,4,4,2
HOSPITAL CARLOS VAN BUREN (SSVSA),2021-12,4,4,4
HOSPITAL CARLOS VAN BUREN (SSVSA),2022-01,4,2,2
HOSPITAL CARLOS VAN BUREN (SSVSA),2022-02,4,4,3
HOSPITAL CARLOS VAN BUREN (SSVSA),2022-03,4,1,1
HOSPITAL CARLOS VAN BUREN (SSVSA),2022-04,8,6,6
HOSPITAL CARLOS VAN BUREN (SSVSA),2022-05,1,1,1
HOSPITAL CARLOS VAN BUREN (SSVSA),2022-06,3,2,2
HOSPITAL CARLOS VAN BUREN (SSVSA),2022-07,2,2,2
HOSPITAL CARLOS VAN BUREN (SSVSA),2022-08,4,3,3
HOSPITAL CARLOS VAN BUREN (SSVSA),2022-09,3,3,3
HOSPITAL CARLOS VAN BUREN (SSVSA),2022-10,3,3,2
HOSPITAL CARLOS VAN BUREN (SSVSA),2022-11,10,7,7
HOSPITAL CARLOS VAN BUREN (SSVSA),2022-12,1,1,1
HOSPITAL CARLOS VAN BUREN (SSVSA),2023-01,5,5,4
HOSPITAL CARLOS VAN BUREN (SSVSA),2023-03,2,2,2
HOSPITAL CARLOS VAN BUREN (SSVSA),2023-04,8,6,5
HOSPITAL CARLOS VAN BUREN (SSVSA),2023-05,2,2,2
HOSPITAL CARLOS VAN BUREN (SSVSA),2023-06,4,3,3
HOSPITAL CARLOS VAN BUREN (SSVSA),2023-07,2,2,2
HOSPITAL CARLOS VAN BUREN (SSVSA),2023-08,7,7,4
HOSPITAL CARLOS VAN BUREN (SSVSA),2023-09,3,3,0
HOSPITAL CARLOS VAN BUREN (SSVSA),2023-10,2,2,1
HOSPITAL CARLOS VAN BUREN (SSVSA),2023-11,2,0,0
HOSPITAL CARLOS VAN BUREN (SSVSA),2023-12,1,1,1
HOSPITAL CARLOS VAN BUREN (SSVSA),2024-01,10,7,3
HOSPITAL CARLOS VAN BUREN (SSVSA),2024-02,4,4,2
HOSPITAL CARLOS VAN BUREN (SSVSA),2024-03,3,3,2
HOSPITAL CARLOS VAN BUREN (SSVSA),2024-04,12,12,10
HOSPITAL CARLOS VAN BUREN (SSVSA),2024-05,4,4,1
HOSPITAL CARLOS VAN BUREN (SSVSA),2024-06,3,3,2
HOSPITAL CARLOS VAN BUREN (SSVSA),2024-07,2,2,1
HOSPITAL CARLOS VAN BUREN (SSVSA),2024-08,7,6,5
HOSPITAL CARLOS VAN BUREN (SSVSA),2024-09,1,0,0
HOSPITAL CARLOS VAN BUREN (SSVSA),2024-10,4,4,3
HOSPITAL CARLOS VAN BUREN (SSVSA),2024-11,6,0,0
HOSPITAL CARLOS VAN BUREN (SSVSA),2024-12,4,1,1
HOSPITAL CARLOS VAN BUREN (SSVSA),2025-01,2,0,0
HOSPITAL CARLOS VAN BUREN (SSVSA),2025-02,3,1,0
HOSPITAL CARLOS VAN BUREN (SSVSA),2025-03,5,2,0
HOSPITAL CARLOS VAN BUREN (SSVSA),2025-04,4,1,0
HOSPITAL CARLOS VAN BUREN (SSVSA),2025-06,4,0,0
HOSPITAL CARLOS VAN BUREN (SSVSA),2025-07,2,1,0
HOSPITAL CARLOS VAN BUREN (SSVSA),2025-08,2,2,0
HOSPITAL CARLOS VAN BUREN (SSVSA),2025-09,1,1,0
HOSPITAL CARLOS VAN BUREN (SSVSA),2025-10,5,1,0
HOSPITAL CARLOS VAN BUREN (SSVSA),2025-11,7,5,3
HOSPITAL CARLOS VAN BUREN (SSVSA),2025-12,5,0,0
HOSPITAL CARLOS VAN BUREN (SSVSA),2026-01,10,2,1
HOSPITAL CARLOS VAN BUREN (SSVSA),2026-02,4,0,0
HOSPITAL CARLOS VAN BUREN (SSVSA),2026-03,6,0,0
HOSPITAL CARLOS VAN BUREN (SSVSA),2026-04,10,1,0
HOSPITAL CARLOS VAN BUREN (SSVSA),2026-05,3,1,0
HOSPITAL CARLOS VAN BUREN (SSVSA),2026-06,5,4,1
HOSPITAL CARLOS VAN BUREN (SSVSA),2026-07,5,2,0
HOSPITAL EXEQUIEL GONZÁLEZ CORTÉS,2024-06,7,6,6
Hospital Regional de Coyhaique,2026-03,1,1,1
HOSPITAL REGIONAL DE TALCA,2019-07,2,0,0
INRAD,2018-09,1,1,1
INRAD,2018-10,1,1,1
INRAD,2018-11,4,2,1
INRAD,2018-12,1,1,1
INRAD,2019-03,2,1,1
INRAD,2019-04,1,0,0
INRAD,2019-07,2,2,2
INRAD,2019-08,2,2,2
INRAD,2020-01,1,1,1
INRAD,2020-02,1,1,1
INRAD,2020-04,1,1,1
INRAD,2020-05,1,1,1
INRAD,2020-07,1,1,1
INRAD,2020-08,3,1,1
INRAD,2020-09,1,1,0
INRAD,2020-10,2,2,1
INRAD,2020-11,3,1,0
INRAD,2021-01,1,0,0
INRAD,2021-02,2,1,1
INRAD,2021-03,4,3,2
INRAD,2021-04,1,0,0
INRAD,2021-05,9,4,2
INRAD,2021-06,1,1,0
INRAD,2021-08,2,1,1
INRAD,2021-09,1,1,0
INRAD,2021-10,2,1,1
INRAD,2021-11,3,1,1
INRAD,2021-12,1,0,0
INRAD,2022-01,1,1,0
INRAD,2022-06,2,0,0
INRAD,2022-07,2,1,1
INRAD,2022-08,2,1,1
INRAD,2022-09,2,2,2
INRAD,2022-10,1,1,1
INRAD,2022-11,1,0,0
INRAD,2022-12,1,1,1
INRAD,2023-03,1,1,1
INRAD,2023-04,2,0,0
INRAD,2023-06,1,0,0
INRAD,2023-08,2,0,0
INRAD,2023-10,3,1,1
INRAD,2023-11,3,0,0
INRAD,2024-02,5,1,1
INRAD,2024-03,1,1,1
INRAD,2024-04,1,0,0
INRAD,2024-05,1,1,1
INRAD,2024-06,1,0,0
INRAD,2024-07,3,0,0
INRAD,2024-08,5,0,0
INRAD,2024-09,3,1,1
INRAD,2024-10,2,1,1
INRAD,2024-11,3,1,0
INRAD,2024-12,1,1,0
INRAD,2025-02,2,0,0
INRAD,2025-03,4,1,1
INRAD,2025-04,7,0,0
INRAD,2025-05,2,0,0
INRAD,2025-07,1,0,0
INRAD,2025-09,1,0,0
INRAD,2025-10,1,1,1
INRAD,2025-11,3,2,2
INRAD,2025-12,2,1,1
INRAD,2026-01,4,2,1
INRAD,2026-03,4,0,0
INRAD,2026-06,1,0,0
INRAD,2026-08,1,1,0
INSTITUTO DE SALUD PUBLICA (ISP),2018-09,1,1,1
INSTITUTO DE SALUD PUBLICA (ISP),2018-12,1,1,1
INSTITUTO DE SALUD PUBLICA (ISP),2019-05,1,1,1
INSTITUTO DE SALUD PUBLICA (ISP),2021-01,1,1,1
INSTITUTO DE SALUD PUBLICA (ISP),2021-02,1,1,1
INSTITUTO DE SALUD PUBLICA (ISP),2021-04,2,0,0
INSTITUTO DE SALUD PUBLICA (ISP),2021-06,1,0,0
INSTITUTO DE SALUD PUBLICA (ISP),2021-07,3,0,0
INSTITUTO DE SALUD PUBLICA (ISP),2021-10,1,1,1
INSTITUTO DE SALUD PUBLICA (ISP),2021-11,1,0,0
INSTITUTO DE SALUD PUBLICA (ISP),2021-12,1,1,1
INSTITUTO DE SALUD PUBLICA (ISP),2022-03,1,1,1
INSTITUTO DE SALUD PUBLICA (ISP),2022-06,2,1,1
INSTITUTO DE SALUD PUBLICA (ISP),2022-09,2,2,2
INSTITUTO DE SALUD PUBLICA (ISP),2023-03,3,1,1
INSTITUTO DE SALUD PUBLICA (ISP),2023-07,1,1,1
INSTITUTO DE SALUD PUBLICA (ISP),2023-08,1,0,0
INSTITUTO DE SALUD PUBLICA (ISP),2023-09,1,1,1
INSTITUTO DE SALUD PUBLICA (ISP),2024-02,1,1,1
INSTITUTO DE SALUD PUBLICA (ISP),2025-06,1,1,1
INSTITUTO DE SALUD PUBLICA (ISP),2025-10,1,1,1
INSTITUTO DE SALUD PUBLICA (ISP),2026-01,1,0,0
Instituto Nacional del Cáncer (INC),2019-06,2,0,0
Instituto Nacional del Cáncer (INC),2021-04,1,0,0
Instituto Nacional del Cáncer (INC),2021-08,3,1,1
Instituto Nacional del Cáncer (INC),2021-09,5,4,4
Instituto Nacional del Cáncer (INC),2021-10,1,0,0
Instituto Nacional del Cáncer (INC),2021-11,3,3,1
Instituto Nacional del Cáncer (INC),2021-12,1,1,0
Instituto Nacional del Cáncer (INC),2022-01,4,0,0
Instituto Nacional del Cáncer (INC),2022-02,8,1,1
Instituto Nacional del Cáncer (INC),2022-03,1,0,0
Instituto Nacional del Cáncer (INC),2022-04,4,3,1
Instituto Nacional del Cáncer (INC),2022-05,7,2,2
Instituto Nacional del Cáncer (INC),2022-06,2,2,1
Instituto Nacional del Cáncer (INC),2022-07,3,2,1
Instituto Nacional del Cáncer (INC),2022-08,2,1,1
Instituto Nacional del Cáncer (INC),2022-09,8,2,2
Instituto Nacional del Cáncer (INC),2022-10,5,1,1
Instituto Nacional del Cáncer (INC),2022-11,1,1,0
Instituto Nacional del Cáncer (INC),2022-12,2,1,1
Instituto Nacional del Cáncer (INC),2023-01,1,0,0
Instituto Nacional del Cáncer (INC),2023-02,1,1,1
Instituto Nacional del Cáncer (INC),2023-03,1,0,0
Instituto Nacional del Cáncer (INC),2023-04,4,3,3
Instituto Nacional del Cáncer (INC),2023-05,2,0,0
Instituto Nacional del Cáncer (INC),2023-06,4,1,1
Instituto Nacional del Cáncer (INC),2023-07,2,1,1
Instituto Nacional del Cáncer (INC),2023-08,5,3,3
Instituto Nacional del Cáncer (INC),2023-09,2,2,0
Instituto Nacional del Cáncer (INC),2023-10,3,2,1
Instituto Nacional del Cáncer (INC),2023-11,3,1,1
Instituto Nacional del Cáncer (INC),2023-12,2,1,1
Instituto Nacional del Cáncer (INC),2024-01,4,3,0
Instituto Nacional del Cáncer (INC),2024-02,7,4,0
Instituto Nacional del Cáncer (INC),2024-03,7,1,0
Instituto Nacional del Cáncer (INC),2024-04,10,2,1
Instituto Nacional del Cáncer (INC),2024-05,6,3,1
Instituto Nacional del Cáncer (INC),2024-06,6,2,1
Instituto Nacional del Cáncer (INC),2024-07,4,3,1
Instituto Nacional del Cáncer (INC),2024-08,4,2,1
Instituto Nacional del Cáncer (INC),2024-09,2,0,0
Instituto Nacional del Cáncer (INC),2024-10,5,2,1
Instituto Nacional del Cáncer (INC),2024-11,7,2,0
Instituto Nacional del Cáncer (INC),2024-12,6,4,2
Instituto Nacional del Cáncer (INC),2025-01,2,0,0
Instituto Nacional del Cáncer (INC),2025-02,8,4,2
Instituto Nacional del Cáncer (INC),2025-03,5,5,1
Instituto Nacional del Cáncer (INC),2025-04,7,2,1
Instituto Nacional del Cáncer (INC),2025-05,6,2,1
Instituto Nacional del Cáncer (INC),2025-06,6,2,2
Instituto Nacional del Cáncer (INC),2025-07,11,7,2
Instituto Nacional del Cáncer (INC),2025-08,4,1,1
Instituto Nacional del Cáncer (INC),2025-09,1,0,0
Instituto Nacional del Cáncer (INC),2025-10,6,3,1
Instituto Nacional del Cáncer (INC),2025-11,5,2,0
Instituto Nacional del Cáncer (INC),2025-12,4,2,0
Instituto Nacional del Cáncer (INC),2026-01,8,2,0
Instituto Nacional del Cáncer (INC),2026-02,7,3,0
Instituto Nacional del Cáncer (INC),2026-03,8,6,2
Instituto Nacional del Cáncer (INC),2026-04,2,1,0
Instituto Nacional del Cáncer (INC),2026-05,13,5,2
Instituto Nacional del Cáncer (INC),2026-06,5,1,0
Instituto Nacional del Cáncer (INC),2026-07,1,0,0
Mantención Preventiva Anual Linac HCM,2021-03,1,1,1
Mantención Simulador Huestis HCM,2020-10,1,1,1
No indica,2026-03,2,1,1
No indica,2026-06,1,0,0
RADIO NUCLEAR,2019-01,2,1,1
RADIO NUCLEAR,2019-02,2,1,1
RADIO NUCLEAR,2019-03,2,2,2
RADIO NUCLEAR,2019-06,1,0,0
RADIO NUCLEAR,2019-07,1,1,1
RADIO NUCLEAR,2019-08,2,0,0
RADIO NUCLEAR,2019-09,1,0,0
RADIO NUCLEAR,2019-11,1,1,1
RADIO NUCLEAR,2020-01,2,2,1
RADIO NUCLEAR,2020-03,1,0,0
RADIO NUCLEAR,2020-04,1,1,0
RADIO NUCLEAR,2020-05,1,1,1
RADIO NUCLEAR,2020-06,2,1,0
RADIO NUCLEAR,2020-10,1,1,1
RADIO NUCLEAR,2020-12,1,1,1
RADIO NUCLEAR,2021-02,1,0,0
RADIO NUCLEAR,2021-03,1,0,0
RADIO NUCLEAR,2021-05,1,0,0
RADIO NUCLEAR,2021-08,2,0,0
RADIO NUCLEAR,2021-09,2,1,1
RADIO NUCLEAR,2021-10,1,0,0
RADIO NUCLEAR,2021-11,8,1,1
RADIO NUCLEAR,2021-12,2,0,0
RADIO NUCLEAR,2022-01,2,1,1
RADIO NUCLEAR,2022-02,3,0,0
RADIO NUCLEAR,2022-03,4,3,3
RADIO NUCLEAR,2022-04,5,2,2
RADIO NUCLEAR,2022-05,3,2,2
RADIO NUCLEAR,2022-06,2,0,0
RADIO NUCLEAR,2022-07,2,0,0
RADIO NUCLEAR,2022-12,1,0,0
RADIO NUCLEAR,2023-01,1,0,0
RADIO NUCLEAR,2024-03,1,0,0
RADIO NUCLEAR,2026-05,1,0,0
RADIO ONCOLOGÍA DEL SUR,2023-05,1,1,1
RADIO ONCOLOGÍA DEL SUR,2023-06,2,1,1
RADIO ONCOLOGÍA DEL SUR,2023-11,2,2,2
RADIO ONCOLOGÍA DEL SUR,2024-06,2,1,1
RADIO ONCOLOGÍA DEL SUR,2024-10,2,2,2
RADIO ONCOLOGÍA DEL SUR,2024-11,5,4,3
RADIO ONCOLOGÍA DEL SUR,2024-12,3,2,1
RADIO ONCOLOGÍA DEL SUR,2025-01,1,1,1
RADIO ONCOLOGÍA DEL SUR,2025-02,3,3,2
RADIO ONCOLOGÍA DEL SUR,2025-03,2,2,0
RADIO ONCOLOGÍA DEL SUR,2025-04,5,3,3
RADIO ONCOLOGÍA DEL SUR,2025-05,4,1,0
RADIO ONCOLOGÍA DEL SUR,2025-06,2,1,0
RADIO ONCOLOGÍA DEL SUR,2025-07,6,4,1
RADIO ONCOLOGÍA DEL SUR,2025-08,6,3,0
RADIO ONCOLOGÍA DEL SUR,2025-09,4,3,0
RADIO ONCOLOGÍA DEL SUR,2025-10,1,1,1
RADIO ONCOLOGÍA DEL SUR,2025-11,2,1,1
RADIO ONCOLOGÍA DEL SUR,2025-12,2,1,0
RADIO ONCOLOGÍA DEL SUR,2026-01,1,1,1
RADIO ONCOLOGÍA DEL SUR,2026-02,3,1,0
RADIO ONCOLOGÍA DEL SUR,2026-03,2,0,0
RADIO ONCOLOGÍA DEL SUR,2026-04,3,0,0
RADIO ONCOLOGÍA DEL SUR,2026-05,3,2,1
RADIO ONCOLOGÍA DEL SUR,2026-06,8,4,0
RADIO ONCOLOGÍA DEL SUR,2026-07,2,0,0
RADIO ONCOLOGÍA DEL SUR,2026-08,1,0,0
SERVICIO DE SALUD DE MAGALLANES,2018-11,1,1,1
SERVICIO DE SALUD DE MAGALLANES,2018-12,4,3,3
SERVICIO DE SALUD DE MAGALLANES,2019-01,3,3,3
SERVICIO DE SALUD DE MAGALLANES,2019-02,1,1,1
SERVICIO DE SALUD DE MAGALLANES,2019-03,5,4,4
SERVICIO DE SALUD DE MAGALLANES,2019-04,3,3,3
SERVICIO DE SALUD DE MAGALLANES,2019-05,2,2,2
SERVICIO DE SALUD DE MAGALLANES,2019-06,4,4,2
SERVICIO DE SALUD DE MAGALLANES,2019-07,2,2,2
SERVICIO DE SALUD DE MAGALLANES,2019-09,1,1,1
SERVICIO DE SALUD DE MAGALLANES,2019-10,2,2,2
SERVICIO DE SALUD DE MAGALLANES,2019-11,2,1,1
SERVICIO DE SALUD DE MAGALLANES,2019-12,1,1,1
SERVICIO DE SALUD DE MAGALLANES,2020-03,2,2,2
SERVICIO DE SALUD DE MAGALLANES,2020-05,1,1,1
SERVICIO DE SALUD DE MAGALLANES,2020-06,3,3,2
SERVICIO DE SALUD DE MAGALLANES,2020-07,4,4,4
SERVICIO DE SALUD DE MAGALLANES,2020-08,2,2,2
SERVICIO DE SALUD DE MAGALLANES,2020-09,1,1,1
SERVICIO DE SALUD DE MAGALLANES,2020-10,4,4,4
SERVICIO DE SALUD DE MAGALLANES,2020-11,2,2,2
SERVICIO DE SALUD DE MAGALLANES,2021-01,2,2,2
SERVICIO DE SALUD DE MAGALLANES,2021-02,2,2,2
SERVICIO DE SALUD DE MAGALLANES,2021-04,1,1,1
SERVICIO DE SALUD DE MAGALLANES,2021-05,2,2,2
SERVICIO DE SALUD DE MAGALLANES,2021-06,3,3,3
SERVICIO DE SALUD DE MAGALLANES,2021-07,1,1,1
SERVICIO DE SALUD DE MAGALLANES,2021-09,2,2,2
SERVICIO DE SALUD DE MAGALLANES,2021-10,1,1,1
SERVICIO DE SALUD DE MAGALLANES,2021-11,1,1,1
SERVICIO DE SALUD DE MAGALLANES,2022-01,1,1,1
SERVICIO DE SALUD DE MAGALLANES,2022-02,2,2,1
SERVICIO DE SALUD DE MAGALLANES,2022-03,1,1,1
SERVICIO DE SALUD DE MAGALLANES,2022-05,1,1,1
SERVICIO DE SALUD DE MAGALLANES,2022-07,1,1,1
SERVICIO DE SALUD DE MAGALLANES,2022-08,2,1,1
SERVICIO DE SALUD DE MAGALLANES,2022-11,2,2,2
SERVICIO DE SALUD DE MAGALLANES,2022-12,1,1,1
SERVICIO DE SALUD DE MAGALLANES,2023-02,3,1,1
SERVICIO DE SALUD DE MAGALLANES,2023-03,2,2,2
SERVICIO DE SALUD DE MAGALLANES,2023-04,1,1,1
SERVICIO DE SALUD DE MAGALLANES,2023-05,2,2,2
SERVICIO DE SALUD DE MAGALLANES,2023-06,1,0,0
SERVICIO DE SALUD DE MAGALLANES,2023-07,3,3,3
SERVICIO DE SALUD DE MAGALLANES,2023-08,3,3,3
SERVICIO DE SALUD DE MAGALLANES,2023-11,1,1,1
SERVICIO DE SALUD DE MAGALLANES,2024-06,2,1,1
SERVICIO DE SALUD DE MAGALLANES,2024-07,1,1,1
SERVICIO DE SALUD DE MAGALLANES,2024-08,3,2,2
SERVICIO DE SALUD DE MAGALLANES,2024-09,3,3,3
SERVICIO DE SALUD DE MAGALLANES,2024-11,3,2,2
SERVICIO DE SALUD DE MAGALLANES,2024-12,1,1,1
SERVICIO DE SALUD DE MAGALLANES,2025-02,2,2,2
SERVICIO DE SALUD DE MAGALLANES,2025-03,1,1,1
SERVICIO DE SALUD DE MAGALLANES,2025-04,1,1,0
SERVICIO DE SALUD DE MAGALLANES,2025-05,3,2,2
SERVICIO DE SALUD DE MAGALLANES,2025-06,1,0,0
SERVICIO DE SALUD DE MAGALLANES,2025-07,4,1,1
SERVICIO DE SALUD DE MAGALLANES,2025-08,4,3,3
SERVICIO DE SALUD DE MAGALLANES,2025-09,4,2,2
SERVICIO DE SALUD DE MAGALLANES,2025-10,5,5,3
SERVICIO DE SALUD DE MAGALLANES,2025-11,2,1,0
SERVICIO DE SALUD DE MAGALLANES,2025-12,2,0,0
SERVICIO DE SALUD DE MAGALLANES,2026-01,1,0,0
SERVICIO DE SALUD DE MAGALLANES,2026-02,3,0,0
SERVICIO DE SALUD DE MAGALLANES,2026-03,9,6,6
SERVICIO DE SALUD DE MAGALLANES,2026-04,3,3,3
SERVICIO DE SALUD DE MAGALLANES,2026-05,1,1,1
SERVICIO DE SALUD DE MAGALLANES,2026-06,2,1,1
Tecnoimagen S.A.,2025-11,1,1,1
Test,2018-08,1,1,1
TORRE MÉDICA - RANCAGUA,2018-10,1,1,1
TORRE MÉDICA - RANCAGUA,2018-11,2,2,2
TORRE MÉDICA - RANCAGUA,2019-01,1,1,1
TORRE MÉDICA - RANCAGUA,2019-02,4,4,2
TORRE MÉDICA - RANCAGUA,2019-06,1,1,1
TORRE MÉDICA - RANCAGUA,2019-07,1,1,1
TORRE MÉDICA - RANCAGUA,2019-08,4,4,3
TORRE MÉDICA - RANCAGUA,2019-10,1,1,1
TORRE MÉDICA - RANCAGUA,2019-11,2,2,2
TORRE MÉDICA - RANCAGUA,2020-01,1,1,1
TORRE MÉDICA - RANCAGUA,2020-03,1,1,1
TORRE MÉDICA - RANCAGUA,2020-06,5,3,3
TORRE MÉDICA - RANCAGUA,2020-07,3,0,0
TORRE MÉDICA - RANCAGUA,2020-08,1,0,0
TORRE MÉDICA - RANCAGUA,2020-09,1,1,1
TORRE MÉDICA - RANCAGUA,2021-03,2,2,2
TORRE MÉDICA - RANCAGUA,2021-06,1,0,0
TORRE MÉDICA - RANCAGUA,2021-07,3,2,2
TORRE MÉDICA - RANCAGUA,2021-08,3,2,2
TORRE MÉDICA - RANCAGUA,2022-01,1,0,0
TORRE MÉDICA - RANCAGUA,2022-04,3,2,1
TORRE MÉDICA - RANCAGUA,2022-07,1,1,1
TORRE MÉDICA - RANCAGUA,2023-03,2,0,0
TORRE MÉDICA - RANCAGUA,2023-04,4,3,3
TORRE MÉDICA - RANCAGUA,2023-05,2,2,2
TORRE MÉDICA - RANCAGUA,2023-06,2,2,2
TORRE MÉDICA - RANCAGUA,2023-10,6,1,1
UC CHRISTUS - CECA,2018-09,1,1,0
UC CHRISTUS - CECA,2018-10,6,6,5
UC CHRISTUS - CECA,2018-11,5,2,2
UC CHRISTUS - CECA,2018-12,7,3,3
UC CHRISTUS - CECA,2019-01,3,2,1
UC CHRISTUS - CECA,2019-02,1,1,1
UC CHRISTUS - CECA,2019-03,3,3,0
UC CHRISTUS - CECA,2019-04,4,3,3
UC CHRISTUS - CECA,2019-05,2,2,2
UC CHRISTUS - CECA,2019-06,2,1,1
UC CHRISTUS - CECA,2019-07,1,1,1
UC CHRISTUS - CECA,2019-08,3,0,0
UC CHRISTUS - CECA,2019-09,1,1,1
UC CHRISTUS - CECA,2019-10,1,0,0
UC CHRISTUS - CECA,2019-11,10,3,3
UC CHRISTUS - CECA,2019-12,5,5,5
UC CHRISTUS - CECA,2020-01,2,1,1
UC CHRISTUS - CECA,2020-02,4,2,2
UC CHRISTUS - CECA,2020-03,5,2,2
UC CHRISTUS - CECA,2020-04,4,3,2
UC CHRISTUS - CECA,2020-05,3,1,1
UC CHRISTUS - CECA,2020-06,4,0,0
UC CHRISTUS - CECA,2020-07,5,1,0
UC CHRISTUS - CECA,2020-08,3,1,1
UC CHRISTUS - CECA,2020-09,2,0,0
UC CHRISTUS - CECA,2020-10,1,0,0
UC CHRISTUS - CECA,2020-11,5,3,3
UC CHRISTUS - CECA,2020-12,4,3,1
UC CHRISTUS - CECA,2021-01,4,3,3
UC CHRISTUS - CECA,2021-02,3,1,1
UC CHRISTUS - CECA,2021-03,6,3,3
UC CHRISTUS - CECA,2021-04,2,0,0
UC CHRISTUS - CECA,2021-05,6,4,4
UC CHRISTUS - CECA,2021-06,7,5,3
UC CHRISTUS - CECA,2021-07,2,1,1
UC CHRISTUS - CECA,2021-08,2,1,1
UC CHRISTUS - CECA,2021-09,2,1,0
UC CHRISTUS - CECA,2021-10,5,4,4
UC CHRISTUS - CECA,2021-11,7,3,2
UC CHRISTUS - CECA,2021-12,5,1,0
UC CHRISTUS - CECA,2022-01,4,2,1
UC CHRISTUS - CECA,2022-02,2,2,2
UC CHRISTUS - CECA,2022-03,5,0,0
UC CHRISTUS - CECA,2022-04,3,2,1
UC CHRISTUS - CECA,2022-05,1,0,0
UC CHRISTUS - CECA,2022-06,4,2,2
UC CHRISTUS - CECA,2022-07,8,1,1
UC CHRISTUS - CECA,2022-08,9,3,2
UC CHRISTUS - CECA,2022-09,5,3,3
UC CHRISTUS - CECA,2022-10,10,3,2
UC CHRISTUS - CECA,2022-11,3,0,0
UC CHRISTUS - CECA,2022-12,5,3,2
UC CHRISTUS - CECA,2023-01,10,4,2
UC CHRISTUS - CECA,2023-02,6,1,1
UC CHRISTUS - CECA,2023-03,2,1,0
UC CHRISTUS - CECA,2023-04,5,2,2
UC CHRISTUS - CECA,2023-05,2,1,0
UC CHRISTUS - CECA,2023-06,1,0,0
UC CHRISTUS - CECA,2023-07,2,1,1
UC CHRISTUS - CECA,2023-08,10,5,4
UC CHRISTUS - CECA,2023-09,2,2,1
UC CHRISTUS - CECA,2023-10,2,0,0
UC CHRISTUS - CECA,2023-11,3,2,1
UC CHRISTUS - CECA,2023-12,2,0,0
UC CHRISTUS - CECA,2024-01,4,3,1
UC CHRISTUS - CECA,2024-02,10,4,3
UC CHRISTUS - CECA,2024-03,5,2,2
UC CHRISTUS - CECA,2024-04,9,6,5
UC CHRISTUS - CECA,2024-05,14,7,4
UC CHRISTUS - CECA,2024-06,11,8,3
UC CHRISTUS - CECA,2024-07,9,5,4
UC CHRISTUS - CECA,2024-08,14,7,4
UC CHRISTUS - CECA,2024-09,2,1,1
UC CHRISTUS - CECA,2024-10,10,4,3
UC CHRISTUS - CECA,2024-11,3,1,1
UC CHRISTUS - CECA,2024-12,5,2,0
UC CHRISTUS - CECA,2025-01,9,2,0
UC CHRISTUS - CECA,2025-02,7,5,3
UC CHRISTUS - CECA,2025-03,9,1,1
UC CHRISTUS - CECA,2025-04,13,3,1
UC CHRISTUS - CECA,2025-05,7,1,1
UC CHRISTUS - CECA,2025-06,3,1,0
UC CHRISTUS - CECA,2025-07,7,1,1
UC CHRISTUS - CECA,2025-08,7,7,3
UC CHRISTUS - CECA,2025-09,4,1,1
UC CHRISTUS - CECA,2025-10,5,0,0
UC CHRISTUS - CECA,2025-11,9,4,2
UC CHRISTUS - CECA,2025-12,5,1,0
UC CHRISTUS - CECA,2026-01,9,1,1
UC CHRISTUS - CECA,2026-02,8,4,0
UC CHRISTUS - CECA,2026-03,3,1,1
UC CHRISTUS - CECA,2026-04,4,0,0
UC CHRISTUS - CECA,2026-05,5,2,0
UC CHRISTUS - CECA,2026-06,11,5,0
UC CHRISTUS - CECA,2026-07,8,3,2
UC CHRISTUS - CECA,2026-08,1,1,1
UC CHRISTUS - SCA,2022-08,10,5,5
UC CHRISTUS - SCA,2022-09,3,2,2
UC CHRISTUS - SCA,2022-10,5,1,1
UC CHRISTUS - SCA,2022-11,5,1,1
UC CHRISTUS - SCA,2022-12,2,1,1
UC CHRISTUS - SCA,2023-01,3,0,0
UC CHRISTUS - SCA,2023-02,4,2,2
UC CHRISTUS - SCA,2023-03,3,2,2
UC CHRISTUS - SCA,2023-04,1,0,0
UC CHRISTUS - SCA,2023-05,7,4,4
UC CHRISTUS - SCA,2023-06,4,2,1
UC CHRISTUS - SCA,2023-07,3,1,1
UC CHRISTUS - SCA,2023-08,6,3,2
UC CHRISTUS - SCA,2023-09,4,1,0
UC CHRISTUS - SCA,2023-10,2,1,1
UC CHRISTUS - SCA,2023-11,2,1,0
UC CHRISTUS - SCA,2023-12,3,0,0
UC CHRISTUS - SCA,2024-01,3,1,0
UC CHRISTUS - SCA,2024-02,8,2,1
UC CHRISTUS - SCA,2024-03,10,2,2
UC CHRISTUS - SCA,2024-04,4,3,1
UC CHRISTUS - SCA,2024-05,7,6,4
UC CHRISTUS - SCA,2024-06,9,7,3
UC CHRISTUS - SCA,2024-07,5,3,1
UC CHRISTUS - SCA,2024-08,7,1,0
UC CHRISTUS - SCA,2024-09,4,0,0
UC CHRISTUS - SCA,2024-10,4,0,0
UC CHRISTUS - SCA,2024-11,2,1,0
UC CHRISTUS - SCA,2025-01,11,4,2
UC CHRISTUS - SCA,2025-02,3,2,0
UC CHRISTUS - SCA,2025-03,8,4,2
UC CHRISTUS - SCA,2025-04,5,0,0
UC CHRISTUS - SCA,2025-05,3,1,1
UC CHRISTUS - SCA,2025-06,5,4,1
UC CHRISTUS - SCA,2025-07,6,4,4
UC CHRISTUS - SCA,2025-08,4,2,2
UC CHRISTUS - SCA,2025-09,4,0,0
UC CHRISTUS - SCA,2025-10,7,2,0
UC CHRISTUS - SCA,2025-11,2,0,0
UC CHRISTUS - SCA,2025-12,3,1,1
UC CHRISTUS - SCA,2026-01,4,2,0
UC CHRISTUS - SCA,2026-02,4,0,0
UC CHRISTUS - SCA,2026-03,2,1,1
UC CHRISTUS - SCA,2026-04,5,1,0
UC CHRISTUS - SCA,2026-05,6,2,1
UC CHRISTUS - SCA,2026-06,5,0,0
UC CHRISTUS - SCA,2026-07,7,4,1